id,draws,unique,uniq_frac,length,score_mean,score_min,score_sd,recovery_mean,n_cys_ok,uniq_at_25,uniq_at_50,uniq_at_100,uniq_at_200,uniq_at_300,uniq_at_450,uniq_at_600
shard0_out_0,600,45,0.075,13,0.7746,0.6901,0.0428,0.0909,45,9,14,20,27,32,40,45
shard0_out_1,600,23,0.0383,13,0.7479,0.6381,0.0484,0.0044,23,4,6,6,14,17,19,23
shard0_out_10,600,123,0.205,12,1.0725,0.9529,0.052,0.1882,123,17,30,47,70,86,106,123
shard0_out_100,600,107,0.1783,13,0.9857,0.8815,0.0469,0.2895,107,15,26,43,60,73,93,107
shard0_out_101,600,273,0.455,10,1.5845,1.3943,0.0797,0.0971,273,23,39,74,119,153,217,273
shard0_out_102,600,30,0.05,10,0.9478,0.832,0.0523,0.1435,30,5,9,14,20,25,27,30
shard0_out_103,600,108,0.18,9,1.3185,1.1563,0.0833,0.0355,108,15,25,44,58,68,92,108
shard0_out_104,600,29,0.0483,10,1.0417,0.9233,0.0582,0.2462,29,7,9,14,19,22,27,29
shard0_out_105,600,317,0.5283,10,1.4911,1.3529,0.0691,0.15,317,24,47,82,142,196,258,317
shard0_out_106,600,296,0.4933,11,1.8103,1.5924,0.0967,0.0598,296,21,39,78,132,175,233,296
shard0_out_107,600,68,0.1133,9,1.196,1.0505,0.0735,0.1436,68,10,17,24,38,49,59,68
shard0_out_108,600,242,0.4033,13,1.2594,1.1421,0.0585,0.095,242,24,44,77,119,148,198,242
shard0_out_109,600,321,0.535,11,1.3993,1.242,0.0686,0.3276,321,22,38,71,129,191,268,321
shard0_out_11,600,74,0.1233,12,0.9116,0.8227,0.0472,0.0007,74,11,15,27,39,51,65,74
shard0_out_110,600,91,0.1517,10,1.1139,0.9936,0.069,0.1252,91,17,25,37,50,64,81,91
shard0_out_111,600,256,0.4267,12,1.3473,1.2045,0.0596,0.1002,256,24,44,76,129,158,213,256
shard0_out_112,600,357,0.595,14,1.4671,1.3309,0.0542,0.0947,357,25,46,87,158,212,287,357
shard0_out_113,600,42,0.07,11,0.9011,0.793,0.0505,0.1135,42,7,11,15,23,27,35,42
shard0_out_114,600,104,0.1733,11,1.04,0.9428,0.0509,0.2257,104,17,27,35,53,71,88,104
shard0_out_115,600,55,0.0917,12,0.9999,0.8995,0.0512,0.2058,55,9,14,20,28,35,45,55
shard0_out_116,600,166,0.2767,10,1.3187,1.1723,0.0654,0.1467,166,21,31,50,78,97,139,166
shard0_out_117,600,166,0.2767,10,1.4513,1.283,0.0726,0.1187,166,17,33,49,81,108,142,166
shard0_out_118,600,166,0.2767,11,1.3296,1.18,0.0687,0.3115,166,19,30,51,81,104,138,166
shard0_out_119,600,198,0.33,11,1.3016,1.1557,0.0621,0.0557,198,19,37,60,86,117,165,198
shard0_out_12,600,178,0.2967,12,1.5905,1.3996,0.0925,0.3085,178,18,34,52,82,106,143,178
shard0_out_120,600,221,0.3683,11,1.2505,1.1084,0.0645,0.1287,221,24,43,75,120,151,186,221
shard0_out_121,600,215,0.3583,13,1.2885,1.1306,0.0648,0.1809,215,19,32,59,100,133,172,215
shard0_out_122,600,526,0.8767,14,1.3555,1.1654,0.0749,0.2547,526,25,50,98,192,286,412,526
shard0_out_123,600,214,0.3567,12,1.2846,1.1695,0.055,0.0773,214,23,43,73,118,150,177,214
shard0_out_124,600,154,0.2567,13,1.2688,1.1658,0.0567,0.1447,154,18,28,46,77,100,133,154
shard0_out_125,600,71,0.1183,9,1.0701,0.9452,0.0589,0.2283,71,13,20,31,47,52,65,71
shard0_out_126,600,81,0.135,12,1.0642,0.9506,0.0551,0.1993,81,13,17,32,43,55,70,81
shard0_out_127,600,282,0.47,10,1.6376,1.449,0.089,0.17,282,25,44,74,133,174,233,282
shard0_out_128,600,72,0.12,12,1.0869,0.9678,0.0535,0.1412,72,13,22,31,42,51,62,72
shard0_out_129,600,115,0.1917,10,1.4964,1.3414,0.0938,0.0048,115,16,24,32,53,71,95,115
shard0_out_13,600,30,0.05,8,1.3211,1.1861,0.0699,0.1667,30,7,10,14,21,24,29,30
shard0_out_130,600,434,0.7233,12,1.4083,1.2864,0.0617,0.156,434,25,47,90,174,250,348,434
shard0_out_131,600,161,0.2683,11,1.2269,1.1177,0.0547,0.1476,161,21,33,58,84,106,138,161
shard0_out_132,600,121,0.2017,11,1.2311,1.1006,0.0639,0.0031,121,17,27,46,68,77,101,121
shard0_out_133,600,230,0.3833,10,1.3388,1.1702,0.0744,0.134,230,24,42,73,118,153,198,230
shard0_out_134,600,202,0.3367,12,1.3054,1.1661,0.0597,0.1998,202,18,39,61,99,131,173,202
shard0_out_135,600,157,0.2617,13,1.2021,1.0609,0.0599,0.1815,157,19,30,43,75,97,135,157
shard0_out_136,600,419,0.6983,10,1.6692,1.4941,0.0784,0.0904,419,25,48,93,161,233,332,419
shard0_out_137,600,73,0.1217,10,1.197,1.0774,0.0597,0.2369,73,14,18,26,37,51,58,73
shard0_out_138,600,144,0.24,10,1.26,1.1217,0.0659,0.345,144,14,26,45,68,87,115,144
shard0_out_139,600,144,0.24,11,1.3643,1.2141,0.0725,0.1728,144,18,27,44,68,88,120,144
shard0_out_14,600,108,0.18,10,1.2107,1.0629,0.0803,0.3721,108,11,24,35,52,71,92,108
shard0_out_140,600,179,0.2983,11,1.3874,1.2707,0.061,0.2637,179,21,31,56,85,114,147,179
shard0_out_141,600,244,0.4067,12,1.3586,1.2165,0.055,0.1625,244,21,38,68,109,145,202,244
shard0_out_142,600,175,0.2917,13,1.1438,1.0077,0.0573,0.0508,175,20,37,59,90,114,144,175
shard0_out_143,600,58,0.0967,9,1.1111,0.9711,0.0686,0.3393,58,9,15,23,35,42,48,58
shard0_out_144,600,55,0.0917,10,1.2132,1.0955,0.0594,0.2308,55,9,16,23,31,39,44,55
shard0_out_145,600,94,0.1567,12,1.0255,0.9325,0.0441,0.2002,94,22,30,41,50,61,78,94
shard0_out_146,600,127,0.2117,13,1.1485,1.0384,0.0456,0.1804,127,18,32,45,69,90,105,127
shard0_out_147,600,215,0.3583,11,1.3658,1.2423,0.057,0.1481,215,19,33,57,101,141,183,215
shard0_out_148,600,283,0.4717,11,1.2978,1.1502,0.0618,0.1409,283,24,40,74,127,174,229,283
shard0_out_149,600,111,0.185,11,1.314,1.1807,0.062,0.1642,111,16,24,41,60,69,93,111
shard0_out_15,600,212,0.3533,12,1.3637,1.2257,0.061,0.1212,212,15,29,47,85,121,172,212
shard0_out_150,600,275,0.4583,11,1.3971,1.239,0.0672,0.1691,275,22,43,75,127,168,225,275
shard0_out_151,600,80,0.1333,11,1.2452,1.1403,0.0583,0.0494,80,11,20,35,48,58,71,80
shard0_out_152,600,246,0.41,11,1.2432,1.108,0.0608,0.1665,246,21,42,76,115,152,205,246
shard0_out_153,600,447,0.745,12,1.4282,1.2732,0.0646,0.0008,447,25,47,89,170,248,355,447
shard0_out_154,600,127,0.2117,9,1.5069,1.3352,0.0953,0.1481,127,12,20,38,65,85,109,127
shard0_out_155,600,521,0.8683,13,1.4133,1.244,0.0688,0.1847,521,25,49,94,179,269,396,521
shard0_out_156,600,169,0.2817,11,1.3651,1.2167,0.0654,0.0159,169,20,38,55,93,111,143,169
shard0_out_157,600,246,0.41,12,1.46,1.1834,0.1181,0.2362,246,22,42,72,122,161,206,246
shard0_out_158,600,87,0.145,11,1.1359,1.0162,0.0573,0.2229,87,12,19,32,47,55,71,87
shard0_out_159,600,98,0.1633,11,1.0228,0.8653,0.0716,0.2618,98,18,27,36,55,69,86,98
shard0_out_16,600,231,0.385,12,1.4257,1.2966,0.0629,0.1673,231,22,39,66,107,148,193,231
shard0_out_160,600,526,0.8767,12,1.6225,1.4854,0.0627,0.2243,526,25,50,100,193,286,411,526
shard0_out_161,600,85,0.1417,9,1.2715,1.1264,0.0692,0.2957,85,16,23,34,48,58,73,85
shard0_out_162,600,98,0.1633,8,1.4631,1.2886,0.0766,0.0261,98,19,27,38,60,71,88,98
shard0_out_163,600,63,0.105,10,1.1871,1.031,0.0706,0.3169,63,12,19,28,37,45,54,63
shard0_out_164,600,271,0.4517,12,1.2871,1.1579,0.064,0.2015,271,19,39,70,117,157,222,271
shard0_out_165,600,62,0.1033,12,1.0396,0.9371,0.0462,0.194,62,11,20,27,38,44,56,62
shard0_out_166,600,184,0.3067,11,1.4912,1.3256,0.0783,0.2687,184,16,30,54,96,120,148,184
shard0_out_167,600,73,0.1217,8,1.4611,1.2953,0.0775,0.0047,73,15,22,33,44,51,62,73
shard0_out_168,600,65,0.1083,12,1.0587,0.9433,0.0589,0.1113,65,11,17,23,34,42,53,65
shard0_out_169,600,48,0.08,9,0.8192,0.7176,0.0571,0.1465,48,11,16,22,32,40,43,48
shard0_out_17,600,61,0.1017,12,1.044,0.9239,0.051,0.1503,61,10,17,22,37,48,53,61
shard0_out_170,600,193,0.3217,12,1.4349,1.2758,0.0686,0.3377,193,19,34,52,85,115,154,193
shard0_out_171,600,194,0.3233,13,1.2507,1.1293,0.0574,0.1773,194,20,36,61,94,126,162,194
shard0_out_172,600,160,0.2667,12,1.3161,1.1986,0.0631,0.1003,160,22,33,56,83,102,131,160
shard0_out_173,600,261,0.435,9,1.4835,1.3422,0.0676,0.1462,261,22,39,61,110,151,203,261
shard0_out_174,600,174,0.29,10,1.4753,1.3359,0.0697,0.1275,174,22,41,60,93,120,149,174
shard0_out_175,600,313,0.5217,12,1.3827,1.2338,0.0681,0.1257,313,23,41,79,137,190,251,313
shard0_out_176,600,39,0.065,9,0.9984,0.8624,0.0642,0.1431,39,8,9,17,24,30,36,39
shard0_out_177,600,279,0.465,13,1.4354,1.2687,0.0721,0.0983,279,21,37,67,113,161,226,279
shard0_out_178,600,129,0.215,10,1.3937,1.2569,0.0686,0.026,129,21,30,46,69,83,112,129
shard0_out_179,600,104,0.1733,11,1.0259,0.9134,0.0577,0.1689,104,17,27,41,55,71,84,104
shard0_out_18,600,16,0.0267,13,0.7673,0.6766,0.0432,0.1815,16,2,5,6,10,13,15,16
shard0_out_180,600,59,0.0983,12,0.9388,0.8294,0.0645,0.2067,59,10,15,22,29,40,50,59
shard0_out_181,600,252,0.42,10,1.3992,1.1829,0.0623,0.1323,252,24,41,75,120,162,207,252
shard0_out_182,600,153,0.255,11,1.1277,0.9954,0.0512,0.1402,153,20,34,56,85,102,129,153
shard0_out_183,600,561,0.935,14,1.5144,1.3466,0.0556,0.0873,561,25,50,98,192,288,430,561
shard0_out_184,600,151,0.2517,9,1.3675,1.2454,0.0546,0.0948,151,21,36,53,84,106,131,151
shard0_out_185,600,236,0.3933,12,1.2525,1.135,0.0569,0.2107,236,21,41,68,116,155,196,236
shard0_out_186,600,191,0.3183,13,1.1589,1.0214,0.0569,0.1363,191,19,35,59,94,118,161,191
shard0_out_187,600,438,0.73,12,1.551,1.3875,0.0698,0.19,438,25,48,90,166,239,343,438
shard0_out_188,600,98,0.1633,10,1.1611,0.9903,0.0593,0.1319,98,17,26,44,59,70,89,98
shard0_out_189,600,352,0.5867,10,1.4848,1.3183,0.0717,0.0025,352,25,45,83,155,206,279,352
shard0_out_19,600,205,0.3417,10,1.293,1.157,0.0594,0.0377,205,24,39,68,113,142,179,205
shard0_out_190,600,141,0.235,11,1.388,1.2441,0.0715,0.2152,141,16,25,45,72,87,113,141
shard0_out_191,600,196,0.3267,9,1.407,1.291,0.0651,0.2895,196,21,36,59,97,123,162,196
shard0_out_192,600,79,0.1317,10,1.2419,1.1045,0.0587,0.1631,79,13,20,34,50,57,70,79
shard0_out_193,600,73,0.1217,10,1.0182,0.8989,0.0668,0.2521,73,11,15,23,31,42,60,73
shard0_out_194,600,219,0.365,14,1.2132,1.103,0.0511,0.0937,219,23,37,65,99,136,176,219
shard0_out_195,600,310,0.5167,10,1.5414,1.3515,0.0876,0.0315,310,23,41,81,145,194,259,310
shard0_out_196,600,135,0.225,9,1.2848,1.0921,0.096,0.0795,135,15,26,40,62,80,111,135
shard0_out_197,600,38,0.0633,11,0.9047,0.7955,0.0453,0.1139,38,7,12,16,24,28,35,38
shard0_out_198,600,134,0.2233,11,1.2334,1.0744,0.0658,0.03,134,15,26,47,64,89,113,134
shard0_out_199,600,21,0.035,9,0.9156,0.776,0.0669,0.2857,21,7,8,10,13,17,21,21
shard0_out_2,600,469,0.7817,11,1.6947,1.3436,0.0957,0.1387,469,23,48,95,178,260,366,469
shard0_out_20,600,121,0.2017,12,1.0307,0.9236,0.0506,0.117,121,19,23,35,58,83,99,121
shard0_out_200,600,247,0.4117,11,1.2892,1.1174,0.0649,0.1128,247,22,37,64,120,153,202,247
shard0_out_201,600,39,0.065,9,1.1559,1.0151,0.0634,0.2857,39,6,12,16,23,27,33,39
shard0_out_202,600,115,0.1917,11,1.2446,1.085,0.0741,0.1592,115,13,17,30,56,76,95,115
shard0_out_203,600,90,0.15,10,1.3985,1.2366,0.0779,0.125,90,15,23,34,48,60,78,90
shard0_out_204,600,194,0.3233,10,1.5259,1.3725,0.0792,0.1065,194,15,32,59,100,123,158,194
shard0_out_205,600,267,0.445,11,1.3976,1.2726,0.0618,0.2205,267,22,42,75,115,163,224,267
shard0_out_206,600,55,0.0917,11,0.9376,0.8304,0.0519,0.1117,55,10,15,21,32,37,46,55
shard0_out_207,600,211,0.3517,10,1.4859,1.343,0.071,0.1369,211,21,39,65,103,128,176,211
shard0_out_208,600,50,0.0833,11,0.8676,0.7635,0.0467,0.1898,50,9,14,20,30,39,48,50
shard0_out_209,600,13,0.0217,8,1.0006,0.9024,0.0583,0.338,13,3,4,6,8,10,11,13
shard0_out_21,600,347,0.5783,11,1.6531,1.493,0.0763,0.1724,347,24,43,84,152,196,277,347
shard0_out_210,600,121,0.2017,9,1.356,1.2177,0.061,0.2897,121,18,30,50,74,83,107,121
shard0_out_211,600,243,0.405,11,1.4012,1.2536,0.0722,0.0942,243,21,36,63,113,149,194,243
shard0_out_212,600,55,0.0917,11,1.1117,0.9942,0.0678,0.2218,55,12,15,23,34,41,44,55
shard0_out_213,600,250,0.4167,10,1.4426,1.3001,0.0667,0.3271,250,24,42,79,125,164,209,250
shard0_out_214,600,117,0.195,11,1.1317,1.0093,0.0518,0.2652,117,16,27,41,56,73,93,117
shard0_out_215,600,174,0.29,11,1.195,1.0721,0.0738,0.1024,174,22,35,55,85,114,148,174
shard0_out_216,600,60,0.1,8,1.3266,1.1726,0.0948,0.3341,60,10,13,25,32,39,46,60
shard0_out_217,600,240,0.4,11,1.5505,1.3992,0.0686,0.2,240,19,34,67,110,155,198,240
shard0_out_218,600,402,0.67,12,1.4194,1.2952,0.054,0.0403,402,24,46,91,162,231,315,402
shard0_out_219,600,259,0.4317,12,1.338,1.1845,0.0761,0.2022,259,21,40,75,125,167,212,259
shard0_out_22,600,264,0.44,11,1.6178,1.3868,0.0963,0.1931,264,23,35,66,112,151,218,264
shard0_out_220,600,334,0.5567,11,1.436,1.2878,0.0744,0.112,334,24,45,80,146,197,266,334
shard0_out_221,600,123,0.205,13,1.0722,0.9249,0.061,0.3351,123,22,34,45,64,79,104,123
shard0_out_222,600,184,0.3067,13,1.241,1.1098,0.0583,0.1648,184,16,33,63,100,127,157,184
shard0_out_223,600,66,0.11,10,1.144,1.0018,0.0615,0.4981,66,16,24,29,37,45,54,66
shard0_out_224,600,63,0.105,10,1.128,0.9967,0.0654,0.0173,63,10,20,25,34,45,55,63
shard0_out_225,600,120,0.2,9,1.2492,1.1254,0.0639,0.1881,120,18,29,47,70,88,108,120
shard0_out_226,600,137,0.2283,11,1.3107,1.1632,0.0654,0.1054,137,16,29,49,77,96,119,137
shard0_out_227,600,234,0.39,14,1.2112,1.0863,0.0572,0.075,234,23,43,72,115,152,198,234
shard0_out_228,600,153,0.255,11,1.3918,1.2299,0.0746,0.3166,153,20,28,47,74,87,118,153
shard0_out_229,600,115,0.1917,12,1.1591,1.019,0.0617,0.0953,115,17,24,36,61,82,102,115
shard0_out_23,600,158,0.2633,10,1.3381,1.1966,0.069,0.2923,158,18,31,56,79,101,125,158
shard0_out_230,600,45,0.075,10,1.0187,0.8742,0.0731,0.0025,45,8,16,18,24,29,36,45
shard0_out_231,600,147,0.245,10,1.3492,1.1332,0.0954,0.2373,147,19,27,41,76,96,131,147
shard0_out_232,600,120,0.2,10,1.2255,1.1042,0.0632,0.1256,120,24,33,47,67,89,108,120
shard0_out_233,600,38,0.0633,8,1.2991,1.1779,0.0742,0.0103,38,7,9,13,20,26,33,38
shard0_out_234,600,23,0.0383,9,0.9262,0.7953,0.0565,0.1546,23,5,6,10,14,17,19,23
shard0_out_235,600,241,0.4017,10,1.4951,1.294,0.0883,0.4023,241,21,39,70,112,155,201,241
shard0_out_236,600,113,0.1883,12,1.2237,1.0989,0.0638,0.3747,113,15,22,41,57,73,89,113
shard0_out_237,600,9,0.015,9,0.8422,0.7391,0.0501,0.2826,9,2,2,2,5,6,8,9
shard0_out_238,600,206,0.3433,11,1.223,1.0503,0.0686,0.1128,206,23,36,59,101,133,176,206
shard0_out_239,600,361,0.6017,11,1.5645,1.3717,0.0711,0.0991,361,24,44,85,155,214,290,361
shard0_out_24,600,185,0.3083,12,1.3671,1.2434,0.0615,0.1457,185,19,38,61,96,127,153,185
shard0_out_240,600,118,0.1967,12,1.2248,1.0732,0.0703,0.0997,118,16,25,40,63,78,98,118
shard0_out_241,600,173,0.2883,10,1.3363,1.1604,0.079,0.171,173,17,31,55,90,109,145,173
shard0_out_242,600,306,0.51,11,1.5314,1.3406,0.0781,0.1109,306,24,45,80,138,183,244,306
shard0_out_243,600,88,0.1467,11,1.0401,0.8782,0.0652,0.215,88,13,19,31,44,59,70,88
shard0_out_244,600,70,0.1167,10,1.1343,1.0262,0.0586,0.3287,70,17,21,29,39,49,61,70
shard0_out_245,600,79,0.1317,9,1.4205,1.2917,0.0609,0.2369,79,15,25,35,51,62,72,79
shard0_out_246,600,154,0.2567,11,1.1217,0.9906,0.0576,0.23,154,23,33,54,82,102,130,154
shard0_out_247,600,145,0.2417,14,1.041,0.927,0.0479,0.0355,145,16,28,47,79,104,128,145
shard0_out_248,600,53,0.0883,9,1.1292,0.993,0.0739,0.2862,53,13,17,25,37,45,51,53
shard0_out_249,600,27,0.045,12,0.8271,0.753,0.0444,0.1008,27,3,7,14,18,22,26,27
shard0_out_25,600,163,0.2717,10,1.5202,1.3179,0.0874,0.1462,163,17,29,48,85,100,132,163
shard0_out_250,600,90,0.15,11,1.1458,1.0013,0.0721,0.3005,90,17,23,38,49,60,78,90
shard0_out_251,600,168,0.28,11,1.2517,1.1174,0.0696,0.2998,168,21,38,57,84,98,133,168
shard0_out_252,600,103,0.1717,12,1.0258,0.879,0.0854,0.4035,103,10,22,33,56,75,90,103
shard0_out_253,600,199,0.3317,11,1.2689,1.0892,0.0644,0.2341,199,20,38,65,100,134,169,199
shard0_out_254,600,168,0.28,13,1.2289,1.0912,0.0482,0.1018,168,20,36,54,86,115,146,168
shard0_out_255,600,41,0.0683,8,1.136,0.9901,0.063,0.2794,41,10,16,24,31,34,38,41
shard0_out_256,600,419,0.6983,11,1.8205,1.6208,0.0791,0.0594,419,23,44,86,160,230,333,419
shard0_out_257,600,189,0.315,9,1.4007,1.2215,0.0794,0.2857,189,18,38,60,89,116,156,189
shard0_out_258,600,162,0.27,10,1.4009,1.2287,0.0697,0.2467,162,20,32,52,77,102,133,162
shard0_out_259,600,340,0.5667,14,1.1954,1.0854,0.0493,0.2271,340,25,45,79,145,194,271,340
shard0_out_26,600,31,0.0517,8,0.8311,0.733,0.0546,0.1667,31,10,16,20,23,26,29,31
shard0_out_260,600,108,0.18,10,1.3611,1.1433,0.0734,0.2302,108,18,29,41,54,75,94,108
shard0_out_261,600,232,0.3867,9,1.6073,1.4261,0.0803,0.035,232,22,42,77,120,154,193,232
shard0_out_262,600,117,0.195,10,1.2241,1.0648,0.0591,0.0,117,18,26,41,55,74,95,117
shard0_out_263,600,162,0.27,12,1.1636,1.026,0.072,0.1898,162,18,30,55,90,104,136,162
shard0_out_264,600,352,0.5867,12,1.46,1.3315,0.0598,0.2182,352,24,47,88,158,214,288,352
shard0_out_265,600,394,0.6567,12,1.408,1.2384,0.0658,0.002,394,24,46,91,164,229,321,394
shard0_out_266,600,270,0.45,12,1.3125,1.1752,0.0615,0.1225,270,24,44,75,125,173,219,270
shard0_out_267,600,94,0.1567,10,1.1864,1.0657,0.0543,0.126,94,15,22,32,47,63,82,94
shard0_out_268,600,107,0.1783,10,1.1738,1.0438,0.0694,0.125,107,12,20,42,64,76,93,107
shard0_out_269,600,113,0.1883,11,1.1836,1.0,0.0685,0.3168,113,15,24,38,59,77,99,113
shard0_out_27,600,150,0.25,8,1.7355,1.498,0.1199,0.4261,150,17,29,46,71,93,122,150
shard0_out_270,600,42,0.07,12,0.8584,0.748,0.0487,0.2017,42,6,11,16,23,31,37,42
shard0_out_271,600,554,0.9233,11,1.8342,1.6569,0.0725,0.1128,554,25,50,98,194,288,424,554
shard0_out_272,600,150,0.25,12,1.084,0.9951,0.0435,0.2085,150,19,30,44,72,100,124,150
shard0_out_273,600,179,0.2983,10,1.3867,1.2664,0.066,0.1275,179,18,32,53,89,115,154,179
shard0_out_274,600,183,0.305,10,1.4192,1.2287,0.079,0.2006,183,14,27,54,82,111,148,183
shard0_out_275,600,338,0.5633,13,1.2271,1.0786,0.0587,0.2403,338,24,43,80,139,199,269,338
shard0_out_276,600,342,0.57,12,1.4843,1.2993,0.0764,0.1142,342,25,44,81,144,208,275,342
shard0_out_277,600,67,0.1117,11,1.0582,0.9455,0.0647,0.1596,67,10,17,25,40,47,58,67
shard0_out_278,600,59,0.0983,8,1.2914,1.1052,0.075,0.0511,59,14,22,32,42,47,53,59
shard0_out_279,600,64,0.1067,11,1.1323,0.9904,0.0612,0.2209,64,12,21,31,40,54,58,64
shard0_out_28,600,105,0.175,9,1.216,1.0775,0.0667,0.284,105,18,24,35,51,66,91,105
shard0_out_280,600,180,0.3,10,1.522,1.3338,0.084,0.0013,180,12,23,50,88,120,157,180
shard0_out_281,600,170,0.2833,12,1.244,1.1368,0.0567,0.0163,170,20,31,51,90,113,143,170
shard0_out_282,600,563,0.9383,12,1.7063,1.5584,0.0686,0.094,563,25,50,100,199,293,429,563
shard0_out_283,600,85,0.1417,10,1.2541,1.1255,0.0662,0.251,85,15,21,33,46,53,67,85
shard0_out_284,600,200,0.3333,10,1.4859,1.3198,0.0866,0.1767,200,20,36,58,95,132,169,200
shard0_out_285,600,173,0.2883,12,1.1976,0.9886,0.103,0.311,173,18,33,56,84,110,141,173
shard0_out_286,600,237,0.395,12,1.4501,1.241,0.0844,0.004,237,19,33,60,102,135,190,237
shard0_out_287,600,60,0.1,11,1.045,0.9027,0.0717,0.3033,60,10,13,18,31,39,51,60
shard0_out_288,600,74,0.1233,8,1.639,1.4742,0.0871,0.3253,74,16,19,33,45,54,66,74
shard0_out_289,600,25,0.0417,11,0.8877,0.7626,0.0554,0.2202,25,3,11,14,17,21,24,25
shard0_out_29,600,235,0.3917,13,1.2894,1.1453,0.0554,0.2501,235,23,40,68,114,149,194,235
shard0_out_290,600,24,0.04,11,0.8417,0.753,0.0537,0.2222,24,4,9,11,14,19,22,24
shard0_out_291,600,411,0.685,13,1.4035,1.2683,0.0623,0.1979,411,22,46,90,171,232,323,411
shard0_out_292,600,122,0.2033,9,1.2899,1.1551,0.0704,0.3007,122,13,22,39,55,72,102,122
shard0_out_293,600,119,0.1983,10,1.4644,1.3029,0.0713,0.39,119,16,27,45,66,85,99,119
shard0_out_294,600,88,0.1467,10,1.1881,1.0628,0.0581,0.1079,88,17,27,34,50,65,74,88
shard0_out_295,600,177,0.295,11,1.2149,1.084,0.0536,0.1748,177,21,39,62,88,115,145,177
shard0_out_296,600,160,0.2667,13,1.2606,1.1111,0.0618,0.2239,160,16,28,48,85,110,130,160
shard0_out_297,600,234,0.39,10,1.6068,1.4591,0.0808,0.1696,234,18,39,66,108,145,186,234
shard0_out_298,600,499,0.8317,10,1.8817,1.6643,0.0872,0.1277,499,24,46,94,188,267,387,499
shard0_out_299,600,112,0.1867,11,1.1298,1.007,0.0585,0.1972,112,17,24,42,61,75,95,112
shard0_out_3,600,146,0.2433,13,1.0043,0.9006,0.0479,0.1865,146,17,28,50,78,99,125,146
shard0_out_30,600,82,0.1367,11,1.3402,1.1986,0.0725,0.0517,82,7,15,25,38,57,70,82
shard0_out_300,600,90,0.15,9,1.2292,1.1145,0.0568,0.1724,90,19,27,40,55,63,75,90
shard0_out_301,600,25,0.0417,10,0.9996,0.9196,0.0428,0.001,25,7,7,12,15,19,23,25
shard0_out_302,600,219,0.365,13,1.1922,1.0809,0.0644,0.28,219,20,37,62,99,132,178,219
shard0_out_303,600,246,0.41,12,1.3926,1.2161,0.0704,0.1227,246,22,38,64,109,144,205,246
shard0_out_304,600,94,0.1567,8,1.2884,1.1345,0.0707,0.1673,94,15,23,39,48,63,80,94
shard0_out_305,600,105,0.175,12,1.2298,1.0595,0.061,0.2613,105,13,21,37,58,76,91,105
shard0_out_306,600,65,0.1083,10,1.1738,1.0485,0.0653,0.3067,65,10,14,21,33,42,54,65
shard0_out_307,600,175,0.2917,10,1.3765,1.2381,0.0644,0.2596,175,19,35,55,89,114,149,175
shard0_out_308,600,97,0.1617,9,1.2498,1.0899,0.0827,0.2874,97,13,22,36,48,68,84,97
shard0_out_309,600,34,0.0567,10,0.8795,0.7822,0.0516,0.2531,34,7,8,15,21,22,29,34
shard0_out_31,600,240,0.4,13,1.2849,1.1731,0.0553,0.1365,240,22,39,66,112,155,200,240
shard0_out_310,600,56,0.0933,13,0.9305,0.8591,0.042,0.0917,56,9,12,16,29,34,45,56
shard0_out_311,600,119,0.1983,10,1.3578,1.2005,0.0705,0.0817,119,14,24,44,61,79,99,119
shard0_out_312,600,147,0.245,13,1.0589,0.9365,0.0574,0.1803,147,13,26,41,70,95,118,147
shard0_out_313,600,176,0.2933,12,1.1762,1.0316,0.0673,0.2015,176,19,36,56,96,120,145,176
shard0_out_314,600,134,0.2233,11,1.2546,1.1092,0.0706,0.0594,134,15,31,46,67,83,108,134
shard0_out_315,600,109,0.1817,10,1.4434,1.3226,0.065,0.1819,109,19,27,38,59,74,92,109
shard0_out_316,600,371,0.6183,13,1.3817,1.2609,0.0592,0.0339,371,23,48,91,159,222,294,371
shard0_out_317,600,306,0.51,12,1.453,1.3061,0.0682,0.3913,306,23,42,73,132,186,251,306
shard0_out_318,600,121,0.2017,13,1.1496,1.0272,0.0559,0.1845,121,16,27,42,68,82,106,121
shard0_out_319,600,176,0.2933,10,1.4298,1.2649,0.088,0.0046,176,19,34,54,87,108,145,176
shard0_out_32,600,128,0.2133,13,1.0385,0.9201,0.0686,0.0129,128,12,20,36,55,74,102,128
shard0_out_320,600,314,0.5233,12,1.2735,1.0856,0.0644,0.1925,314,21,39,73,130,180,253,314
shard0_out_321,600,178,0.2967,10,1.3222,1.1573,0.0823,0.255,178,15,26,45,85,110,149,178
shard0_out_322,600,421,0.7017,14,1.4762,1.3446,0.0635,0.2035,421,22,45,88,166,238,337,421
shard0_out_323,600,34,0.0567,9,0.98,0.834,0.0515,0.2362,34,13,16,20,25,27,32,34
shard0_out_324,600,90,0.15,11,1.014,0.8912,0.0606,0.1124,90,17,24,37,49,67,76,90
shard0_out_325,600,225,0.375,13,1.1019,0.9602,0.0663,0.2054,225,19,38,60,105,139,186,225
shard0_out_326,600,275,0.4583,11,1.5714,1.3756,0.0882,0.2165,275,21,37,69,120,168,228,275
shard0_out_327,600,76,0.1267,10,1.2703,1.152,0.0637,0.2156,76,17,22,30,44,51,65,76
shard0_out_328,600,382,0.6367,10,1.6268,1.4652,0.0744,0.145,382,23,46,91,166,226,307,382
shard0_out_329,600,241,0.4017,12,1.285,1.1053,0.0931,0.1668,241,18,35,65,112,147,202,241
shard0_out_33,600,256,0.4267,12,1.3704,1.2314,0.0549,0.0298,256,23,44,73,121,159,205,256
shard0_out_330,600,210,0.35,11,1.3258,1.1992,0.058,0.3326,210,23,42,60,100,128,166,210
shard0_out_331,600,347,0.5783,13,1.3491,1.2193,0.0563,0.1342,347,23,41,79,143,201,275,347
shard0_out_332,600,372,0.62,12,1.4682,1.2888,0.074,0.2153,372,22,43,86,161,218,298,372
shard0_out_333,600,161,0.2683,11,1.2461,1.0966,0.0706,0.0002,161,20,32,53,79,107,135,161
shard0_out_334,600,143,0.2383,12,1.1184,0.9851,0.0563,0.1232,143,20,32,49,77,99,125,143
shard0_out_335,600,160,0.2667,13,1.1135,0.9883,0.0602,0.213,160,19,28,50,84,100,132,160
shard0_out_336,600,404,0.6733,13,1.317,1.1664,0.0651,0.0715,404,23,46,88,161,231,318,404
shard0_out_337,600,242,0.4033,12,1.3177,1.1906,0.0694,0.2063,242,22,39,63,103,143,193,242
shard0_out_338,600,166,0.2767,11,1.3464,1.1866,0.0887,0.1163,166,14,29,49,83,105,132,166
shard0_out_339,600,250,0.4167,11,1.3166,1.147,0.0667,0.1779,250,23,41,70,120,154,208,250
shard0_out_34,600,367,0.6117,11,1.6041,1.4264,0.0691,0.1092,367,23,45,83,148,205,288,367
shard0_out_340,600,386,0.6433,10,1.65,1.4752,0.0737,0.2371,386,25,48,90,166,232,306,386
shard0_out_341,600,130,0.2167,10,1.4649,1.3212,0.0709,0.1252,130,14,24,40,62,77,105,130
shard0_out_342,600,240,0.4,10,1.5975,1.437,0.076,0.0227,240,19,36,63,105,142,196,240
shard0_out_343,600,152,0.2533,13,1.1452,1.0245,0.0518,0.2736,152,19,29,45,74,94,123,152
shard0_out_344,600,77,0.1283,10,1.1302,0.9589,0.0882,0.2125,77,14,23,30,41,51,67,77
shard0_out_345,600,109,0.1817,10,1.4022,1.2378,0.0853,0.2485,109,13,20,36,53,70,90,109
shard0_out_346,600,160,0.2667,11,1.1478,1.0085,0.0607,0.222,160,16,32,51,76,108,130,160
shard0_out_347,600,465,0.775,13,1.6361,1.4763,0.0697,0.0745,465,25,49,96,176,254,363,465
shard0_out_348,600,184,0.3067,14,1.234,1.0862,0.0639,0.0829,184,15,25,46,79,111,145,184
shard0_out_349,600,120,0.2,11,1.1656,1.0335,0.0605,0.2539,120,16,26,38,64,82,103,120
shard0_out_35,600,129,0.215,10,1.4251,1.2493,0.0853,0.125,129,17,29,53,80,98,114,129
shard0_out_350,600,227,0.3783,10,1.3502,1.2057,0.0573,0.22,227,25,40,78,119,151,193,227
shard0_out_351,600,18,0.03,8,0.9035,0.8123,0.0526,0.1728,18,8,9,10,14,16,16,18
shard0_out_352,600,309,0.515,13,1.3677,1.2424,0.0539,0.1473,309,22,39,71,130,188,249,309
shard0_out_353,600,60,0.1,8,1.2644,1.1053,0.0741,0.2114,60,12,18,27,37,47,54,60
shard0_out_354,600,120,0.2,10,1.2216,1.075,0.0644,0.14,120,20,31,47,72,94,111,120
shard0_out_355,600,155,0.2583,12,1.1255,0.9898,0.0531,0.0005,155,20,33,56,79,99,132,155
shard0_out_356,600,61,0.1017,9,1.1847,1.0533,0.0687,0.2179,61,11,14,25,31,38,51,61
shard0_out_357,600,289,0.4817,14,1.3271,1.1918,0.0658,0.0965,289,21,38,69,121,168,239,289
shard0_out_358,600,182,0.3033,12,1.1533,0.9719,0.0656,0.1977,182,23,38,65,104,124,159,182
shard0_out_359,600,145,0.2417,12,1.2352,1.1092,0.0542,0.0772,145,21,35,52,76,96,118,145
shard0_out_36,600,366,0.61,12,1.4939,1.349,0.0679,0.1298,366,22,43,87,160,219,297,366
shard0_out_360,600,399,0.665,13,1.4758,1.2794,0.0802,0.3071,399,24,48,88,160,221,317,399
shard0_out_361,600,106,0.1767,10,1.2141,1.0866,0.0673,0.1252,106,15,22,34,49,60,88,106
shard0_out_362,600,25,0.0417,10,0.7751,0.6787,0.0528,0.2519,25,10,13,14,22,24,24,25
shard0_out_363,600,130,0.2167,11,1.1728,1.056,0.0578,0.1196,130,17,25,42,67,84,112,130
shard0_out_364,600,243,0.405,10,1.5552,1.3889,0.0752,0.0675,243,24,43,71,119,151,202,243
shard0_out_365,600,103,0.1717,11,1.1748,1.0498,0.0579,0.2276,103,13,23,40,57,75,91,103
shard0_out_366,600,202,0.3367,10,1.4324,1.3067,0.0794,0.046,202,23,38,65,95,125,161,202
shard0_out_367,600,266,0.4433,13,1.4719,1.3272,0.074,0.0042,266,21,39,68,123,160,211,266
shard0_out_368,600,104,0.1733,12,1.0633,0.9432,0.0594,0.295,104,13,22,38,54,71,86,104
shard0_out_369,600,341,0.5683,13,1.2136,1.0933,0.0506,0.1804,341,23,44,88,154,205,271,341
shard0_out_37,600,168,0.28,10,1.2992,1.1845,0.0574,0.1433,168,21,35,57,89,119,144,168
shard0_out_370,600,186,0.31,11,1.2737,1.1292,0.0599,0.2287,186,20,39,64,103,128,161,186
shard0_out_371,600,239,0.3983,12,1.2985,1.1495,0.068,0.042,239,19,36,65,116,154,193,239
shard0_out_372,600,213,0.355,11,1.5588,1.4181,0.071,0.013,213,19,35,61,99,132,179,213
shard0_out_373,600,535,0.8917,12,1.6737,1.4703,0.0831,0.0283,535,25,49,94,185,274,407,535
shard0_out_374,600,132,0.22,11,1.1296,1.027,0.0468,0.1163,132,19,34,54,77,93,113,132
shard0_out_38,600,61,0.1017,10,1.0412,0.9075,0.0606,0.11,61,14,17,25,33,41,52,61
shard0_out_39,600,57,0.095,10,1.1307,0.9667,0.0668,0.2146,57,9,15,24,31,39,53,57
shard0_out_4,600,99,0.165,9,1.1927,1.0133,0.0667,0.1436,99,16,28,39,59,69,82,99
shard0_out_40,600,42,0.07,13,0.8008,0.7249,0.0395,0.0936,42,7,8,15,26,29,36,42
shard0_out_41,600,66,0.11,11,0.9917,0.8893,0.0527,0.2068,66,13,21,29,37,48,56,66
shard0_out_42,600,288,0.48,12,1.4215,1.2599,0.0719,0.2985,288,21,44,75,130,174,234,288
shard0_out_43,600,196,0.3267,12,1.2067,1.0056,0.0718,0.2523,196,21,35,60,100,129,163,196
shard0_out_44,600,146,0.2433,11,1.3187,1.2234,0.0581,0.0013,146,19,33,49,82,104,123,146
shard0_out_45,600,155,0.2583,10,1.1604,1.024,0.0651,0.2252,155,17,32,54,86,104,135,155
shard0_out_46,600,546,0.91,14,1.5415,1.3835,0.0614,0.1768,546,25,50,98,190,282,415,546
shard0_out_47,600,146,0.2433,12,1.2633,1.1214,0.0617,0.1075,146,16,28,40,67,90,119,146
shard0_out_48,600,180,0.3,10,1.4492,1.2928,0.0704,0.0025,180,24,35,56,98,113,159,180
shard0_out_49,600,265,0.4417,12,1.5682,1.3846,0.0815,0.1115,265,21,37,66,113,163,224,265
shard0_out_5,600,260,0.4333,11,1.3717,1.2208,0.0716,0.0889,260,24,41,71,120,167,211,260
shard0_out_50,600,548,0.9133,14,1.628,1.4686,0.0633,0.184,548,23,47,95,194,286,422,548
shard0_out_51,600,461,0.7683,12,1.4308,1.2651,0.0712,0.293,461,25,48,95,175,250,358,461
shard0_out_52,600,48,0.08,9,1.0492,0.9097,0.0592,0.1105,48,11,16,23,28,33,43,48
shard0_out_53,600,157,0.2617,11,1.4004,1.2459,0.0684,0.2296,157,16,28,45,82,104,136,157
shard0_out_54,600,402,0.67,13,1.46,1.3209,0.0704,0.1239,402,25,48,95,176,234,323,402
shard0_out_55,600,173,0.2883,13,1.1727,1.052,0.0579,0.2309,173,19,32,59,92,120,150,173
shard0_out_56,600,99,0.165,9,1.4075,1.2386,0.0677,0.1517,99,16,26,35,58,78,91,99
shard0_out_57,600,88,0.1467,10,1.154,0.9804,0.073,0.2817,88,13,17,34,46,59,74,88
shard0_out_58,600,77,0.1283,10,1.1425,1.0055,0.0647,0.3677,77,13,20,33,47,55,70,77
shard0_out_59,600,97,0.1617,11,1.0187,0.9096,0.0496,0.1452,97,12,24,34,55,68,85,97
shard0_out_6,600,335,0.5583,13,1.4203,1.2784,0.0805,0.1701,335,24,42,74,126,175,260,335
shard0_out_60,600,165,0.275,10,1.3198,1.1701,0.0649,0.1131,165,19,37,57,91,110,141,165
shard0_out_61,600,176,0.2933,10,1.5412,1.3378,0.0876,0.0002,176,17,30,52,88,116,148,176
shard0_out_62,600,148,0.2467,10,1.2922,1.1709,0.055,0.2081,148,23,38,56,79,99,124,148
shard0_out_63,600,158,0.2633,8,1.4774,1.3031,0.0793,0.3678,158,18,32,53,79,107,132,158
shard0_out_64,600,62,0.1033,9,1.1343,1.0154,0.0679,0.2298,62,12,15,24,31,42,54,62
shard0_out_65,600,264,0.44,10,1.4359,1.3112,0.0587,0.379,264,22,40,73,118,165,218,264
shard0_out_66,600,30,0.05,9,1.0853,0.9663,0.057,0.1319,30,11,12,14,19,23,27,30
shard0_out_67,600,142,0.2367,10,1.5899,1.4339,0.0792,0.1271,142,14,28,47,76,100,126,142
shard0_out_68,600,325,0.5417,12,1.5131,1.308,0.0933,0.1715,325,23,42,78,142,197,264,325
shard0_out_69,600,374,0.6233,10,1.5191,1.3157,0.0818,0.0427,374,21,42,85,152,216,298,374
shard0_out_7,600,136,0.2267,8,1.4621,1.3046,0.0766,0.0006,136,14,24,40,66,93,114,136
shard0_out_70,600,252,0.42,12,1.254,1.0923,0.0711,0.2107,252,24,41,64,116,154,208,252
shard0_out_71,600,171,0.285,11,1.1493,0.965,0.0617,0.2685,171,19,32,49,88,116,142,171
shard0_out_72,600,254,0.4233,13,1.337,1.175,0.0606,0.396,254,22,40,75,124,156,210,254
shard0_out_73,600,69,0.115,14,0.8487,0.7653,0.0382,0.162,69,13,19,29,38,50,59,69
shard0_out_74,600,170,0.2833,9,1.5316,1.3686,0.0836,0.1396,170,15,27,53,80,107,143,170
shard0_out_75,600,139,0.2317,13,1.0434,0.9225,0.0683,0.2988,139,12,23,39,67,89,119,139
shard0_out_76,600,151,0.2517,9,1.4371,1.2319,0.0868,0.4234,151,20,26,47,77,97,127,151
shard0_out_77,600,235,0.3917,10,1.4261,1.2417,0.0828,0.2835,235,20,36,60,104,145,192,235
shard0_out_78,600,56,0.0933,11,1.125,0.932,0.0765,0.2211,56,11,17,25,34,41,51,56
shard0_out_79,600,103,0.1717,13,1.023,0.9106,0.0527,0.0448,103,17,22,30,53,68,85,103
shard0_out_8,600,227,0.3783,10,1.5694,1.3916,0.0842,0.1829,227,21,36,63,104,136,184,227
shard0_out_80,600,89,0.1483,11,1.0545,0.9413,0.0472,0.1128,89,18,27,37,56,66,77,89
shard0_out_81,600,186,0.31,13,1.1151,0.9943,0.0603,0.1451,186,17,33,57,93,117,158,186
shard0_out_82,600,271,0.4517,11,1.3663,1.2157,0.0651,0.0296,271,22,40,63,121,171,223,271
shard0_out_83,600,70,0.1167,10,1.1048,0.995,0.0611,0.1267,70,16,22,34,41,50,62,70
shard0_out_84,600,200,0.3333,13,1.2483,1.1161,0.0578,0.1809,200,19,33,51,89,120,161,200
shard0_out_85,600,120,0.2,10,1.2641,1.1188,0.0686,0.3373,120,18,26,41,64,82,99,120
shard0_out_86,600,227,0.3783,12,1.191,1.0901,0.0536,0.003,227,18,40,64,106,141,186,227
shard0_out_87,600,191,0.3183,12,1.1165,0.9951,0.0619,0.2555,191,19,33,60,93,128,164,191
shard0_out_88,600,193,0.3217,10,1.5355,1.3923,0.0798,0.1185,193,20,36,58,90,124,167,193
shard0_out_89,600,319,0.5317,13,1.1268,1.0154,0.0508,0.3359,319,24,46,85,141,195,259,319
shard0_out_9,600,97,0.1617,9,1.3082,1.1482,0.0742,0.2136,97,13,26,40,52,64,81,97
shard0_out_90,600,121,0.2017,8,1.4699,1.2994,0.076,0.4247,121,21,32,46,67,81,109,121
shard0_out_91,600,182,0.3033,12,1.1327,1.0353,0.0551,0.1043,182,23,39,58,87,112,150,182
shard0_out_92,600,534,0.89,13,1.6712,1.4708,0.0812,0.0823,534,25,50,97,190,280,415,534
shard0_out_93,600,19,0.0317,12,0.7929,0.681,0.0535,0.2008,19,4,5,9,12,15,17,19
shard0_out_94,600,367,0.6117,9,1.7339,1.557,0.0883,0.2614,367,25,47,81,152,213,300,367
shard0_out_95,600,100,0.1667,10,1.4157,1.2311,0.0698,0.1217,100,13,20,27,48,63,79,100
shard0_out_96,600,224,0.3733,8,1.8487,1.6578,0.0955,0.3472,224,21,39,66,108,144,188,224
shard0_out_97,600,122,0.2033,9,1.5465,1.3961,0.077,0.0012,122,19,28,43,63,78,98,122
shard0_out_98,600,254,0.4233,11,1.2344,1.1009,0.0606,0.2796,254,21,40,65,111,150,206,254
shard0_out_99,600,31,0.0517,9,1.1519,1.0272,0.0573,0.0369,31,9,9,10,13,15,23,31
shard1_out_0,600,97,0.1617,12,1.0962,0.9355,0.0878,0.104,97,14,20,31,52,65,81,97
shard1_out_1,600,184,0.3067,11,1.2505,1.1391,0.0606,0.1113,184,19,29,49,78,109,156,184
shard1_out_10,600,219,0.365,10,1.5645,1.3859,0.0815,0.2631,219,22,40,64,99,145,186,219
shard1_out_100,600,182,0.3033,9,1.5531,1.3936,0.0786,0.0048,182,17,32,52,91,120,159,182
shard1_out_101,600,64,0.1067,9,1.2906,1.1093,0.0738,0.1443,64,12,19,30,44,52,58,64
shard1_out_102,600,43,0.0717,11,0.9221,0.8248,0.0537,0.0061,43,9,10,18,25,28,35,43
shard1_out_103,600,40,0.0667,11,0.9174,0.7755,0.0746,0.4596,40,10,13,16,24,27,36,40
shard1_out_104,600,223,0.3717,14,1.0439,0.9186,0.0607,0.1693,223,21,39,70,102,144,190,223
shard1_out_105,600,147,0.245,10,1.3481,1.2039,0.0611,0.1044,147,18,32,54,78,99,122,147
shard1_out_106,600,361,0.6017,13,1.366,1.203,0.061,0.1666,361,21,41,77,153,210,287,361
shard1_out_107,600,84,0.14,11,1.2585,1.1261,0.0647,0.0002,84,13,18,29,42,58,70,84
shard1_out_108,600,68,0.1133,11,1.0957,0.9701,0.0565,0.3335,68,7,13,25,34,44,54,68
shard1_out_109,600,281,0.4683,10,1.5618,1.4336,0.0694,0.2025,281,22,37,73,121,163,223,281
shard1_out_11,600,122,0.2033,12,1.1772,1.0615,0.058,0.2162,122,15,24,44,66,82,104,122
shard1_out_110,600,36,0.06,11,0.9597,0.8516,0.0537,0.1892,36,7,10,11,18,22,27,36
shard1_out_111,600,212,0.3533,12,1.2507,1.106,0.0675,0.3627,212,20,38,60,100,128,174,212
shard1_out_112,600,306,0.51,11,1.4328,1.2843,0.0702,0.2757,306,24,43,68,121,177,242,306
shard1_out_113,600,39,0.065,10,0.9763,0.863,0.0617,0.25,39,6,9,13,22,25,31,39
shard1_out_114,600,99,0.165,13,0.9068,0.8024,0.05,0.3483,99,15,21,34,50,66,87,99
shard1_out_115,600,39,0.065,10,1.0301,0.9272,0.0445,0.1117,39,14,17,19,27,30,33,39
shard1_out_116,600,96,0.16,11,1.1471,1.0367,0.0583,0.1196,96,16,26,36,47,65,83,96
shard1_out_117,600,82,0.1367,10,1.3125,1.1674,0.0635,0.229,82,12,21,29,44,57,72,82
shard1_out_118,600,481,0.8017,11,1.5596,1.404,0.0631,0.0237,481,25,49,96,184,264,382,481
shard1_out_119,600,70,0.1167,11,1.0712,0.9407,0.0546,0.2352,70,11,17,23,39,50,60,70
shard1_out_12,600,137,0.2283,13,1.0446,0.9281,0.0498,0.38,137,19,31,54,75,89,114,137
shard1_out_120,600,384,0.64,13,1.261,1.152,0.0495,0.115,384,24,44,86,161,220,305,384
shard1_out_121,600,244,0.4067,13,1.2603,1.1439,0.0535,0.1392,244,24,39,67,107,153,198,244
shard1_out_122,600,495,0.825,13,1.4152,1.3059,0.0482,0.1795,495,25,50,95,184,263,385,495
shard1_out_123,600,176,0.2933,13,1.0883,0.9698,0.0491,0.2157,176,16,33,58,92,117,148,176
shard1_out_124,600,127,0.2117,9,1.2706,1.1331,0.0711,0.2698,127,17,30,49,68,91,106,127
shard1_out_125,600,55,0.0917,10,0.9631,0.8511,0.0476,0.1602,55,19,24,28,34,37,51,55
shard1_out_126,600,246,0.41,11,1.3281,1.1705,0.0703,0.1139,246,20,37,65,108,146,201,246
shard1_out_127,600,435,0.725,12,1.5223,1.3927,0.0655,0.0008,435,23,47,91,176,249,347,435
shard1_out_128,600,386,0.6433,12,1.5372,1.4121,0.0604,0.1698,386,25,49,94,167,233,312,386
shard1_out_129,600,117,0.195,11,1.1626,1.0142,0.072,0.3329,117,14,26,44,59,72,96,117
shard1_out_13,600,147,0.245,9,1.3986,1.2531,0.0807,0.2981,147,19,32,56,79,98,124,147
shard1_out_130,600,162,0.27,14,1.1355,1.0404,0.0498,0.1653,162,20,32,47,79,106,135,162
shard1_out_131,600,97,0.1617,9,1.3514,1.1926,0.0731,0.0486,97,13,16,26,52,68,85,97
shard1_out_132,600,471,0.785,13,1.4943,1.3438,0.0652,0.1918,471,25,48,94,175,249,366,471
shard1_out_133,600,57,0.095,10,1.0876,0.9388,0.0617,0.1237,57,9,17,25,34,40,50,57
shard1_out_134,600,166,0.2767,10,1.5077,1.3221,0.0879,0.0017,166,18,29,53,78,103,134,166
shard1_out_135,600,298,0.4967,10,1.5939,1.385,0.0804,0.0835,298,24,43,73,131,168,229,298
shard1_out_136,600,144,0.24,12,1.2859,1.1572,0.0639,0.3293,144,15,27,51,77,94,119,144
shard1_out_137,600,104,0.1733,10,1.099,0.9361,0.0646,0.3685,104,14,25,39,56,73,92,104
shard1_out_138,600,350,0.5833,13,1.4382,1.3074,0.0614,0.0832,350,22,44,78,144,209,283,350
shard1_out_139,600,223,0.3717,11,1.3209,1.1677,0.0714,0.1122,223,20,35,66,103,131,181,223
shard1_out_14,600,144,0.24,13,1.0091,0.8726,0.0527,0.2419,144,18,27,45,73,98,122,144
shard1_out_140,600,131,0.2183,12,1.2896,1.1447,0.0626,0.1043,131,15,27,47,71,87,111,131
shard1_out_141,600,269,0.4483,13,1.2562,1.0921,0.0695,0.2928,269,23,45,76,128,164,225,269
shard1_out_142,600,105,0.175,13,0.9925,0.8363,0.0581,0.0909,105,17,26,41,57,70,91,105
shard1_out_143,600,306,0.51,13,1.3157,1.1848,0.0492,0.0794,306,22,42,77,134,185,257,306
shard1_out_144,600,108,0.18,11,1.2213,1.1071,0.0558,0.1781,108,15,25,40,64,78,92,108
shard1_out_145,600,254,0.4233,9,1.4649,1.2254,0.0875,0.071,254,22,42,72,122,169,214,254
shard1_out_146,600,203,0.3383,10,1.5305,1.3598,0.0844,0.1596,203,22,38,64,100,133,172,203
shard1_out_147,600,107,0.1783,10,1.2454,1.0835,0.0886,0.0115,107,13,18,30,48,69,90,107
shard1_out_148,600,85,0.1417,10,1.2176,1.0521,0.0871,0.0106,85,12,17,26,42,52,71,85
shard1_out_149,600,155,0.2583,9,1.4453,1.2927,0.0838,0.3786,155,18,29,53,82,104,139,155
shard1_out_15,600,96,0.16,12,1.1574,1.0541,0.0548,0.0245,96,14,24,35,54,70,79,96
shard1_out_150,600,206,0.3433,11,1.2424,1.0959,0.056,0.0215,206,22,36,63,105,135,171,206
shard1_out_151,600,170,0.2833,9,1.3947,1.2653,0.0601,0.1469,170,21,37,61,92,115,150,170
shard1_out_152,600,87,0.145,9,1.3149,1.1862,0.0717,0.0112,87,13,22,35,50,62,76,87
shard1_out_153,600,204,0.34,14,1.1018,0.9834,0.0484,0.1064,204,25,42,71,107,141,178,204
shard1_out_154,600,59,0.0983,9,1.3248,1.1768,0.0809,0.1962,59,10,15,20,28,36,51,59
shard1_out_155,600,126,0.21,10,1.2539,1.1533,0.0554,0.0527,126,20,29,47,72,91,107,126
shard1_out_156,600,201,0.335,13,1.2057,1.0951,0.049,0.2992,201,18,33,55,94,123,165,201
shard1_out_157,600,89,0.1483,11,1.1633,1.0437,0.0587,0.1115,89,11,16,30,52,65,79,89
shard1_out_158,600,36,0.06,9,0.9482,0.8462,0.0535,0.28,36,11,14,17,24,26,34,36
shard1_out_159,600,56,0.0933,10,1.2444,1.0942,0.0827,0.2419,56,7,11,19,29,43,49,56
shard1_out_16,600,86,0.1433,11,1.0219,0.9182,0.0549,0.2287,86,16,20,34,53,65,73,86
shard1_out_160,600,260,0.4333,12,1.3201,1.1649,0.0684,0.0443,260,22,41,74,119,167,213,260
shard1_out_161,600,81,0.135,12,1.0289,0.9138,0.0499,0.1017,81,11,17,30,41,50,67,81
shard1_out_162,600,191,0.3183,10,1.335,1.1632,0.0755,0.0092,191,19,34,59,98,123,161,191
shard1_out_163,600,316,0.5267,11,1.5316,1.3559,0.0738,0.0898,316,22,43,81,138,189,258,316
shard1_out_164,600,155,0.2583,12,1.247,1.1064,0.0619,0.4853,155,15,28,45,77,94,128,155
shard1_out_165,600,132,0.22,8,1.6517,1.4939,0.083,0.0072,132,17,25,46,69,92,116,132
shard1_out_166,600,262,0.4367,10,1.4705,1.2749,0.0881,0.1498,262,21,41,70,123,159,216,262
shard1_out_167,600,28,0.0467,10,0.8886,0.7653,0.0652,0.0002,28,8,10,15,17,18,25,28
shard1_out_168,600,160,0.2667,14,1.0666,0.9588,0.0469,0.2115,160,19,33,50,78,102,135,160
shard1_out_169,600,16,0.0267,9,0.9397,0.8185,0.0534,0.2833,16,5,6,10,11,12,13,16
shard1_out_17,600,216,0.36,12,1.2364,1.0942,0.0547,0.2093,216,17,35,61,98,141,184,216
shard1_out_170,600,10,0.0167,10,0.7407,0.646,0.0414,0.3748,10,3,3,5,6,6,8,10
shard1_out_171,600,12,0.02,8,0.8295,0.7327,0.0474,0.1681,12,4,4,7,10,11,12,12
shard1_out_172,600,49,0.0817,10,0.9927,0.8822,0.0489,0.25,49,11,17,24,31,42,48,49
shard1_out_173,600,93,0.155,12,1.0512,0.9094,0.0631,0.3647,93,12,20,36,50,63,77,93
shard1_out_174,600,151,0.2517,11,1.2452,1.1288,0.0638,0.2224,151,18,34,58,80,103,128,151
shard1_out_175,600,62,0.1033,10,1.1825,1.0705,0.0643,0.0898,62,7,12,18,33,40,51,62
shard1_out_176,600,58,0.0967,12,0.9999,0.906,0.048,0.2492,58,10,15,20,32,43,52,58
shard1_out_177,600,117,0.195,11,1.293,1.0846,0.0893,0.1107,117,15,26,38,61,76,104,117
shard1_out_178,600,101,0.1683,11,1.0661,0.969,0.0476,0.3926,101,20,32,45,64,76,87,101
shard1_out_179,600,78,0.13,12,1.1176,0.9388,0.0902,0.1173,78,11,16,22,39,49,64,78
shard1_out_18,600,89,0.1483,12,1.0774,0.9565,0.049,0.1152,89,14,20,33,52,67,79,89
shard1_out_180,600,92,0.1533,10,1.1273,0.9821,0.0748,0.2,92,7,14,28,43,59,77,92
shard1_out_181,600,140,0.2333,11,1.2816,1.0943,0.0832,0.222,140,20,30,47,66,90,118,140
shard1_out_182,600,181,0.3017,13,1.2459,1.048,0.0665,0.3289,181,20,34,54,94,119,154,181
shard1_out_183,600,101,0.1683,10,1.2974,1.1424,0.0848,0.1338,101,12,21,34,51,66,88,101
shard1_out_184,600,373,0.6217,14,1.29,1.1265,0.0611,0.1144,373,23,47,86,148,214,287,373
shard1_out_185,600,346,0.5767,12,1.4064,1.2411,0.0774,0.0678,346,24,46,83,145,205,284,346
shard1_out_186,600,98,0.1633,10,1.2484,1.1099,0.0564,0.2433,98,19,28,38,53,62,80,98
shard1_out_187,600,268,0.4467,13,1.3315,1.1818,0.0741,0.1517,268,24,42,75,128,176,226,268
shard1_out_188,600,182,0.3033,11,1.397,1.2643,0.0671,0.0826,182,22,38,52,91,115,153,182
shard1_out_189,600,146,0.2433,12,1.0536,0.9239,0.0568,0.1967,146,19,29,46,77,98,124,146
shard1_out_19,600,524,0.8733,13,1.721,1.5203,0.0845,0.0417,524,25,50,97,183,269,397,524
shard1_out_190,600,92,0.1533,14,1.0352,0.9478,0.0518,0.1055,92,12,19,28,45,60,73,92
shard1_out_191,600,250,0.4167,12,1.3112,1.1148,0.0883,0.2918,250,19,34,64,106,151,203,250
shard1_out_192,600,389,0.6483,13,1.3582,1.2127,0.0574,0.1424,389,25,44,86,164,225,306,389
shard1_out_193,600,190,0.3167,12,1.196,1.0048,0.0787,0.3258,190,14,32,47,90,124,167,190
shard1_out_194,600,491,0.8183,13,1.6862,1.5324,0.0704,0.1982,491,24,48,92,176,264,378,491
shard1_out_195,600,93,0.155,8,1.5958,1.4085,0.0838,0.3333,93,16,24,39,56,69,77,93
shard1_out_196,600,254,0.4233,12,1.2002,1.0878,0.0631,0.2377,254,21,36,72,123,168,213,254
shard1_out_197,600,93,0.155,13,1.0253,0.8996,0.0593,0.2506,93,14,23,36,60,69,78,93
shard1_out_198,600,297,0.495,9,1.8377,1.6592,0.0862,0.0102,297,25,44,75,135,185,243,297
shard1_out_199,600,287,0.4783,13,1.4159,1.2554,0.0678,0.0548,287,24,47,80,129,179,236,287
shard1_out_2,600,69,0.115,10,1.1517,1.0196,0.0671,0.1187,69,11,18,23,42,51,59,69
shard1_out_20,600,91,0.1517,13,0.8804,0.7931,0.042,0.2754,91,19,27,35,51,62,78,91
shard1_out_200,600,159,0.265,11,1.2926,1.1404,0.0686,0.1117,159,18,28,55,83,109,135,159
shard1_out_201,600,236,0.3933,11,1.1675,1.038,0.0558,0.0015,236,23,43,75,122,163,202,236
shard1_out_202,600,58,0.0967,11,1.0382,0.9262,0.0527,0.1281,58,13,20,29,36,43,50,58
shard1_out_203,600,40,0.0667,11,0.8592,0.7789,0.0414,0.3333,40,8,9,15,28,35,38,40
shard1_out_204,600,103,0.1717,12,1.1499,1.0445,0.0532,0.2143,103,15,25,40,58,70,90,103
shard1_out_205,600,80,0.1333,10,1.2703,1.1434,0.0594,0.1258,80,17,23,32,49,59,71,80
shard1_out_206,600,119,0.1983,9,1.3816,1.2257,0.0878,0.4576,119,14,21,34,59,74,96,119
shard1_out_207,600,128,0.2133,12,1.1232,0.9779,0.0543,0.3572,128,24,34,47,67,83,106,128
shard1_out_208,600,149,0.2483,13,1.1814,1.015,0.0761,0.3298,149,19,32,57,80,98,125,149
shard1_out_209,600,76,0.1267,12,0.9103,0.8006,0.0402,0.141,76,15,21,32,44,49,68,76
shard1_out_21,600,88,0.1467,11,1.1107,0.9747,0.0653,0.1611,88,17,22,34,47,57,76,88
shard1_out_210,600,154,0.2567,11,1.18,1.0368,0.0662,0.2483,154,21,36,52,81,105,140,154
shard1_out_211,600,67,0.1117,10,1.1453,0.9875,0.0707,0.1265,67,15,20,27,41,50,57,67
shard1_out_212,600,104,0.1733,12,1.0156,0.8875,0.0613,0.0203,104,13,24,42,56,73,91,104
shard1_out_213,600,55,0.0917,11,0.9863,0.8936,0.0487,0.2316,55,9,12,23,32,38,47,55
shard1_out_214,600,78,0.13,12,0.906,0.7563,0.0661,0.1805,78,15,21,27,38,49,64,78
shard1_out_215,600,112,0.1867,12,1.2251,1.0769,0.0772,0.0987,112,18,25,40,57,75,99,112
shard1_out_216,600,240,0.4,10,1.4041,1.2656,0.0648,0.1608,240,20,37,64,118,153,199,240
shard1_out_217,600,183,0.305,9,1.584,1.3946,0.0822,0.005,183,22,37,59,93,120,149,183
shard1_out_218,600,291,0.485,14,1.1002,0.9842,0.0475,0.2506,291,21,40,75,132,183,236,291
shard1_out_219,600,149,0.2483,11,1.2369,1.0677,0.0619,0.0568,149,21,32,53,85,109,131,149
shard1_out_22,600,313,0.5217,13,1.2191,1.093,0.0624,0.1094,313,25,46,81,137,189,255,313
shard1_out_220,600,327,0.545,14,1.2377,1.0965,0.0547,0.1632,327,23,42,81,144,194,264,327
shard1_out_221,600,24,0.04,9,0.8634,0.7733,0.0463,0.1429,24,8,12,15,18,21,24,24
shard1_out_222,600,77,0.1283,11,1.0182,0.9057,0.0759,0.1113,77,12,13,25,38,49,65,77
shard1_out_223,600,232,0.3867,11,1.2787,1.1582,0.0563,0.0031,232,17,36,68,111,147,190,232
shard1_out_224,600,488,0.8133,12,1.6249,1.4716,0.0695,0.0883,488,25,48,95,185,262,377,488
shard1_out_225,600,11,0.0183,9,0.9371,0.8141,0.0519,0.1422,11,5,5,5,8,9,10,11
shard1_out_226,600,233,0.3883,12,1.4289,1.2932,0.0639,0.1978,233,19,36,60,100,138,188,233
shard1_out_227,600,172,0.2867,11,1.264,1.1043,0.0648,0.2918,172,22,32,56,89,107,145,172
shard1_out_228,600,364,0.6067,8,2.0988,1.9257,0.0843,0.0244,364,21,45,84,153,211,294,364
shard1_out_229,600,240,0.4,11,1.4159,1.2866,0.0626,0.0743,240,22,43,63,108,149,200,240
shard1_out_23,600,152,0.2533,10,1.1657,1.0485,0.0532,0.1273,152,20,37,58,80,101,126,152
shard1_out_230,600,460,0.7667,13,1.6597,1.456,0.086,0.1491,460,25,47,87,164,244,363,460
shard1_out_231,600,430,0.7167,11,1.6866,1.4888,0.0816,0.1698,430,25,49,90,170,248,342,430
shard1_out_232,600,116,0.1933,11,1.2341,1.1264,0.063,0.0,116,10,22,38,63,74,98,116
shard1_out_233,600,107,0.1783,11,1.0922,0.9254,0.0561,0.2129,107,14,22,31,55,74,92,107
shard1_out_234,600,163,0.2717,13,1.2415,1.1031,0.0598,0.0047,163,16,27,46,79,101,137,163
shard1_out_235,600,175,0.2917,12,1.3086,1.1635,0.0601,0.0845,175,21,37,67,91,112,144,175
shard1_out_236,600,59,0.0983,11,1.0364,0.8921,0.0649,0.1113,59,10,16,26,36,43,52,59
shard1_out_237,600,335,0.5583,11,1.5413,1.3837,0.0722,0.1424,335,23,41,74,137,196,262,335
shard1_out_238,600,35,0.0583,10,0.8477,0.75,0.0504,0.1252,35,8,11,18,24,26,30,35
shard1_out_239,600,149,0.2483,13,1.1399,1.005,0.0598,0.1544,149,17,28,50,80,100,126,149
shard1_out_24,600,216,0.36,13,1.1612,1.0372,0.0484,0.1653,216,18,32,60,92,131,175,216
shard1_out_240,600,315,0.525,12,1.471,1.3161,0.0752,0.1575,315,20,39,73,139,189,260,315
shard1_out_241,600,127,0.2117,12,1.1357,0.9816,0.0674,0.2992,127,17,26,40,63,85,107,127
shard1_out_242,600,407,0.6783,10,1.7761,1.5747,0.0773,0.0883,407,25,45,88,162,230,321,407
shard1_out_243,600,87,0.145,11,1.0872,0.9528,0.0603,0.1111,87,19,26,36,50,62,75,87
shard1_out_244,600,134,0.2233,11,1.4281,1.2682,0.066,0.3011,134,15,30,48,78,91,115,134
shard1_out_245,600,345,0.575,14,1.4537,1.3226,0.0621,0.0823,345,24,46,83,151,202,279,345
shard1_out_246,600,74,0.1233,12,1.0996,0.9784,0.0624,0.1027,74,11,16,25,34,48,60,74
shard1_out_247,600,218,0.3633,12,1.2851,1.1788,0.0526,0.1535,218,23,37,69,112,149,193,218
shard1_out_248,600,125,0.2083,9,1.3863,1.2166,0.0774,0.2847,125,11,22,39,63,80,103,125
shard1_out_249,600,75,0.125,8,1.3654,1.1889,0.0941,0.0017,75,11,17,22,39,50,64,75
shard1_out_25,600,119,0.1983,10,1.3564,1.2163,0.0664,0.1454,119,16,25,41,67,88,103,119
shard1_out_250,600,300,0.5,12,1.3835,1.2095,0.0675,0.1003,300,22,40,73,129,174,241,300
shard1_out_251,600,145,0.2417,12,1.1441,0.9462,0.0797,0.3043,145,15,27,45,71,89,122,145
shard1_out_252,600,218,0.3633,13,1.0962,0.9914,0.0497,0.3392,218,18,36,58,100,137,175,218
shard1_out_253,600,135,0.225,12,1.2234,1.0787,0.0706,0.2063,135,16,28,43,64,80,108,135
shard1_out_254,600,168,0.28,11,1.4293,1.2653,0.0736,0.3066,168,22,35,51,80,104,145,168
shard1_out_255,600,114,0.19,11,1.2455,1.1043,0.0669,0.1726,114,16,23,35,55,69,95,114
shard1_out_256,600,62,0.1033,10,1.2532,1.16,0.0554,0.2617,62,11,19,24,41,48,56,62
shard1_out_257,600,178,0.2967,12,1.1785,0.9877,0.0945,0.1882,178,17,32,56,79,107,150,178
shard1_out_258,600,448,0.7467,11,1.528,1.3881,0.0639,0.1274,448,25,50,94,180,263,363,448
shard1_out_259,600,140,0.2333,9,1.4343,1.2496,0.0852,0.0143,140,19,28,45,73,93,113,140
shard1_out_26,600,405,0.675,11,1.3516,1.2073,0.0609,0.1602,405,24,48,91,169,237,328,405
shard1_out_260,600,73,0.1217,11,1.005,0.9092,0.0428,0.1352,73,19,27,34,46,55,63,73
shard1_out_261,600,361,0.6017,13,1.3224,1.1827,0.0651,0.3663,361,24,45,84,153,213,295,361
shard1_out_262,600,289,0.4817,12,1.5347,1.3541,0.0803,0.1298,289,19,41,71,117,169,235,289
shard1_out_263,600,81,0.135,11,1.0062,0.89,0.0567,0.1644,81,12,23,32,50,64,72,81
shard1_out_264,600,323,0.5383,12,1.4633,1.3184,0.0599,0.17,323,24,45,84,146,197,267,323
shard1_out_265,600,207,0.345,12,1.2418,1.1191,0.0615,0.2245,207,22,38,67,106,137,177,207
shard1_out_266,600,45,0.075,9,0.979,0.8647,0.0642,0.1429,45,9,15,22,32,34,40,45
shard1_out_267,600,368,0.6133,12,1.5664,1.3444,0.0969,0.0728,368,22,45,81,147,211,291,368
shard1_out_268,600,128,0.2133,11,1.0325,0.8815,0.0674,0.337,128,15,26,40,68,87,111,128
shard1_out_269,600,104,0.1733,13,1.065,0.9646,0.0494,0.1027,104,18,25,39,59,69,84,104
shard1_out_27,600,83,0.1383,10,1.0692,0.9441,0.0567,0.2458,83,11,15,25,44,54,74,83
shard1_out_270,600,117,0.195,12,1.2996,1.1565,0.0637,0.1133,117,17,28,38,55,70,97,117
shard1_out_271,600,92,0.1533,11,1.3144,1.1873,0.0666,0.2468,92,10,15,22,46,60,74,92
shard1_out_272,600,69,0.115,12,1.1515,0.9931,0.0698,0.1037,69,8,14,21,32,46,58,69
shard1_out_273,600,8,0.0133,9,0.8098,0.7259,0.0376,0.1429,8,5,6,6,6,6,7,8
shard1_out_274,600,75,0.125,10,1.1635,1.0292,0.0639,0.1254,75,9,14,24,39,50,64,75
shard1_out_275,600,81,0.135,11,1.0933,0.9726,0.0519,0.0568,81,14,18,28,44,60,73,81
shard1_out_276,600,242,0.4033,12,1.3986,1.2158,0.0649,0.2747,242,21,38,69,106,145,200,242
shard1_out_277,600,190,0.3167,11,1.2417,1.1293,0.0519,0.2431,190,24,41,65,103,128,156,190
shard1_out_278,600,183,0.305,11,1.4081,1.1836,0.0992,0.1285,183,19,36,61,92,115,145,183
shard1_out_279,600,396,0.66,13,1.3194,1.1771,0.0566,0.0053,396,23,47,88,157,222,312,396
shard1_out_28,600,256,0.4267,11,1.4187,1.2516,0.0778,0.2437,256,22,38,70,111,155,207,256
shard1_out_280,600,70,0.1167,12,0.9814,0.8485,0.0567,0.109,70,16,18,27,36,53,61,70
shard1_out_281,600,43,0.0717,9,1.1147,0.9898,0.0632,0.1296,43,10,15,20,27,32,39,43
shard1_out_282,600,91,0.1517,9,1.4084,1.2614,0.0721,0.1436,91,13,21,35,48,62,78,91
shard1_out_283,600,355,0.5917,11,1.5485,1.4204,0.0537,0.1452,355,24,46,84,157,218,286,355
shard1_out_284,600,135,0.225,11,1.1968,1.0784,0.0608,0.2842,135,19,35,46,70,89,117,135
shard1_out_285,600,101,0.1683,13,1.0805,0.9601,0.0603,0.1894,101,14,21,39,57,67,83,101
shard1_out_286,600,122,0.2033,11,1.2392,1.0956,0.0703,0.1009,122,14,23,39,62,76,101,122
shard1_out_287,600,126,0.21,13,1.2514,1.0864,0.075,0.0554,126,16,23,37,58,84,108,126
shard1_out_288,600,317,0.5283,10,1.9351,1.6837,0.1005,0.1377,317,22,43,76,136,188,258,317
shard1_out_289,600,80,0.1333,10,1.222,1.076,0.0605,0.2498,80,15,23,29,44,51,68,80
shard1_out_29,600,124,0.2067,11,1.1847,1.056,0.0611,0.2072,124,18,27,40,62,79,107,124
shard1_out_290,600,106,0.1767,12,1.0603,0.8901,0.0744,0.1008,106,13,21,34,52,68,87,106
shard1_out_291,600,139,0.2317,11,1.2376,1.1442,0.0491,0.0035,139,19,32,45,72,94,118,139
shard1_out_292,600,295,0.4917,10,1.69,1.5085,0.0919,0.2587,295,23,42,66,120,168,232,295
shard1_out_293,600,176,0.2933,14,1.1178,1.0034,0.0604,0.1104,176,16,26,54,80,104,147,176
shard1_out_294,600,179,0.2983,11,1.291,1.1542,0.0651,0.1448,179,18,33,57,83,108,149,179
shard1_out_295,600,305,0.5083,12,1.3114,1.1699,0.0647,0.1287,305,23,40,72,127,181,242,305
shard1_out_296,600,171,0.285,11,1.3596,1.2074,0.0668,0.1318,171,23,37,60,89,121,151,171
shard1_out_297,600,124,0.2067,12,1.1788,1.0642,0.048,0.2198,124,18,28,40,61,80,99,124
shard1_out_298,600,203,0.3383,12,1.2557,1.1155,0.0718,0.117,203,22,36,63,94,124,161,203
shard1_out_299,600,42,0.07,10,0.8412,0.7215,0.0541,0.0773,42,9,12,19,25,30,38,42
shard1_out_3,600,33,0.055,10,0.8797,0.7937,0.0477,0.2508,33,8,10,16,20,25,29,33
shard1_out_30,600,47,0.0783,9,1.184,1.0479,0.056,0.2847,47,11,15,21,27,35,40,47
shard1_out_300,600,115,0.1917,12,1.0964,0.9786,0.0582,0.39,115,16,26,44,65,84,98,115
shard1_out_301,600,73,0.1217,10,1.1156,0.9961,0.0682,0.0262,73,8,17,26,46,53,61,73
shard1_out_302,600,169,0.2817,10,1.3637,1.214,0.0649,0.1781,169,17,31,58,89,115,145,169
shard1_out_303,600,180,0.3,12,1.2505,1.1006,0.0801,0.2003,180,15,28,45,80,110,142,180
shard1_out_304,600,81,0.135,11,1.2291,1.0886,0.0675,0.2218,81,11,17,27,44,59,72,81
shard1_out_305,600,225,0.375,13,1.448,1.3033,0.0705,0.1763,225,23,34,59,108,141,189,225
shard1_out_306,600,171,0.285,13,1.2508,1.1285,0.0625,0.0851,171,14,25,41,77,99,136,171
shard1_out_307,600,299,0.4983,13,1.4735,1.283,0.0715,0.2668,299,24,43,75,135,182,243,299
shard1_out_308,600,246,0.41,9,1.5205,1.3491,0.075,0.3164,246,23,46,79,123,157,208,246
shard1_out_309,600,474,0.79,11,1.7235,1.5624,0.0709,0.1483,474,25,49,91,176,258,374,474
shard1_out_31,600,234,0.39,11,1.348,1.1743,0.0783,0.1191,234,19,35,60,113,147,194,234
shard1_out_310,600,116,0.1933,11,1.1132,0.9964,0.0589,0.2233,116,16,25,36,59,80,104,116
shard1_out_311,600,203,0.3383,10,1.2776,1.1669,0.0561,0.1733,203,24,42,71,114,144,176,203
shard1_out_312,600,92,0.1533,11,1.0595,0.9315,0.0557,0.1828,92,17,26,39,49,61,81,92
shard1_out_313,600,286,0.4767,11,1.2151,1.0627,0.0668,0.0552,286,23,43,81,134,187,245,286
shard1_out_314,600,295,0.4917,13,1.3493,1.2217,0.0648,0.268,295,21,39,73,137,188,244,295
shard1_out_315,600,91,0.1517,9,1.4649,1.2995,0.074,0.0769,91,15,23,32,47,58,71,91
shard1_out_316,600,185,0.3083,11,1.2391,1.1287,0.0532,0.1124,185,20,36,57,94,130,160,185
shard1_out_317,600,173,0.2883,11,1.2247,1.0898,0.0581,0.244,173,20,33,60,87,117,153,173
shard1_out_318,600,143,0.2383,10,1.3327,1.2154,0.0603,0.094,143,18,28,46,77,101,116,143
shard1_out_319,600,277,0.4617,11,1.5426,1.3664,0.086,0.1217,277,19,38,73,122,165,225,277
shard1_out_32,600,189,0.315,11,1.275,1.1305,0.0645,0.2333,189,18,30,52,92,125,156,189
shard1_out_320,600,71,0.1183,10,1.2502,1.1037,0.0656,0.1283,71,10,14,26,39,51,62,71
shard1_out_321,600,121,0.2017,11,1.3088,1.1362,0.0782,0.1267,121,17,21,33,50,70,95,121
shard1_out_322,600,156,0.26,12,1.1977,1.0775,0.0526,0.1263,156,21,35,58,92,108,135,156
shard1_out_323,600,23,0.0383,9,0.9691,0.8351,0.0474,0.2924,23,5,6,9,17,18,20,23
shard1_out_324,600,213,0.355,10,1.5554,1.4004,0.0743,0.0727,213,23,38,63,99,132,178,213
shard1_out_325,600,143,0.2383,13,1.2026,1.0677,0.069,0.0907,143,16,28,48,76,100,121,143
shard1_out_326,600,206,0.3433,8,1.7178,1.5401,0.0881,0.1475,206,22,39,66,109,130,173,206
shard1_out_327,600,325,0.5417,12,1.4599,1.3113,0.0575,0.3965,325,21,41,77,143,196,259,325
shard1_out_328,600,101,0.1683,10,1.3356,1.1966,0.0728,0.0004,101,10,19,28,49,65,88,101
shard1_out_329,600,96,0.16,12,0.9426,0.836,0.0441,0.2007,96,16,30,42,61,74,87,96
shard1_out_33,600,104,0.1733,10,1.2452,1.1086,0.0568,0.25,104,18,27,41,60,73,91,104
shard1_out_330,600,46,0.0767,10,1.1214,1.0293,0.0616,0.0194,46,8,13,18,21,29,38,46
shard1_out_331,600,187,0.3117,10,1.3761,1.225,0.064,0.0806,187,22,36,58,95,124,159,187
shard1_out_332,600,89,0.1483,8,1.4105,1.2283,0.0957,0.3019,89,12,21,33,52,66,77,89
shard1_out_333,600,36,0.06,8,1.2634,1.1123,0.0884,0.1681,36,7,11,13,19,27,32,36
shard1_out_334,600,320,0.5333,10,1.574,1.3985,0.0847,0.1187,320,23,43,83,147,204,267,320
shard1_out_335,600,34,0.0567,9,1.0399,0.9075,0.0597,0.1188,34,5,9,15,22,23,32,34
shard1_out_336,600,304,0.5067,9,1.6744,1.5145,0.0856,0.1714,304,25,47,89,152,197,261,304
shard1_out_337,600,61,0.1017,11,1.0331,0.9228,0.0421,0.275,61,11,17,26,36,42,53,61
shard1_out_338,600,435,0.725,14,1.3633,1.2511,0.0616,0.1632,435,25,49,91,170,239,344,435
shard1_out_339,600,114,0.19,11,1.2893,1.1588,0.0642,0.1215,114,14,23,34,51,72,95,114
shard1_out_34,600,231,0.385,12,1.3222,1.1793,0.0597,0.1605,231,21,41,68,105,140,190,231
shard1_out_340,600,168,0.28,10,1.4539,1.286,0.071,0.1537,168,20,39,64,97,121,150,168
shard1_out_341,600,123,0.205,12,1.0943,0.9713,0.0591,0.1008,123,19,29,43,64,82,106,123
shard1_out_342,600,161,0.2683,10,1.3268,1.189,0.0644,0.0021,161,18,32,56,86,109,138,161
shard1_out_343,600,422,0.7033,10,1.9174,1.6642,0.0926,0.0185,422,25,47,87,154,222,326,422
shard1_out_344,600,165,0.275,10,1.3953,1.2571,0.0713,0.0473,165,16,28,48,75,97,132,165
shard1_out_345,600,461,0.7683,12,1.5936,1.4335,0.0683,0.2188,461,22,44,91,170,246,356,461
shard1_out_346,600,35,0.0583,10,0.9584,0.8621,0.0527,0.2498,35,11,12,20,23,26,30,35
shard1_out_347,600,97,0.1617,12,1.0926,0.9602,0.0568,0.0662,97,16,24,35,51,64,84,97
shard1_out_348,600,127,0.2117,10,1.133,1.0095,0.062,0.0475,127,18,28,46,70,90,110,127
shard1_out_349,600,126,0.21,13,1.1028,0.9409,0.0766,0.2469,126,11,22,33,61,79,103,126
shard1_out_35,600,193,0.3217,13,1.1872,1.0671,0.0546,0.2009,193,23,35,57,96,124,162,193
shard1_out_350,600,198,0.33,11,1.312,1.1608,0.0654,0.1752,198,18,31,59,103,137,169,198
shard1_out_351,600,199,0.3317,11,1.3657,1.2119,0.068,0.3337,199,19,35,63,95,129,167,199
shard1_out_352,600,387,0.645,12,1.5524,1.4056,0.0746,0.0597,387,24,48,84,158,227,312,387
shard1_out_353,600,246,0.41,10,1.4179,1.2509,0.0603,0.2581,246,22,37,66,111,147,199,246
shard1_out_354,600,148,0.2467,12,1.2076,1.0555,0.0605,0.098,148,18,33,44,69,93,126,148
shard1_out_355,600,355,0.5917,11,1.4513,1.317,0.0614,0.027,355,25,48,90,163,218,293,355
shard1_out_356,600,264,0.44,12,1.2598,1.1311,0.0658,0.1605,264,19,43,75,119,160,213,264
shard1_out_357,600,186,0.31,12,1.2944,1.1172,0.0762,0.3828,186,15,25,48,91,117,153,186
shard1_out_358,600,173,0.2883,11,1.4254,1.2763,0.0755,0.008,173,21,35,58,86,119,151,173
shard1_out_359,600,410,0.6833,12,1.359,1.2481,0.0481,0.1017,410,24,46,86,165,230,328,410
shard1_out_36,600,60,0.1,10,1.1706,1.0365,0.0555,0.1212,60,10,15,20,28,43,51,60
shard1_out_360,600,84,0.14,11,1.1224,1.0152,0.0508,0.0002,84,13,23,35,48,61,72,84
shard1_out_361,600,163,0.2717,9,1.5536,1.3942,0.0805,0.17,163,21,34,47,75,100,127,163
shard1_out_362,600,229,0.3817,12,1.3601,1.1895,0.0646,0.1277,229,23,41,73,115,146,190,229
shard1_out_363,600,230,0.3833,10,1.4037,1.2829,0.0624,0.209,230,21,35,60,108,138,191,230
shard1_out_364,600,232,0.3867,11,1.2837,1.1308,0.0735,0.2313,232,21,33,57,107,137,188,232
shard1_out_365,600,102,0.17,11,1.0709,0.9259,0.0584,0.1111,102,19,26,45,64,72,86,102
shard1_out_366,600,396,0.66,13,1.4061,1.2787,0.0611,0.1535,396,24,48,91,164,226,315,396
shard1_out_367,600,121,0.2017,14,1.0498,0.9208,0.064,0.0833,121,14,24,35,59,75,100,121
shard1_out_368,600,248,0.4133,14,1.1713,1.058,0.0506,0.2011,248,20,36,61,108,144,196,248
shard1_out_369,600,162,0.27,9,1.5895,1.423,0.0803,0.0021,162,17,27,47,75,109,141,162
shard1_out_37,600,125,0.2083,12,1.2507,1.1016,0.069,0.1595,125,12,20,36,57,82,109,125
shard1_out_370,600,109,0.1817,9,1.3141,1.1443,0.0777,0.1486,109,16,24,35,56,72,93,109
shard1_out_371,600,168,0.28,12,1.2582,1.09,0.0771,0.347,168,14,26,42,77,101,140,168
shard1_out_372,600,173,0.2883,13,1.0941,0.9865,0.0447,0.2666,173,24,38,62,103,124,148,173
shard1_out_373,600,199,0.3317,10,1.4185,1.2782,0.0689,0.2863,199,19,37,59,97,133,175,199
shard1_out_374,600,280,0.4667,12,1.3562,1.2254,0.0697,0.0025,280,23,41,72,123,168,227,280
shard1_out_38,600,157,0.2617,10,1.3325,1.1568,0.0822,0.1296,157,17,31,49,78,103,131,157
shard1_out_39,600,140,0.2333,10,1.221,1.059,0.0885,0.2435,140,20,33,53,79,104,125,140
shard1_out_4,600,84,0.14,13,1.021,0.9103,0.0517,0.0959,84,13,21,27,45,57,71,84
shard1_out_40,600,248,0.4133,13,1.348,1.2023,0.0591,0.0623,248,21,34,62,111,149,200,248
shard1_out_41,600,130,0.2167,11,1.0477,0.9312,0.0505,0.1787,130,20,35,56,80,96,121,130
shard1_out_42,600,322,0.5367,11,1.5371,1.3963,0.0692,0.3314,322,23,41,78,140,188,265,322
shard1_out_43,600,88,0.1467,9,1.2769,1.167,0.0625,0.0026,88,13,23,39,54,66,79,88
shard1_out_44,600,251,0.4183,11,1.3127,1.1787,0.0642,0.1557,251,22,40,65,116,164,217,251
shard1_out_45,600,121,0.2017,11,1.3557,1.1896,0.0689,0.195,121,15,25,37,65,83,106,121
shard1_out_46,600,96,0.16,11,1.3216,1.1905,0.0608,0.2122,96,17,28,42,56,68,81,96
shard1_out_47,600,175,0.2917,13,1.2082,1.0588,0.0699,0.2891,175,12,26,41,84,108,142,175
shard1_out_48,600,441,0.735,13,1.6789,1.5275,0.0725,0.1494,441,24,48,89,168,241,340,441
shard1_out_49,600,230,0.3833,12,1.266,1.1204,0.0683,0.16,230,19,39,65,113,151,194,230
shard1_out_5,600,80,0.1333,11,1.1121,0.9763,0.0551,0.3231,80,10,17,28,40,55,68,80
shard1_out_50,600,119,0.1983,10,1.3165,1.1757,0.0654,0.1792,119,18,29,45,66,83,104,119
shard1_out_51,600,72,0.12,9,1.2007,1.075,0.0577,0.1741,72,16,25,31,45,55,65,72
shard1_out_52,600,130,0.2167,10,1.3539,1.1839,0.0723,0.1173,130,12,21,40,63,87,112,130
shard1_out_53,600,66,0.11,11,1.1033,0.9832,0.0602,0.1185,66,16,24,30,40,48,58,66
shard1_out_54,600,32,0.0533,11,0.989,0.8788,0.0494,0.1389,32,6,9,14,15,20,27,32
shard1_out_55,600,345,0.575,11,1.6667,1.448,0.094,0.1296,345,22,45,79,143,195,274,345
shard1_out_56,600,131,0.2183,8,1.5012,1.3086,0.0893,0.1575,131,16,29,44,71,89,115,131
shard1_out_57,600,389,0.6483,12,1.5741,1.3514,0.0937,0.0022,389,23,43,78,150,208,311,389
shard1_out_58,600,567,0.945,12,1.8859,1.7033,0.0736,0.0013,567,25,50,98,194,290,430,567
shard1_out_59,600,254,0.4233,13,1.2616,1.1145,0.0634,0.1051,254,21,36,70,119,161,214,254
shard1_out_6,600,378,0.63,11,1.7147,1.4871,0.0875,0.215,378,25,46,86,161,222,301,378
shard1_out_60,600,174,0.29,14,1.2431,1.109,0.0594,0.0907,174,16,22,47,88,114,151,174
shard1_out_61,600,113,0.1883,12,1.2217,1.0995,0.0584,0.2697,113,13,26,39,57,79,103,113
shard1_out_62,600,270,0.45,12,1.2916,1.1451,0.0607,0.2368,270,24,41,69,119,158,212,270
shard1_out_63,600,103,0.1717,11,1.2062,1.0786,0.0595,0.0163,103,19,26,46,64,71,91,103
shard1_out_64,600,79,0.1317,12,0.9026,0.7927,0.044,0.2387,79,16,24,37,52,60,72,79
shard1_out_65,600,163,0.2717,11,1.2392,1.0519,0.0712,0.0287,163,20,30,46,81,105,140,163
shard1_out_66,600,358,0.5967,13,1.5109,1.362,0.0765,0.1321,358,24,45,75,146,205,288,358
shard1_out_67,600,104,0.1733,10,1.1741,1.0128,0.076,0.025,104,15,20,38,53,70,91,104
shard1_out_68,600,162,0.27,13,1.0904,0.9451,0.0476,0.1479,162,20,33,51,84,106,136,162
shard1_out_69,600,230,0.3833,11,1.1999,1.0739,0.06,0.1111,230,22,40,69,114,147,194,230
shard1_out_7,600,112,0.1867,12,1.1468,1.003,0.06,0.1815,112,18,29,48,63,78,96,112
shard1_out_70,600,203,0.3383,11,1.1997,1.0993,0.0475,0.0,203,21,41,65,108,139,174,203
shard1_out_71,600,253,0.4217,10,1.5801,1.4005,0.0893,0.0219,253,20,42,75,120,167,211,253
shard1_out_72,600,40,0.0667,8,1.299,1.1282,0.0779,0.3239,40,9,12,15,20,27,37,40
shard1_out_73,600,199,0.3317,10,1.41,1.2291,0.071,0.426,199,20,37,63,103,134,171,199
shard1_out_74,600,170,0.2833,14,1.089,0.9858,0.05,0.3225,170,16,33,57,85,108,139,170
shard1_out_75,600,389,0.6483,12,1.4982,1.3314,0.0779,0.2108,389,25,47,87,159,225,314,389
shard1_out_76,600,128,0.2133,13,1.2184,1.0803,0.0686,0.09,128,18,27,41,66,87,110,128
shard1_out_77,600,341,0.5683,12,1.3931,1.2313,0.0706,0.2145,341,22,42,79,138,192,273,341
shard1_out_78,600,433,0.7217,12,1.4581,1.279,0.0672,0.164,433,24,48,95,167,247,348,433
shard1_out_79,600,150,0.25,11,1.2111,1.0722,0.0641,0.2357,150,18,25,45,76,95,129,150
shard1_out_8,600,121,0.2017,12,1.0501,0.9083,0.0683,0.2003,121,18,30,44,68,84,103,121
shard1_out_80,600,90,0.15,10,1.4555,1.3045,0.0722,0.3187,90,12,22,33,51,61,79,90
shard1_out_81,600,133,0.2217,11,1.0807,0.8998,0.0802,0.1535,133,14,21,40,63,92,109,133
shard1_out_82,600,238,0.3967,12,1.234,1.1144,0.0506,0.1078,238,24,43,81,122,163,205,238
shard1_out_83,600,324,0.54,13,1.3701,1.2503,0.0666,0.0764,324,23,41,80,138,190,256,324
shard1_out_84,600,54,0.09,12,0.9537,0.8132,0.0514,0.3773,54,13,20,29,37,44,52,54
shard1_out_85,600,123,0.205,10,1.2697,1.1575,0.0604,0.0008,123,16,25,38,61,80,108,123
shard1_out_86,600,120,0.2,11,1.1581,1.0268,0.0634,0.2553,120,20,31,47,72,86,105,120
shard1_out_87,600,375,0.625,14,1.3487,1.2039,0.0555,0.0714,375,25,49,90,159,219,302,375
shard1_out_88,600,24,0.04,9,0.9332,0.7998,0.0532,0.2867,24,7,9,14,16,16,18,24
shard1_out_89,600,229,0.3817,13,1.192,1.0532,0.0569,0.2806,229,20,38,70,116,149,190,229
shard1_out_9,600,210,0.35,13,1.0981,0.962,0.0708,0.2274,210,22,37,66,111,140,183,210
shard1_out_90,600,388,0.6467,11,1.7211,1.499,0.0998,0.0935,388,25,48,89,161,220,303,388
shard1_out_91,600,147,0.245,11,1.3333,1.1752,0.0654,0.285,147,22,32,53,80,102,125,147
shard1_out_92,600,78,0.13,9,1.4186,1.2346,0.087,0.1396,78,13,17,27,41,49,67,78
shard1_out_93,600,234,0.39,10,1.4153,1.2363,0.0693,0.1294,234,20,38,62,106,139,182,234
shard1_out_94,600,123,0.205,11,1.1548,1.0237,0.0611,0.4702,123,21,34,43,63,77,101,123
shard1_out_95,600,118,0.1967,9,1.42,1.2619,0.0685,0.0031,118,15,29,44,61,88,106,118
shard1_out_96,600,232,0.3867,10,1.4081,1.2446,0.0732,0.3267,232,21,39,70,110,145,189,232
shard1_out_97,600,82,0.1367,11,1.0859,0.9707,0.0493,0.1407,82,17,24,35,42,58,68,82
shard1_out_98,600,121,0.2017,10,1.4393,1.2643,0.0699,0.2556,121,19,31,45,64,83,107,121
shard1_out_99,600,255,0.425,13,1.2863,1.1729,0.0515,0.0538,255,24,40,69,117,155,211,255
shard2_out_0,600,198,0.33,9,1.5412,1.3342,0.1121,0.1448,198,18,31,57,94,126,168,198
shard2_out_1,600,226,0.3767,12,1.2924,1.1662,0.0574,0.4235,226,22,38,67,111,144,190,226
shard2_out_10,600,327,0.545,13,1.4108,1.2468,0.0646,0.2733,327,21,41,78,136,197,273,327
shard2_out_100,600,215,0.3583,11,1.2774,1.1423,0.0547,0.1748,215,22,42,68,110,144,180,215
shard2_out_101,600,77,0.1283,9,1.2658,1.0807,0.0916,0.2857,77,15,21,30,43,54,66,77
shard2_out_102,600,483,0.805,13,1.639,1.4722,0.0743,0.1517,483,25,49,90,176,257,375,483
shard2_out_103,600,96,0.16,11,1.1963,1.0585,0.0601,0.1018,96,15,25,33,51,63,80,96
shard2_out_104,600,75,0.125,11,1.1076,0.9728,0.0625,0.1441,75,14,18,27,37,49,59,75
shard2_out_105,600,14,0.0233,12,0.6975,0.6358,0.0333,0.0,14,2,7,8,11,12,13,14
shard2_out_106,600,120,0.2,8,1.2765,1.0222,0.1653,0.3386,120,10,18,31,57,78,100,120
shard2_out_107,600,512,0.8533,10,2.0118,1.7736,0.0983,0.1458,512,25,50,97,181,265,390,512
shard2_out_108,600,133,0.2217,9,1.3786,1.2502,0.066,0.0017,133,21,32,44,70,87,114,133
shard2_out_109,600,167,0.2783,10,1.4489,1.2651,0.0841,0.3346,167,15,30,53,91,110,136,167
shard2_out_11,600,190,0.3167,11,1.3309,1.1796,0.0625,0.1368,190,22,38,59,94,132,168,190
shard2_out_110,600,272,0.4533,12,1.3983,1.2338,0.065,0.0768,272,19,39,69,118,161,213,272
shard2_out_111,600,52,0.0867,10,0.8941,0.7652,0.0715,0.2935,52,10,18,27,33,40,48,52
shard2_out_112,600,152,0.2533,9,1.5668,1.3645,0.0863,0.0002,152,14,26,48,80,104,130,152
shard2_out_113,600,588,0.98,14,1.7504,1.5556,0.068,0.1339,588,25,50,99,198,297,443,588
shard2_out_114,600,42,0.07,10,1.0543,0.9262,0.0585,0.3742,42,5,10,14,27,30,37,42
shard2_out_115,600,49,0.0817,8,1.1661,1.0457,0.0688,0.1667,49,11,13,21,29,33,41,49
shard2_out_116,600,273,0.455,14,1.2059,1.0991,0.0532,0.2608,273,24,43,70,120,164,221,273
shard2_out_117,600,297,0.495,12,1.4935,1.3258,0.0741,0.1005,297,24,42,72,127,174,238,297
shard2_out_118,600,140,0.2333,12,1.0913,0.9785,0.0555,0.2433,140,16,29,46,71,94,122,140
shard2_out_119,600,191,0.3183,11,1.3071,1.1697,0.0574,0.0506,191,24,44,65,103,129,166,191
shard2_out_12,600,60,0.1,10,1.0597,0.9196,0.0704,0.2323,60,8,16,23,36,43,52,60
shard2_out_120,600,414,0.69,13,1.4965,1.3553,0.0745,0.09,414,24,47,92,168,238,333,414
shard2_out_121,600,129,0.215,10,1.1162,0.9988,0.0566,0.1762,129,18,28,48,76,92,109,129
shard2_out_122,600,256,0.4267,12,1.2589,1.153,0.0522,0.3002,256,24,44,79,118,164,216,256
shard2_out_123,600,89,0.1483,12,1.1902,1.0634,0.0631,0.3258,89,10,18,22,42,57,78,89
shard2_out_124,600,217,0.3617,11,1.314,1.1797,0.0627,0.0885,217,20,36,60,102,132,174,217
shard2_out_125,600,315,0.525,10,1.519,1.2959,0.0941,0.1246,315,25,46,76,134,189,257,315
shard2_out_126,600,171,0.285,12,1.1755,1.0634,0.0541,0.3043,171,21,35,61,91,121,146,171
shard2_out_127,600,89,0.1483,10,1.1622,1.0228,0.083,0.1329,89,12,20,29,53,63,74,89
shard2_out_128,600,116,0.1933,9,1.4692,1.2966,0.0819,0.1512,116,17,27,45,60,79,99,116
shard2_out_129,600,234,0.39,10,1.3442,1.0981,0.0914,0.2306,234,23,39,61,109,137,185,234
shard2_out_13,600,61,0.1017,12,0.9916,0.8841,0.0504,0.1003,61,11,18,27,39,49,56,61
shard2_out_130,600,344,0.5733,14,1.3343,1.164,0.0584,0.0939,344,23,46,87,145,204,273,344
shard2_out_131,600,96,0.16,13,1.0253,0.911,0.0611,0.2729,96,15,22,34,52,61,76,96
shard2_out_132,600,68,0.1133,12,1.0493,0.9164,0.054,0.1077,68,11,17,29,40,50,55,68
shard2_out_133,600,205,0.3417,10,1.431,1.2906,0.0666,0.2169,205,21,43,70,109,137,171,205
shard2_out_134,600,200,0.3333,14,1.1151,0.9988,0.0488,0.1845,200,20,36,59,95,123,164,200
shard2_out_135,600,169,0.2817,12,1.2832,1.1633,0.0565,0.07,169,21,32,53,88,117,143,169
shard2_out_136,600,242,0.4033,11,1.4141,1.2156,0.0914,0.1398,242,22,40,67,116,150,194,242
shard2_out_137,600,81,0.135,11,1.1165,1.0045,0.0563,0.2611,81,12,21,30,48,64,74,81
shard2_out_138,600,137,0.2283,11,1.3245,1.1539,0.0752,0.0883,137,19,31,46,72,89,117,137
shard2_out_139,600,448,0.7467,11,1.4201,1.278,0.0587,0.1072,448,25,49,93,177,247,350,448
shard2_out_14,600,36,0.06,10,0.8834,0.7698,0.0535,0.2498,36,10,15,21,25,28,33,36
shard2_out_140,600,82,0.1367,8,1.1532,0.9958,0.0718,0.2725,82,15,25,38,54,64,75,82
shard2_out_141,600,125,0.2083,10,1.383,1.238,0.0598,0.189,125,17,29,46,71,86,109,125
shard2_out_142,600,216,0.36,14,1.2373,1.1321,0.0518,0.1924,216,23,37,68,104,139,180,216
shard2_out_143,600,37,0.0617,12,0.8148,0.6722,0.0592,0.2012,37,10,13,18,25,32,35,37
shard2_out_144,600,98,0.1633,12,1.1224,1.0112,0.0529,0.109,98,18,27,41,59,70,86,98
shard2_out_145,600,118,0.1967,10,1.4031,1.2718,0.0697,0.0762,118,15,24,39,66,84,101,118
shard2_out_146,600,162,0.27,10,1.3559,1.2154,0.0633,0.1448,162,21,36,60,91,114,139,162
shard2_out_147,600,393,0.655,11,1.459,1.3155,0.0668,0.0331,393,25,47,88,159,223,310,393
shard2_out_148,600,112,0.1867,12,1.0601,0.9613,0.0495,0.1,112,17,28,40,61,77,98,112
shard2_out_149,600,99,0.165,13,1.048,0.9189,0.0621,0.0923,99,14,24,36,53,71,87,99
shard2_out_15,600,515,0.8583,13,1.6599,1.4668,0.0724,0.0027,515,25,49,97,192,273,393,515
shard2_out_150,600,71,0.1183,10,1.1447,1.0293,0.0544,0.25,71,15,24,35,47,52,60,71
shard2_out_151,600,148,0.2467,11,1.2321,1.1155,0.0691,0.2918,148,16,25,41,74,94,122,148
shard2_out_152,600,114,0.19,11,1.3295,1.1989,0.0616,0.2437,114,17,26,37,65,84,100,114
shard2_out_153,600,262,0.4367,11,1.3503,1.2015,0.0629,0.177,262,22,42,77,127,172,226,262
shard2_out_154,600,34,0.0567,10,0.9333,0.8199,0.0589,0.1252,34,8,11,14,19,23,30,34
shard2_out_155,600,292,0.4867,14,1.2018,1.0561,0.0579,0.1199,292,23,44,71,130,183,247,292
shard2_out_156,600,168,0.28,8,1.5287,1.3125,0.0881,0.2275,168,20,30,54,87,115,149,168
shard2_out_157,600,35,0.0583,8,0.9982,0.8725,0.0717,0.3336,35,8,10,17,21,24,33,35
shard2_out_158,600,105,0.175,13,1.1104,0.9867,0.0642,0.2771,105,13,21,35,54,72,90,105
shard2_out_159,600,80,0.1333,13,1.0903,0.9716,0.0606,0.1001,80,8,16,24,35,47,67,80
shard2_out_16,600,344,0.5733,11,1.3925,1.2628,0.0616,0.1441,344,23,43,85,151,201,283,344
shard2_out_160,600,65,0.1083,9,1.2502,1.1174,0.0707,0.0953,65,13,20,28,39,46,56,65
shard2_out_161,600,111,0.185,10,1.3678,1.1769,0.0888,0.105,111,15,26,37,54,76,92,111
shard2_out_162,600,215,0.3583,11,1.5965,1.4595,0.0762,0.1163,215,19,37,61,103,133,177,215
shard2_out_163,600,16,0.0267,8,0.9562,0.8448,0.0686,0.015,16,5,8,11,14,15,16,16
shard2_out_164,600,134,0.2233,9,1.509,1.3725,0.0714,0.0991,134,18,27,45,68,88,111,134
shard2_out_165,600,61,0.1017,9,1.2121,1.0859,0.0659,0.2312,61,13,20,27,33,43,51,61
shard2_out_166,600,26,0.0433,9,0.8775,0.7456,0.0517,0.1096,26,8,11,12,16,20,24,26
shard2_out_167,600,179,0.2983,11,1.5432,1.335,0.0907,0.3863,179,20,35,47,73,101,141,179
shard2_out_168,600,568,0.9467,13,1.6441,1.4674,0.0729,0.1685,568,25,50,99,195,291,428,568
shard2_out_169,600,85,0.1417,10,1.0866,0.9712,0.043,0.1746,85,15,25,39,57,69,80,85
shard2_out_17,600,237,0.395,12,1.2415,1.1098,0.0592,0.054,237,25,45,76,115,149,194,237
shard2_out_170,600,189,0.315,11,1.3941,1.2228,0.0685,0.1289,189,20,38,62,105,133,168,189
shard2_out_171,600,100,0.1667,10,1.293,1.1066,0.0761,0.1102,100,12,27,40,54,68,87,100
shard2_out_172,600,126,0.21,10,1.2604,1.1217,0.0719,0.0037,126,15,24,37,67,90,110,126
shard2_out_173,600,298,0.4967,10,1.5952,1.3912,0.0939,0.251,298,23,43,76,124,177,240,298
shard2_out_174,600,119,0.1983,11,1.1258,1.0194,0.0606,0.1111,119,16,31,46,63,87,106,119
shard2_out_175,600,217,0.3617,11,1.2766,1.149,0.0576,0.177,217,21,41,70,109,143,184,217
shard2_out_176,600,350,0.5833,14,1.2878,1.1379,0.0611,0.1242,350,25,47,87,146,207,276,350
shard2_out_177,600,142,0.2367,11,1.2616,1.128,0.0625,0.0955,142,16,28,44,71,98,126,142
shard2_out_178,600,191,0.3183,10,1.2546,1.1136,0.0596,0.2885,191,23,43,75,114,145,166,191
shard2_out_179,600,120,0.2,12,1.1655,1.0545,0.0523,0.0818,120,19,29,47,64,79,100,120
shard2_out_18,600,232,0.3867,10,1.4259,1.259,0.0753,0.2923,232,20,39,66,110,150,197,232
shard2_out_180,600,234,0.39,12,1.3951,1.2337,0.0687,0.0005,234,21,37,69,109,147,195,234
shard2_out_181,600,123,0.205,9,1.3261,1.1966,0.0694,0.1441,123,19,31,47,73,85,108,123
shard2_out_182,600,414,0.69,12,1.4131,1.2554,0.0684,0.057,414,23,46,90,168,240,338,414
shard2_out_183,600,173,0.2883,12,1.4423,1.2642,0.0789,0.0628,173,20,32,48,86,110,145,173
shard2_out_184,600,169,0.2817,12,1.1166,0.9461,0.0578,0.2263,169,20,35,54,88,115,149,169
shard2_out_185,600,459,0.765,10,1.747,1.5329,0.0901,0.0102,459,25,48,87,175,258,362,459
shard2_out_186,600,329,0.5483,14,1.3187,1.1828,0.0592,0.0928,329,22,42,78,135,184,260,329
shard2_out_187,600,278,0.4633,10,1.5313,1.3013,0.0941,0.1027,278,22,40,77,124,166,226,278
shard2_out_188,600,89,0.1483,10,1.1953,1.0717,0.065,0.3775,89,10,15,31,45,61,77,89
shard2_out_189,600,102,0.17,11,1.174,1.056,0.0509,0.2944,102,16,26,41,58,72,91,102
shard2_out_19,600,121,0.2017,10,1.2758,1.1546,0.0621,0.1252,121,20,28,45,63,74,96,121
shard2_out_190,600,150,0.25,8,1.6705,1.4757,0.0888,0.0567,150,21,30,48,74,94,123,150
shard2_out_191,600,37,0.0617,11,0.9599,0.8648,0.0507,0.3479,37,8,10,16,24,27,31,37
shard2_out_192,600,167,0.2783,12,1.1794,1.0276,0.0676,0.1295,167,20,34,58,85,112,142,167
shard2_out_193,600,223,0.3717,10,1.5053,1.3173,0.077,0.0971,223,19,38,65,102,140,185,223
shard2_out_194,600,140,0.2333,10,1.3829,1.2327,0.0735,0.1367,140,15,27,48,77,97,124,140
shard2_out_195,600,129,0.215,11,1.3566,1.2234,0.0592,0.1629,129,16,24,44,67,84,115,129
shard2_out_196,600,320,0.5333,11,1.4801,1.313,0.0716,0.2141,320,25,46,83,139,190,252,320
shard2_out_197,600,235,0.3917,11,1.3996,1.231,0.073,0.2403,235,19,35,65,104,147,204,235
shard2_out_198,600,314,0.5233,9,1.6528,1.4562,0.0839,0.2921,314,24,45,78,135,189,253,314
shard2_out_199,600,69,0.115,12,0.8924,0.7644,0.0511,0.2005,69,14,19,26,39,49,59,69
shard2_out_2,600,102,0.17,11,1.1244,1.0205,0.0537,0.1474,102,14,27,46,63,77,91,102
shard2_out_20,600,19,0.0317,10,0.7662,0.667,0.0494,0.2502,19,4,5,9,11,14,17,19
shard2_out_200,600,97,0.1617,10,1.146,1.0148,0.0662,0.4121,97,15,21,33,51,63,82,97
shard2_out_201,600,41,0.0683,8,1.2709,1.1374,0.0708,0.1686,41,9,14,19,24,27,38,41
shard2_out_202,600,365,0.6083,11,1.5928,1.414,0.0792,0.0152,365,25,48,87,156,217,297,365
shard2_out_203,600,142,0.2367,10,1.2054,1.0617,0.0663,0.3423,142,18,31,48,78,99,124,142
shard2_out_204,600,93,0.155,11,1.1004,0.9435,0.0683,0.2261,93,15,26,39,55,70,83,93
shard2_out_205,600,498,0.83,12,1.596,1.42,0.0798,0.1073,498,25,48,96,180,260,388,498
shard2_out_206,600,306,0.51,12,1.3689,1.2176,0.0596,0.0337,306,23,43,76,140,184,237,306
shard2_out_207,600,180,0.3,14,1.0164,0.862,0.0666,0.1072,180,20,35,51,93,126,156,180
shard2_out_208,600,292,0.4867,11,1.3434,1.0336,0.1102,0.2498,292,24,46,77,143,186,241,292
shard2_out_209,600,87,0.145,8,1.3935,1.2288,0.0833,0.0161,87,13,22,30,48,58,76,87
shard2_out_21,600,92,0.1533,10,1.2551,1.127,0.069,0.125,92,16,24,37,52,64,72,92
shard2_out_210,600,21,0.035,10,0.7624,0.6801,0.0414,0.1252,21,3,4,8,13,14,18,21
shard2_out_211,600,203,0.3383,11,1.6044,1.4501,0.0803,0.2637,203,19,34,53,85,112,155,203
shard2_out_212,600,309,0.515,11,1.5147,1.3175,0.0848,0.1824,309,23,44,77,129,179,251,309
shard2_out_213,600,140,0.2333,9,1.4769,1.3229,0.0727,0.0281,140,19,34,50,75,96,117,140
shard2_out_214,600,98,0.1633,14,0.9432,0.8325,0.0444,0.2614,98,14,20,36,50,60,80,98
shard2_out_215,600,35,0.0583,9,0.9967,0.8438,0.0774,0.2433,35,8,12,18,22,27,33,35
shard2_out_216,600,287,0.4783,12,1.5129,1.3387,0.0736,0.1067,287,24,43,73,125,169,225,287
shard2_out_217,600,125,0.2083,11,1.2663,1.0524,0.1089,0.1483,125,18,30,45,65,83,107,125
shard2_out_218,600,142,0.2367,11,1.2464,1.1029,0.0665,0.175,142,20,31,52,84,101,125,142
shard2_out_219,600,62,0.1033,12,1.1012,0.9534,0.0532,0.2127,62,15,21,26,38,47,56,62
shard2_out_22,600,335,0.5583,11,1.353,1.2365,0.0538,0.1463,335,24,44,83,145,202,279,335
shard2_out_220,600,35,0.0583,11,0.8595,0.7482,0.0493,0.2983,35,6,9,15,25,28,31,35
shard2_out_221,600,227,0.3783,13,1.2189,1.0594,0.0838,0.4083,227,17,29,53,94,132,180,227
shard2_out_222,600,64,0.1067,10,1.0674,0.924,0.053,0.161,64,13,20,30,40,48,61,64
shard2_out_223,600,340,0.5667,11,1.4963,1.3431,0.0667,0.2363,340,23,45,87,158,219,285,340
shard2_out_224,600,52,0.0867,12,0.9974,0.9162,0.0425,0.1897,52,8,14,17,30,38,46,52
shard2_out_225,600,451,0.7517,13,1.4141,1.2354,0.0611,0.2615,451,24,48,92,172,245,350,451
shard2_out_226,600,99,0.165,11,1.1017,0.9912,0.0503,0.2272,99,16,26,36,56,73,88,99
shard2_out_227,600,325,0.5417,14,1.2995,1.1744,0.0589,0.0893,325,23,43,75,136,187,267,325
shard2_out_228,600,90,0.15,10,1.138,1.008,0.0603,0.1379,90,17,22,37,53,63,75,90
shard2_out_229,600,65,0.1083,11,0.9773,0.8399,0.0555,0.2229,65,15,21,28,34,44,58,65
shard2_out_23,600,225,0.375,13,1.2128,1.0895,0.057,0.0242,225,22,38,64,103,139,183,225
shard2_out_230,600,191,0.3183,10,1.5459,1.4048,0.0793,0.1329,191,21,36,60,93,122,164,191
shard2_out_231,600,132,0.22,10,1.2026,1.0744,0.0616,0.1392,132,17,27,47,75,88,112,132
shard2_out_232,600,134,0.2233,11,1.1706,1.0492,0.0557,0.2853,134,17,28,44,79,92,115,134
shard2_out_233,600,34,0.0567,10,0.9819,0.8893,0.0503,0.3787,34,7,9,12,21,25,29,34
shard2_out_234,600,68,0.1133,11,1.0462,0.9383,0.0554,0.1231,68,12,17,21,33,46,57,68
shard2_out_235,600,195,0.325,11,1.3087,1.1651,0.0705,0.1155,195,20,36,53,92,130,169,195
shard2_out_236,600,206,0.3433,12,1.1264,1.0402,0.0469,0.1165,206,22,38,65,104,140,174,206
shard2_out_237,600,158,0.2633,12,1.094,0.9915,0.0487,0.085,158,21,33,52,77,103,141,158
shard2_out_238,600,298,0.4967,12,1.3936,1.2451,0.0656,0.0898,298,22,42,80,133,188,243,298
shard2_out_239,600,39,0.065,10,1.0002,0.8957,0.0541,0.25,39,10,12,20,24,27,34,39
shard2_out_24,600,353,0.5883,13,1.298,1.1677,0.0614,0.1289,353,24,47,88,160,214,280,353
shard2_out_240,600,47,0.0783,8,1.2204,1.0976,0.069,0.1556,47,9,14,19,25,29,38,47
shard2_out_241,600,408,0.68,13,1.4697,1.2597,0.0883,0.0841,408,24,45,89,170,238,326,408
shard2_out_242,600,42,0.07,11,1.0883,0.9529,0.0501,0.0735,42,7,12,16,25,30,37,42
shard2_out_243,600,38,0.0633,11,1.0478,0.9188,0.0488,0.0004,38,6,7,10,18,27,35,38
shard2_out_244,600,141,0.235,10,1.5054,1.2875,0.0823,0.2952,141,14,23,36,65,84,116,141
shard2_out_245,600,225,0.375,11,1.3058,1.1505,0.0611,0.1172,225,24,42,69,107,156,188,225
shard2_out_246,600,22,0.0367,10,0.9736,0.8763,0.0452,0.0298,22,5,6,8,13,14,21,22
shard2_out_247,600,328,0.5467,12,1.3851,1.2156,0.0749,0.1008,328,22,43,75,132,201,268,328
shard2_out_248,600,43,0.0717,9,1.0251,0.8871,0.0707,0.0329,43,7,10,17,26,32,36,43
shard2_out_249,600,312,0.52,10,1.5668,1.4208,0.0706,0.3219,312,25,45,76,129,184,252,312
shard2_out_25,600,255,0.425,11,1.5673,1.4222,0.0723,0.0072,255,22,39,68,111,156,209,255
shard2_out_250,600,200,0.3333,12,1.2878,1.1367,0.075,0.105,200,19,36,55,101,131,166,200
shard2_out_251,600,165,0.275,9,1.4004,1.2574,0.0766,0.3274,165,18,33,53,83,104,143,165
shard2_out_252,600,112,0.1867,14,1.0201,0.8613,0.0656,0.2306,112,14,24,37,56,71,96,112
shard2_out_253,600,19,0.0317,9,0.9039,0.7966,0.0582,0.1422,19,5,6,8,12,15,16,19
shard2_out_254,600,98,0.1633,11,1.1696,1.0422,0.0613,0.2246,98,13,20,30,55,67,83,98
shard2_out_255,600,220,0.3667,9,1.4998,1.3614,0.0668,0.0929,220,22,36,69,115,152,187,220
shard2_out_256,600,146,0.2433,11,1.1445,1.052,0.0486,0.1913,146,25,38,66,93,105,129,146
shard2_out_257,600,66,0.11,11,1.0916,0.9812,0.0532,0.1111,66,10,11,21,32,44,57,66
shard2_out_258,600,167,0.2783,12,1.0974,0.9788,0.0572,0.1022,167,18,25,47,75,107,140,167
shard2_out_259,600,282,0.47,12,1.4194,1.3036,0.0601,0.2955,282,22,41,69,123,174,229,282
shard2_out_26,600,443,0.7383,14,1.4437,1.2725,0.0621,0.0893,443,23,45,86,171,242,342,443
shard2_out_260,600,153,0.255,9,1.5351,1.3259,0.0814,0.2828,153,18,30,46,71,97,119,153
shard2_out_261,600,245,0.4083,12,1.471,1.2972,0.0655,0.1652,245,20,33,64,113,152,199,245
shard2_out_262,600,132,0.22,12,1.0675,0.9432,0.055,0.1978,132,17,28,47,74,93,114,132
shard2_out_263,600,33,0.055,8,1.2009,1.0189,0.0775,0.167,33,6,11,16,18,21,23,33
shard2_out_264,600,328,0.5467,13,1.3558,1.2127,0.0587,0.1526,328,23,42,80,150,192,262,328
shard2_out_265,600,63,0.105,9,1.3821,1.1972,0.0831,0.0088,63,10,15,25,36,47,57,63
shard2_out_266,600,76,0.1267,10,1.2531,1.0844,0.0812,0.2315,76,13,25,35,46,50,66,76
shard2_out_267,600,104,0.1733,10,1.1639,1.0449,0.0585,0.2506,104,14,26,39,57,80,91,104
shard2_out_268,600,105,0.175,12,1.153,1.0188,0.0549,0.2585,105,9,19,34,56,73,93,105
shard2_out_269,600,244,0.4067,11,1.4239,1.2589,0.0618,0.0994,244,22,39,65,112,148,193,244
shard2_out_27,600,32,0.0533,9,0.9704,0.8539,0.0667,0.1453,32,8,8,10,14,21,27,32
shard2_out_270,600,183,0.305,12,1.3596,1.2226,0.0645,0.1153,183,20,35,59,97,114,148,183
shard2_out_271,600,449,0.7483,12,1.4728,1.3318,0.0596,0.1072,449,25,50,97,181,264,361,449
shard2_out_272,600,207,0.345,11,1.2385,1.1388,0.0537,0.102,207,21,35,61,100,133,171,207
shard2_out_273,600,242,0.4033,9,1.4746,1.3403,0.0678,0.1043,242,21,37,67,109,154,206,242
shard2_out_274,600,20,0.0333,10,0.9228,0.8127,0.0546,0.369,20,6,8,9,14,17,19,20
shard2_out_275,600,54,0.09,9,1.2318,1.087,0.0723,0.0026,54,9,12,19,27,32,45,54
shard2_out_276,600,81,0.135,12,1.0635,0.9227,0.0629,0.2713,81,14,21,34,45,56,71,81
shard2_out_277,600,122,0.2033,9,1.3674,1.2432,0.0616,0.2248,122,18,32,46,70,84,105,122
shard2_out_278,600,232,0.3867,11,1.2983,1.167,0.0691,0.1124,232,21,37,63,108,134,183,232
shard2_out_279,600,251,0.4183,13,1.1646,1.0556,0.0444,0.2732,251,21,39,71,122,161,209,251
shard2_out_28,600,109,0.1817,8,1.5149,1.3221,0.0953,0.0206,109,12,22,36,56,79,97,109
shard2_out_280,600,115,0.1917,10,1.2457,1.1066,0.0628,0.0767,115,17,28,47,69,83,103,115
shard2_out_281,600,43,0.0717,10,0.9608,0.8382,0.0526,0.4725,43,8,11,15,22,27,36,43
shard2_out_282,600,166,0.2767,12,1.096,0.9658,0.063,0.2712,166,19,34,58,90,112,140,166
shard2_out_283,600,216,0.36,11,1.4334,1.2608,0.0695,0.132,216,19,34,57,96,132,174,216
shard2_out_284,600,135,0.225,8,1.4528,1.3075,0.0812,0.1731,135,18,33,51,78,100,120,135
shard2_out_285,600,41,0.0683,10,0.9906,0.8553,0.0599,0.0702,41,13,18,22,29,30,39,41
shard2_out_286,600,80,0.1333,9,1.2663,1.1459,0.0665,0.1608,80,15,27,41,51,60,72,80
shard2_out_287,600,60,0.1,10,1.3501,1.1519,0.0887,0.0023,60,13,16,23,32,40,50,60
shard2_out_288,600,36,0.06,10,1.0882,0.977,0.0587,0.0617,36,6,9,16,22,26,31,36
shard2_out_289,600,17,0.0283,10,0.8726,0.7746,0.0444,0.25,17,5,7,9,10,11,15,17
shard2_out_29,600,24,0.04,11,0.9013,0.7763,0.047,0.2959,24,10,11,13,14,17,18,24
shard2_out_290,600,63,0.105,10,1.1004,1.01,0.0479,0.1302,63,13,19,30,44,52,55,63
shard2_out_291,600,74,0.1233,14,0.9672,0.8934,0.0416,0.0836,74,14,17,27,39,52,64,74
shard2_out_292,600,161,0.2683,12,1.1144,0.976,0.0579,0.2003,161,15,33,52,86,110,142,161
shard2_out_293,600,111,0.185,9,1.1998,1.0827,0.0682,0.1986,111,15,25,41,64,79,96,111
shard2_out_294,600,190,0.3167,12,1.216,1.0379,0.0764,0.1595,190,23,39,60,96,128,162,190
shard2_out_295,600,197,0.3283,12,1.3131,1.1988,0.063,0.1213,197,21,36,57,98,125,164,197
shard2_out_296,600,65,0.1083,9,1.3764,1.2339,0.0675,0.146,65,13,20,27,41,51,60,65
shard2_out_297,600,174,0.29,10,1.2356,1.1055,0.0603,0.1052,174,22,37,59,90,124,149,174
shard2_out_298,600,184,0.3067,10,1.3823,1.2458,0.0685,0.0002,184,19,35,57,90,119,154,184
shard2_out_299,600,76,0.1267,12,0.8493,0.752,0.0543,0.1957,76,10,19,29,44,58,66,76
shard2_out_3,600,173,0.2883,12,1.3499,1.2239,0.0609,0.053,173,22,37,57,86,112,146,173
shard2_out_30,600,37,0.0617,8,1.1711,1.0282,0.071,0.1545,37,10,15,20,23,32,34,37
shard2_out_300,600,169,0.2817,12,1.2548,1.1091,0.0623,0.1988,169,17,30,54,82,107,143,169
shard2_out_301,600,103,0.1717,10,1.2154,1.0876,0.0594,0.1667,103,14,26,41,59,75,89,103
shard2_out_302,600,127,0.2117,12,1.0459,0.9493,0.0395,0.1597,127,24,33,52,74,91,114,127
shard2_out_303,600,34,0.0567,10,1.0964,0.9603,0.0607,0.0321,34,9,11,14,23,27,29,34
shard2_out_304,600,85,0.1417,12,0.9644,0.8231,0.0546,0.1465,85,15,22,37,51,59,67,85
shard2_out_305,600,327,0.545,14,1.2301,1.118,0.0509,0.1597,327,20,40,77,139,194,272,327
shard2_out_306,600,414,0.69,14,1.3396,1.2172,0.0559,0.1244,414,24,47,88,167,233,328,414
shard2_out_307,600,98,0.1633,10,1.1183,0.9439,0.0691,0.2498,98,13,22,34,59,67,84,98
shard2_out_308,600,152,0.2533,12,1.1491,1.0118,0.0757,0.2008,152,12,24,37,73,98,122,152
shard2_out_309,600,101,0.1683,10,1.1595,0.9749,0.0822,0.2213,101,16,27,40,56,67,82,101
shard2_out_31,600,284,0.4733,12,1.2809,1.1286,0.0632,0.1935,284,21,43,75,131,179,232,284
shard2_out_310,600,478,0.7967,11,1.724,1.5362,0.0724,0.088,478,24,48,96,181,261,376,478
shard2_out_311,600,228,0.38,12,1.2482,1.1029,0.0622,0.0738,228,23,40,64,111,141,185,228
shard2_out_312,600,368,0.6133,12,1.3945,1.2414,0.0705,0.2695,368,23,47,89,153,219,290,368
shard2_out_313,600,163,0.2717,9,1.3416,1.2062,0.0608,0.1798,163,20,34,51,79,102,136,163
shard2_out_314,600,100,0.1667,12,1.099,0.9782,0.0587,0.3005,100,13,27,37,52,67,84,100
shard2_out_315,600,402,0.67,12,1.5312,1.3948,0.0633,0.1272,402,25,46,89,161,227,317,402
shard2_out_316,600,145,0.2417,11,1.3775,1.2309,0.0765,0.3552,145,16,24,41,66,87,116,145
shard2_out_317,600,312,0.52,13,1.3267,1.1698,0.0734,0.0406,312,24,45,78,132,187,258,312
shard2_out_318,600,130,0.2167,10,1.5092,1.341,0.0826,0.1113,130,18,32,51,80,100,114,130
shard2_out_319,600,49,0.0817,10,1.0474,0.921,0.0617,0.1329,49,9,14,21,34,38,44,49
shard2_out_32,600,77,0.1283,11,0.9442,0.8272,0.0654,0.015,77,14,23,30,43,54,66,77
shard2_out_320,600,79,0.1317,10,1.0166,0.9028,0.0568,0.1019,79,12,24,31,45,57,67,79
shard2_out_321,600,290,0.4833,12,1.6209,1.4548,0.0816,0.0503,290,19,35,65,120,166,223,290
shard2_out_322,600,225,0.375,12,1.2105,1.0577,0.0649,0.1048,225,21,35,65,111,149,194,225
shard2_out_323,600,48,0.08,10,0.9337,0.8351,0.0567,0.2508,48,10,15,20,28,38,43,48
shard2_out_324,600,260,0.4333,13,1.3185,1.1733,0.064,0.2079,260,23,44,71,113,152,213,260
shard2_out_325,600,6,0.01,8,0.5893,0.5222,0.0337,0.333,6,3,4,5,6,6,6,6
shard2_out_326,600,145,0.2417,12,1.2288,1.0732,0.0662,0.1878,145,17,30,48,77,98,121,145
shard2_out_327,600,179,0.2983,10,1.466,1.3032,0.0738,0.1408,179,17,32,55,92,119,152,179
shard2_out_328,600,487,0.8117,12,1.7276,1.5229,0.078,0.1545,487,25,50,98,184,260,375,487
shard2_out_329,600,204,0.34,11,1.2978,1.1464,0.0614,0.0041,204,22,38,62,97,133,171,204
shard2_out_33,600,29,0.0483,10,0.9652,0.8597,0.0624,0.0,29,8,13,14,15,22,25,29
shard2_out_330,600,173,0.2883,11,1.4986,1.3064,0.0755,0.0061,173,18,30,51,77,105,140,173
shard2_out_331,600,16,0.0267,10,0.7566,0.6454,0.0525,0.1331,16,6,7,9,12,14,15,16
shard2_out_332,600,326,0.5433,9,1.7119,1.4876,0.0985,0.0148,326,23,41,76,132,179,261,326
shard2_out_333,600,271,0.4517,13,1.2383,1.1316,0.054,0.1229,271,22,36,61,122,167,225,271
shard2_out_334,600,132,0.22,10,1.3159,1.1812,0.0665,0.1744,132,20,30,47,73,95,114,132
shard2_out_335,600,266,0.4433,13,1.0919,0.9417,0.059,0.2698,266,23,42,84,130,166,219,266
shard2_out_336,600,182,0.3033,13,1.2017,1.0809,0.0544,0.0388,182,17,32,56,94,124,154,182
shard2_out_337,600,119,0.1983,9,1.4275,1.2675,0.0684,0.0007,119,15,30,49,67,83,104,119
shard2_out_338,600,184,0.3067,11,1.2559,1.1164,0.0613,0.2855,184,16,33,55,92,120,156,184
shard2_out_339,600,21,0.035,8,1.3086,1.1961,0.0552,0.1656,21,8,8,8,10,12,15,21
shard2_out_34,600,424,0.7067,12,1.4397,1.3112,0.061,0.1065,424,24,44,89,168,243,345,424
shard2_out_340,600,114,0.19,11,1.333,1.1925,0.0661,0.0015,114,14,22,30,60,80,99,114
shard2_out_341,600,202,0.3367,11,1.2526,1.0723,0.092,0.254,202,18,37,59,105,134,170,202
shard2_out_342,600,118,0.1967,11,1.2047,1.0725,0.0601,0.1235,118,21,24,35,58,75,92,118
shard2_out_343,600,56,0.0933,10,0.9367,0.7806,0.0613,0.3563,56,16,23,28,34,39,53,56
shard2_out_344,600,290,0.4833,10,1.4756,1.3078,0.0706,0.099,290,21,42,81,134,174,240,290
shard2_out_345,600,74,0.1233,11,1.0251,0.9154,0.0639,0.2879,74,9,19,30,41,54,68,74
shard2_out_346,600,58,0.0967,10,1.0001,0.896,0.0513,0.25,58,15,17,27,34,42,52,58
shard2_out_347,600,100,0.1667,10,1.4031,1.2742,0.0724,0.2446,100,12,20,33,54,69,84,100
shard2_out_348,600,206,0.3433,12,1.18,1.0196,0.069,0.3458,206,20,37,58,94,132,172,206
shard2_out_349,600,82,0.1367,10,1.1,0.9777,0.057,0.0,82,12,20,42,53,64,74,82
shard2_out_35,600,183,0.305,11,1.217,1.0704,0.0601,0.2607,183,21,34,58,94,125,151,183
shard2_out_350,600,193,0.3217,12,1.2504,1.1394,0.054,0.193,193,19,37,56,90,115,162,193
shard2_out_351,600,131,0.2183,10,1.2441,1.0961,0.0721,0.3623,131,19,31,43,65,82,113,131
shard2_out_352,600,46,0.0767,10,1.006,0.9009,0.0452,0.2471,46,10,12,18,29,34,38,46
shard2_out_353,600,131,0.2183,9,1.4766,1.3194,0.0777,0.1919,131,16,27,46,70,84,106,131
shard2_out_354,600,428,0.7133,14,1.5516,1.3385,0.0988,0.2349,428,25,45,85,160,229,334,428
shard2_out_355,600,252,0.42,12,1.2429,1.1259,0.0602,0.0687,252,20,39,67,110,159,207,252
shard2_out_356,600,144,0.24,11,1.1637,1.0267,0.0662,0.033,144,20,33,50,82,100,123,144
shard2_out_357,600,39,0.065,12,0.8337,0.7535,0.0424,0.1,39,8,11,16,22,27,37,39
shard2_out_358,600,17,0.0283,8,0.9508,0.8158,0.0574,0.0583,17,6,8,9,11,14,15,17
shard2_out_359,600,53,0.0883,8,1.2588,1.1374,0.0642,0.2647,53,13,16,19,30,36,45,53
shard2_out_36,600,148,0.2467,12,1.0907,0.9627,0.0649,0.1505,148,18,29,45,72,99,119,148
shard2_out_360,600,205,0.3417,11,1.2156,1.0574,0.0627,0.002,205,24,45,69,107,143,171,205
shard2_out_361,600,37,0.0617,9,1.1486,1.0324,0.0615,0.1043,37,8,13,20,25,30,35,37
shard2_out_362,600,89,0.1483,9,1.368,1.1778,0.0826,0.0069,89,11,20,28,47,57,77,89
shard2_out_363,600,20,0.0333,11,0.7732,0.6883,0.0418,0.1748,20,8,13,14,18,18,20,20
shard2_out_364,600,35,0.0583,10,1.1044,0.9718,0.0657,0.2458,35,8,13,16,21,24,32,35
shard2_out_365,600,79,0.1317,12,1.1047,0.9748,0.0565,0.1893,79,12,16,27,43,54,65,79
shard2_out_366,600,185,0.3083,12,1.1864,1.0544,0.0504,0.1482,185,22,39,64,103,127,157,185
shard2_out_367,600,100,0.1667,10,1.1622,1.0181,0.0615,0.3375,100,16,26,42,53,66,83,100
shard2_out_368,600,150,0.25,10,1.2244,1.112,0.0595,0.2798,150,21,35,52,82,104,129,150
shard2_out_369,600,310,0.5167,14,1.3071,1.167,0.0544,0.1952,310,23,41,73,127,180,251,310
shard2_out_37,600,60,0.1,11,1.2351,1.1047,0.0687,0.0026,60,7,13,22,32,41,48,60
shard2_out_370,600,37,0.0617,10,0.9676,0.8624,0.0559,0.2498,37,8,12,14,21,24,32,37
shard2_out_371,600,133,0.2217,9,1.3434,1.2064,0.0665,0.0948,133,17,28,53,79,98,117,133
shard2_out_372,600,118,0.1967,11,1.0558,0.9399,0.0519,0.2692,118,19,32,45,67,80,99,118
shard2_out_373,600,119,0.1983,10,1.3066,1.1512,0.0678,0.2304,119,18,23,39,61,77,97,119
shard2_out_374,600,107,0.1783,12,1.0399,0.8999,0.0644,0.178,107,10,17,36,60,74,93,107
shard2_out_38,600,62,0.1033,10,1.2365,1.0421,0.09,0.1408,62,12,15,24,39,45,56,62
shard2_out_39,600,373,0.6217,13,1.2852,1.1579,0.058,0.1532,373,24,46,84,163,225,304,373
shard2_out_4,600,91,0.1517,13,1.0097,0.9185,0.0588,0.2377,91,16,23,38,47,53,76,91
shard2_out_40,600,169,0.2817,12,1.2156,1.0622,0.084,0.3995,169,19,31,48,85,113,148,169
shard2_out_41,600,53,0.0883,11,0.9414,0.8114,0.0606,0.1226,53,11,16,22,33,42,48,53
shard2_out_42,600,168,0.28,10,1.3692,1.2011,0.0752,0.1004,168,18,31,50,82,107,135,168
shard2_out_43,600,40,0.0667,10,0.9467,0.8379,0.0542,0.25,40,9,14,20,24,30,37,40
shard2_out_44,600,343,0.5717,12,1.4098,1.2732,0.0608,0.092,343,23,48,90,149,203,279,343
shard2_out_45,600,244,0.4067,12,1.2423,1.1043,0.0632,0.1182,244,23,44,67,106,147,199,244
shard2_out_46,600,41,0.0683,11,0.959,0.8187,0.0584,0.2613,41,7,12,19,21,28,35,41
shard2_out_47,600,48,0.08,9,1.1429,0.9931,0.0716,0.0336,48,7,15,22,29,36,44,48
shard2_out_48,600,273,0.455,12,1.466,1.3067,0.0659,0.1495,273,23,41,73,128,167,214,273
shard2_out_49,600,235,0.3917,13,1.1208,1.0257,0.0498,0.2874,235,19,38,71,114,154,193,235
shard2_out_5,600,194,0.3233,10,1.217,1.1031,0.0527,0.241,194,25,45,75,121,148,177,194
shard2_out_50,600,20,0.0333,10,0.9883,0.8882,0.0486,0.2385,20,4,6,9,13,14,15,20
shard2_out_51,600,218,0.3633,12,1.1554,1.0129,0.0598,0.0602,218,24,39,61,106,150,189,218
shard2_out_52,600,428,0.7133,13,1.4865,1.3182,0.0707,0.2095,428,25,49,91,167,235,325,428
shard2_out_53,600,341,0.5683,13,1.299,1.1601,0.0638,0.221,341,23,44,78,146,198,275,341
shard2_out_54,600,207,0.345,8,1.8287,1.6586,0.0917,0.197,207,23,36,62,106,144,175,207
shard2_out_55,600,130,0.2167,13,0.9501,0.8043,0.0705,0.1818,130,18,33,47,69,91,112,130
shard2_out_56,600,102,0.17,13,0.9759,0.8557,0.0513,0.1988,102,14,22,35,54,69,78,102
shard2_out_57,600,245,0.4083,13,1.3576,1.2403,0.0559,0.0108,245,21,39,66,114,151,197,245
shard2_out_58,600,27,0.045,10,0.9419,0.8451,0.0535,0.1304,27,7,11,14,16,19,22,27
shard2_out_59,600,46,0.0767,10,1.0602,0.9391,0.0539,0.1248,46,10,12,17,29,34,41,46
shard2_out_6,600,336,0.56,11,1.4313,1.2326,0.0871,0.1235,336,23,42,81,155,205,283,336
shard2_out_60,600,97,0.1617,10,1.2545,1.1338,0.0566,0.166,97,15,26,38,58,72,84,97
shard2_out_61,600,343,0.5717,12,1.2986,1.1013,0.0797,0.211,343,22,44,79,148,204,275,343
shard2_out_62,600,135,0.225,14,0.9623,0.8815,0.038,0.111,135,19,30,45,77,94,119,135
shard2_out_63,600,263,0.4383,10,1.2815,1.1533,0.0614,0.0348,263,23,39,72,130,168,223,263
shard2_out_64,600,391,0.6517,11,1.6362,1.5133,0.0649,0.0378,391,24,46,91,171,226,308,391
shard2_out_65,600,190,0.3167,12,1.2248,1.1215,0.0487,0.2412,190,21,37,67,104,132,164,190
shard2_out_66,600,257,0.4283,12,1.3248,1.1735,0.0675,0.1102,257,19,35,67,112,154,212,257
shard2_out_67,600,92,0.1533,12,1.2355,1.1135,0.0623,0.1283,92,14,20,33,51,62,77,92
shard2_out_68,600,88,0.1467,12,1.0122,0.9161,0.0532,0.2013,88,11,18,32,49,58,79,88
shard2_out_69,600,286,0.4767,11,1.4392,1.2973,0.0689,0.2179,286,25,46,78,123,169,231,286
shard2_out_7,600,38,0.0633,9,1.0634,0.9224,0.0722,0.2759,38,6,11,17,20,26,32,38
shard2_out_70,600,170,0.2833,8,1.6703,1.4816,0.0848,0.1675,170,22,37,56,90,110,139,170
shard2_out_71,600,256,0.4267,12,1.5812,1.3315,0.1143,0.1852,256,21,35,63,104,147,206,256
shard2_out_72,600,68,0.1133,13,0.9804,0.8658,0.0582,0.0912,68,9,12,24,34,45,58,68
shard2_out_73,600,134,0.2233,10,1.3049,1.167,0.058,0.2148,134,22,35,55,75,98,112,134
shard2_out_74,600,33,0.055,8,1.0273,0.8923,0.0598,0.167,33,9,11,16,19,21,27,33
shard2_out_75,600,186,0.31,11,1.3033,1.1298,0.0782,0.1137,186,16,30,56,88,120,158,186
shard2_out_76,600,122,0.2033,10,1.168,1.0637,0.0585,0.1377,122,21,30,50,71,85,105,122
shard2_out_77,600,27,0.045,11,0.7442,0.6672,0.0384,0.2222,27,9,12,14,17,22,24,27
shard2_out_78,600,91,0.1517,11,1.0732,0.9645,0.0495,0.1155,91,17,25,35,57,68,79,91
shard2_out_79,600,151,0.2517,9,1.3183,1.186,0.0566,0.1429,151,21,35,57,86,112,134,151
shard2_out_8,600,314,0.5233,10,1.5684,1.3789,0.0825,0.0077,314,22,39,77,135,189,255,314
shard2_out_80,600,72,0.12,9,1.2508,1.1351,0.0598,0.1429,72,16,23,30,49,53,65,72
shard2_out_81,600,102,0.17,11,1.1982,1.0609,0.0601,0.2202,102,18,24,40,56,66,87,102
shard2_out_82,600,499,0.8317,12,1.5729,1.4163,0.0681,0.0168,499,25,49,96,188,273,392,499
shard2_out_83,600,104,0.1733,9,1.3834,1.224,0.075,0.2326,104,16,27,39,59,77,94,104
shard2_out_84,600,157,0.2617,13,1.1643,1.0589,0.0525,0.0385,157,19,32,55,86,110,140,157
shard2_out_85,600,119,0.1983,12,1.1353,1.0238,0.0574,0.1515,119,17,29,45,68,79,103,119
shard2_out_86,600,18,0.03,9,0.8686,0.7985,0.0444,0.18,18,4,7,8,12,14,16,18
shard2_out_87,600,30,0.05,11,0.9855,0.8752,0.0496,0.3316,30,6,11,13,19,21,28,30
shard2_out_88,600,70,0.1167,10,1.1585,1.0005,0.0705,0.1102,70,13,15,24,35,45,61,70
shard2_out_89,600,311,0.5183,11,1.6399,1.5004,0.0701,0.1274,311,23,47,77,141,185,256,311
shard2_out_9,600,281,0.4683,12,1.3546,1.1789,0.0768,0.1437,281,25,45,80,141,184,233,281
shard2_out_90,600,34,0.0567,10,0.9144,0.8026,0.0484,0.2465,34,9,14,20,23,24,30,34
shard2_out_91,600,520,0.8667,13,1.5321,1.367,0.0742,0.0971,520,25,49,96,187,273,400,520
shard2_out_92,600,44,0.0733,9,1.136,1.0097,0.0635,0.0957,44,9,12,16,21,32,40,44
shard2_out_93,600,241,0.4017,14,1.3453,1.2195,0.0592,0.0471,241,23,38,63,109,146,201,241
shard2_out_94,600,356,0.5933,10,1.5643,1.37,0.0778,0.084,356,24,45,85,157,207,278,356
shard2_out_95,600,26,0.0433,9,0.9437,0.8214,0.0625,0.1429,26,6,8,10,15,18,24,26
shard2_out_96,600,331,0.5517,11,1.5306,1.2629,0.1046,0.3048,331,24,45,82,143,206,274,331
shard2_out_97,600,289,0.4817,10,1.4021,1.2124,0.0822,0.2215,289,24,47,84,131,176,240,289
shard2_out_98,600,192,0.32,9,1.4558,1.3123,0.0748,0.0962,192,19,35,64,99,130,163,192
shard2_out_99,600,412,0.6867,11,1.7158,1.547,0.0736,0.0915,412,25,47,82,157,227,316,412
shard3_out_0,600,216,0.36,10,1.4514,1.2747,0.0776,0.121,216,22,39,58,93,129,180,216
shard3_out_1,600,95,0.1583,10,1.2048,1.053,0.0611,0.3542,95,15,24,41,56,73,86,95
shard3_out_10,600,93,0.155,11,1.1261,0.9878,0.0639,0.3094,93,10,21,34,47,59,77,93
shard3_out_100,600,346,0.5767,14,1.3447,1.1819,0.0707,0.0983,346,25,48,90,158,207,274,346
shard3_out_101,600,256,0.4267,9,1.7884,1.6273,0.088,0.0567,256,20,39,77,119,156,209,256
shard3_out_102,600,132,0.22,8,1.4916,1.3089,0.0954,0.0575,132,18,33,50,75,91,117,132
shard3_out_103,600,81,0.135,9,1.2109,1.0676,0.0773,0.0767,81,12,19,26,41,59,72,81
shard3_out_104,600,220,0.3667,10,1.2212,1.0255,0.1084,0.149,220,19,35,59,98,133,174,220
shard3_out_105,600,55,0.0917,12,0.952,0.8596,0.0479,0.2005,55,7,12,21,31,38,46,55
shard3_out_106,600,117,0.195,12,1.1386,1.0256,0.0523,0.1788,117,18,27,40,63,85,98,117
shard3_out_107,600,193,0.3217,12,1.2132,1.0408,0.0692,0.0648,193,22,40,61,103,127,164,193
shard3_out_108,600,96,0.16,10,1.2537,1.1089,0.0626,0.1529,96,17,24,38,59,72,86,96
shard3_out_109,600,103,0.1717,12,1.1597,1.054,0.0466,0.0215,103,18,26,37,56,71,87,103
shard3_out_11,600,257,0.4283,11,1.5597,1.4002,0.0743,0.095,257,24,45,77,127,163,211,257
shard3_out_110,600,252,0.42,11,1.4286,1.2623,0.0656,0.035,252,24,45,71,118,160,216,252
shard3_out_111,600,188,0.3133,11,1.294,1.1534,0.0633,0.1213,188,23,37,64,96,130,171,188
shard3_out_112,600,125,0.2083,9,1.3196,1.1524,0.068,0.2162,125,18,30,48,69,91,112,125
shard3_out_113,600,127,0.2117,9,1.345,1.1264,0.0835,0.1915,127,18,26,43,70,88,110,127
shard3_out_114,600,219,0.365,10,1.5624,1.3903,0.0737,0.0015,219,22,41,59,102,131,182,219
shard3_out_115,600,234,0.39,10,1.6795,1.4573,0.0948,0.2069,234,21,36,58,107,142,196,234
shard3_out_116,600,246,0.41,10,1.517,1.3846,0.0706,0.2577,246,22,40,71,118,161,210,246
shard3_out_117,600,453,0.755,12,1.6368,1.4701,0.0727,0.0147,453,22,46,90,170,248,353,453
shard3_out_118,600,151,0.2517,10,1.4828,1.3116,0.0877,0.0946,151,17,25,44,71,94,129,151
shard3_out_119,600,94,0.1567,11,1.1948,1.0724,0.0681,0.2696,94,17,25,36,49,64,79,94
shard3_out_12,600,130,0.2167,10,1.3691,1.2136,0.0767,0.0771,130,16,21,45,65,83,111,130
shard3_out_120,600,381,0.635,10,1.6787,1.4897,0.0849,0.1638,381,24,46,87,149,212,296,381
shard3_out_121,600,534,0.89,13,1.5364,1.4118,0.0593,0.2195,534,25,50,100,193,285,418,534
shard3_out_122,600,269,0.4483,11,1.3927,1.1583,0.0973,0.2731,269,20,36,71,120,159,220,269
shard3_out_123,600,72,0.12,11,1.0722,0.9452,0.0706,0.1731,72,9,12,25,34,45,60,72
shard3_out_124,600,238,0.3967,12,1.3327,1.1713,0.0621,0.2445,238,22,43,70,117,155,200,238
shard3_out_125,600,232,0.3867,11,1.3443,1.1948,0.0731,0.3266,232,20,36,63,105,135,189,232
shard3_out_126,600,126,0.21,12,1.0635,0.9303,0.0523,0.1148,126,19,34,45,71,88,102,126
shard3_out_127,600,56,0.0933,9,1.2888,1.1295,0.0819,0.2776,56,7,12,20,25,36,47,56
shard3_out_128,600,206,0.3433,12,1.2852,1.1531,0.0653,0.1985,206,18,34,54,92,120,167,206
shard3_out_129,600,427,0.7117,10,1.7335,1.5043,0.1046,0.0652,427,24,48,89,166,231,331,427
shard3_out_13,600,421,0.7017,11,1.5703,1.3627,0.0846,0.2876,421,24,45,88,164,229,331,421
shard3_out_130,600,429,0.715,13,1.4212,1.266,0.0653,0.1545,429,24,46,86,165,228,335,429
shard3_out_131,600,144,0.24,9,1.5685,1.3757,0.0832,0.0005,144,18,30,44,74,101,123,144
shard3_out_132,600,434,0.7233,14,1.475,1.3032,0.0756,0.1325,434,23,46,90,171,235,333,434
shard3_out_133,600,501,0.835,12,1.5565,1.3697,0.0672,0.2782,501,24,47,93,179,267,386,501
shard3_out_134,600,143,0.2383,13,1.0728,0.9609,0.048,0.0911,143,22,34,51,73,93,124,143
shard3_out_135,600,238,0.3967,9,1.5743,1.3966,0.0775,0.0002,238,22,41,71,117,159,208,238
shard3_out_136,600,278,0.4633,10,1.5917,1.4449,0.0726,0.1042,278,23,43,77,133,170,219,278
shard3_out_137,600,127,0.2117,14,1.1374,1.0412,0.0515,0.1861,127,14,20,34,60,75,103,127
shard3_out_138,600,79,0.1317,10,0.9741,0.8129,0.0636,0.3821,79,12,21,27,41,56,72,79
shard3_out_139,600,197,0.3283,10,1.3175,1.1767,0.0689,0.27,197,20,37,57,95,128,164,197
shard3_out_14,600,60,0.1,9,1.0735,0.962,0.0603,0.1429,60,13,19,26,36,40,50,60
shard3_out_140,600,196,0.3267,11,1.2426,1.1094,0.0546,0.1135,196,19,34,55,93,128,162,196
shard3_out_141,600,279,0.465,13,1.3438,1.1886,0.0644,0.1892,279,19,41,75,132,165,218,279
shard3_out_142,600,144,0.24,11,1.1935,1.0644,0.0591,0.1796,144,14,27,46,70,90,116,144
shard3_out_143,600,242,0.4033,9,1.691,1.468,0.0846,0.1365,242,19,35,64,117,150,204,242
shard3_out_144,600,202,0.3367,10,1.5159,1.3279,0.0749,0.0454,202,21,36,67,108,138,171,202
shard3_out_145,600,73,0.1217,11,1.1649,1.0045,0.0773,0.0843,73,10,13,22,35,46,63,73
shard3_out_146,600,133,0.2217,10,1.3092,1.0914,0.0842,0.1148,133,18,28,42,70,86,112,133
shard3_out_147,600,189,0.315,9,1.3977,1.2494,0.0652,0.0017,189,21,40,68,99,127,160,189
shard3_out_148,600,127,0.2117,10,1.2668,1.1495,0.0603,0.0054,127,19,24,42,70,90,115,127
shard3_out_149,600,124,0.2067,8,1.4438,1.2397,0.0894,0.1689,124,16,28,42,67,87,110,124
shard3_out_15,600,29,0.0483,9,1.025,0.9122,0.0494,0.1143,29,11,14,19,23,25,28,29
shard3_out_150,600,143,0.2383,13,1.1893,1.0623,0.0558,0.1882,143,20,27,44,73,96,119,143
shard3_out_151,600,241,0.4017,10,1.3106,1.1749,0.0592,0.1679,241,24,44,73,123,159,202,241
shard3_out_152,600,281,0.4683,12,1.6297,1.4872,0.0715,0.1837,281,22,36,68,125,164,229,281
shard3_out_153,600,75,0.125,11,1.0457,0.8997,0.0527,0.0543,75,12,22,29,48,52,64,75
shard3_out_154,600,82,0.1367,9,1.3486,1.1872,0.0775,0.2248,82,12,17,24,36,48,61,82
shard3_out_155,600,342,0.57,13,1.4586,1.3017,0.0701,0.0715,342,23,43,89,147,195,277,342
shard3_out_156,600,64,0.1067,11,1.0425,0.9097,0.0674,0.1141,64,6,13,26,36,48,55,64
shard3_out_157,600,389,0.6483,10,1.576,1.3976,0.0755,0.0019,389,25,49,90,163,228,311,389
shard3_out_158,600,202,0.3367,13,1.106,0.9715,0.0551,0.095,202,16,33,55,91,126,168,202
shard3_out_159,600,79,0.1317,10,1.1894,1.0779,0.0684,0.1619,79,14,20,34,45,55,65,79
shard3_out_16,600,62,0.1033,12,0.9735,0.8848,0.0464,0.1993,62,6,14,22,37,44,55,62
shard3_out_160,600,387,0.645,14,1.2067,1.0908,0.0494,0.3706,387,24,46,83,158,222,311,387
shard3_out_161,600,96,0.16,12,0.9882,0.8893,0.0517,0.2093,96,11,21,37,55,67,84,96
shard3_out_162,600,280,0.4667,11,1.473,1.3123,0.0799,0.1152,280,24,43,69,120,164,223,280
shard3_out_163,600,217,0.3617,10,1.549,1.4071,0.0736,0.01,217,20,36,71,108,146,183,217
shard3_out_164,600,67,0.1117,11,0.957,0.8307,0.0541,0.1126,67,12,15,25,38,50,58,67
shard3_out_165,600,255,0.425,13,1.1941,1.053,0.0574,0.0571,255,21,41,76,128,166,210,255
shard3_out_166,600,133,0.2217,11,1.1951,1.0264,0.0647,0.3563,133,20,33,51,72,100,123,133
shard3_out_167,600,88,0.1467,11,1.1585,1.0534,0.0645,0.1309,88,12,20,34,51,67,80,88
shard3_out_168,600,178,0.2967,9,1.4106,1.241,0.0785,0.1441,178,20,40,61,92,113,154,178
shard3_out_169,600,168,0.28,9,1.5247,1.3727,0.0761,0.2386,168,19,31,53,79,106,145,168
shard3_out_17,600,333,0.555,13,1.3413,1.2102,0.0636,0.1462,333,24,44,81,143,195,264,333
shard3_out_170,600,97,0.1617,9,1.2821,1.149,0.0698,0.1303,97,15,23,37,58,69,83,97
shard3_out_171,600,54,0.09,12,1.0731,0.9681,0.0527,0.1982,54,7,8,19,29,34,48,54
shard3_out_172,600,63,0.105,10,1.2652,1.1252,0.0623,0.1023,63,12,15,23,28,35,49,63
shard3_out_173,600,181,0.3017,11,1.2795,1.1245,0.0613,0.1809,181,22,30,50,87,113,148,181
shard3_out_174,600,79,0.1317,11,1.04,0.9188,0.0607,0.1144,79,16,23,33,46,58,70,79
shard3_out_175,600,488,0.8133,14,1.5146,1.3547,0.074,0.0211,488,25,50,95,183,268,383,488
shard3_out_176,600,36,0.06,11,1.0179,0.8935,0.0532,0.0576,36,6,9,16,24,32,35,36
shard3_out_177,600,75,0.125,11,1.049,0.9418,0.0542,0.2229,75,14,22,35,47,54,65,75
shard3_out_178,600,274,0.4567,11,1.3885,1.1828,0.0767,0.135,274,22,43,73,127,170,231,274
shard3_out_179,600,254,0.4233,11,1.4933,1.3461,0.0757,0.1522,254,21,39,66,106,144,202,254
shard3_out_18,600,116,0.1933,13,1.0782,0.9589,0.0469,0.1503,116,13,23,32,59,76,97,116
shard3_out_180,600,51,0.085,11,1.075,0.9751,0.0497,0.2265,51,10,16,23,34,39,47,51
shard3_out_181,600,30,0.05,9,1.0718,0.9464,0.061,0.1393,30,8,11,12,18,21,26,30
shard3_out_182,600,257,0.4283,10,1.527,1.3557,0.0754,0.0396,257,22,37,62,106,144,210,257
shard3_out_183,600,25,0.0417,12,0.8747,0.761,0.05,0.3087,25,7,9,15,19,20,23,25
shard3_out_184,600,31,0.0517,10,0.9349,0.8603,0.0349,0.125,31,10,17,23,27,30,31,31
shard3_out_185,600,100,0.1667,11,1.3443,1.1563,0.0785,0.1972,100,10,19,31,49,63,84,100
shard3_out_186,600,87,0.145,9,1.1103,0.9482,0.0734,0.1479,87,11,20,32,45,60,79,87
shard3_out_187,600,164,0.2733,14,1.0018,0.9111,0.0406,0.1768,164,23,38,59,84,102,131,164
shard3_out_188,600,61,0.1017,10,1.2009,1.0669,0.065,0.1281,61,14,20,29,40,46,53,61
shard3_out_189,600,26,0.0433,11,0.8453,0.7384,0.054,0.1746,26,6,6,9,15,21,23,26
shard3_out_19,600,300,0.5,13,1.304,1.1975,0.0582,0.1485,300,23,43,74,122,166,232,300
shard3_out_190,600,142,0.2367,13,1.102,1.002,0.049,0.1823,142,14,28,40,66,87,116,142
shard3_out_191,600,93,0.155,9,1.2753,1.1109,0.0811,0.1391,93,13,22,30,52,69,81,93
shard3_out_192,600,117,0.195,10,1.4936,1.3349,0.0654,0.195,117,18,28,43,62,78,99,117
shard3_out_193,600,244,0.4067,10,1.5355,1.3847,0.0756,0.1423,244,22,42,70,120,159,204,244
shard3_out_194,600,531,0.885,11,1.6927,1.5403,0.0647,0.145,531,25,50,99,194,279,411,531
shard3_out_195,600,61,0.1017,9,1.2026,1.0754,0.0653,0.1555,61,12,17,23,35,39,50,61
shard3_out_196,600,67,0.1117,11,1.1343,1.0063,0.0541,0.1087,67,11,15,28,38,50,57,67
shard3_out_197,600,72,0.12,10,1.2415,1.1025,0.0589,0.2442,72,9,17,25,36,42,55,72
shard3_out_198,600,268,0.4467,12,1.4294,1.2659,0.0814,0.0177,268,20,33,62,116,159,214,268
shard3_out_199,600,47,0.0783,10,1.1515,1.0209,0.0585,0.25,47,11,12,24,29,37,43,47
shard3_out_2,600,223,0.3717,13,1.2717,1.1321,0.0703,0.2454,223,19,31,49,98,128,180,223
shard3_out_20,600,118,0.1967,12,1.0936,0.9912,0.0523,0.1127,118,17,25,41,65,81,96,118
shard3_out_200,600,59,0.0983,9,1.2378,1.0819,0.073,0.3381,59,12,16,23,31,37,45,59
shard3_out_201,600,371,0.6183,14,1.3169,1.1718,0.056,0.0197,371,21,43,77,147,210,296,371
shard3_out_202,600,43,0.0717,9,1.0552,0.8678,0.0726,0.3512,43,12,19,23,30,34,40,43
shard3_out_203,600,410,0.6833,10,1.6321,1.3974,0.0758,0.1785,410,25,48,93,172,238,333,410
shard3_out_204,600,76,0.1267,10,1.1984,1.0605,0.0595,0.0,76,9,18,27,45,57,65,76
shard3_out_205,600,319,0.5317,12,1.3996,1.2348,0.0692,0.1152,319,21,41,77,125,179,251,319
shard3_out_206,600,224,0.3733,11,1.4701,1.2669,0.0733,0.287,224,21,37,70,110,146,184,224
shard3_out_207,600,140,0.2333,11,1.1752,1.0487,0.0555,0.125,140,23,34,54,80,99,123,140
shard3_out_208,600,72,0.12,10,1.1117,0.9836,0.063,0.2648,72,14,17,26,39,48,62,72
shard3_out_209,600,85,0.1417,10,1.1632,1.018,0.0591,0.2352,85,15,24,34,51,64,78,85
shard3_out_21,600,241,0.4017,14,1.3764,1.1727,0.0996,0.1233,241,21,37,61,109,145,197,241
shard3_out_210,600,120,0.2,12,1.1014,0.9721,0.0589,0.2052,120,14,17,37,65,84,101,120
shard3_out_211,600,79,0.1317,9,1.2673,1.0942,0.063,0.1424,79,13,20,31,46,56,68,79
shard3_out_212,600,235,0.3917,11,1.2048,1.0631,0.0567,0.1594,235,24,44,67,118,158,200,235
shard3_out_213,600,258,0.43,11,1.398,1.2602,0.0642,0.048,258,23,45,74,133,170,229,258
shard3_out_214,600,282,0.47,11,1.6115,1.4643,0.0713,0.1587,282,23,40,66,118,166,229,282
shard3_out_215,600,222,0.37,13,1.2295,1.1305,0.0501,0.0924,222,22,37,69,112,143,187,222
shard3_out_216,600,83,0.1383,10,1.2459,1.0748,0.0653,0.1258,83,15,18,32,46,60,71,83
shard3_out_217,600,45,0.075,9,1.3761,1.2162,0.0683,0.1005,45,9,15,23,31,34,41,45
shard3_out_218,600,364,0.6067,14,1.3425,1.192,0.0561,0.0583,364,23,47,90,160,215,298,364
shard3_out_219,600,349,0.5817,14,1.2654,1.144,0.0537,0.0535,349,25,45,84,147,201,277,349
shard3_out_22,600,171,0.285,11,1.3078,1.1922,0.0549,0.1726,171,21,37,61,92,114,147,171
shard3_out_220,600,92,0.1533,10,1.3606,1.2369,0.0648,0.1969,92,11,20,34,54,67,83,92
shard3_out_221,600,61,0.1017,8,1.2498,1.1041,0.0753,0.0708,61,14,18,26,38,43,54,61
shard3_out_222,600,153,0.255,10,1.3905,1.2652,0.0704,0.1306,153,16,30,40,75,107,131,153
shard3_out_223,600,35,0.0583,10,0.9312,0.8316,0.051,0.1196,35,9,11,16,24,28,32,35
shard3_out_224,600,173,0.2883,11,1.3142,1.1714,0.0656,0.0226,173,15,29,50,82,104,142,173
shard3_out_225,600,151,0.2517,12,1.2039,1.0973,0.0464,0.1527,151,22,35,49,82,104,131,151
shard3_out_226,600,33,0.055,9,0.9627,0.8399,0.0562,0.1215,33,5,10,13,18,25,30,33
shard3_out_227,600,154,0.2567,10,1.4971,1.3158,0.0888,0.2504,154,20,33,54,77,106,130,154
shard3_out_228,600,160,0.2667,9,1.3157,1.1614,0.0623,0.1855,160,21,35,59,93,115,141,160
shard3_out_229,600,271,0.4517,12,1.5635,1.3592,0.0832,0.2458,271,24,38,73,124,166,217,271
shard3_out_23,600,507,0.845,12,1.6623,1.4747,0.0746,0.1558,507,25,50,97,180,269,393,507
shard3_out_230,600,68,0.1133,11,1.0504,0.9522,0.0494,0.3187,68,10,16,23,37,48,60,68
shard3_out_231,600,91,0.1517,12,1.1297,1.0235,0.0486,0.051,91,16,24,34,53,61,76,91
shard3_out_232,600,108,0.18,10,1.1269,1.0213,0.055,0.2504,108,15,28,40,66,83,101,108
shard3_out_233,600,431,0.7183,12,1.6687,1.4826,0.0803,0.0212,431,24,45,85,166,232,334,431
shard3_out_234,600,257,0.4283,13,1.3187,1.1801,0.0632,0.093,257,23,44,68,113,151,208,257
shard3_out_235,600,323,0.5383,10,1.7132,1.5018,0.0878,0.1952,323,24,45,79,141,192,267,323
shard3_out_236,600,28,0.0467,8,1.074,0.9525,0.0552,0.2603,28,8,10,14,22,23,25,28
shard3_out_237,600,149,0.2483,12,1.2093,1.0787,0.07,0.1,149,23,36,52,77,97,125,149
shard3_out_238,600,26,0.0433,9,1.0405,0.8919,0.0704,0.2757,26,5,6,11,17,19,24,26
shard3_out_239,600,236,0.3933,11,1.4169,1.2283,0.077,0.1442,236,19,39,66,111,150,196,236
shard3_out_24,600,265,0.4417,12,1.3062,1.1445,0.0637,0.1178,265,23,39,71,125,164,217,265
shard3_out_240,600,76,0.1267,10,1.2029,1.0821,0.0563,0.1256,76,14,24,33,44,51,66,76
shard3_out_241,600,130,0.2167,10,1.2213,1.0949,0.0528,0.1298,130,15,30,50,72,89,112,130
shard3_out_242,600,339,0.565,11,1.5566,1.3574,0.09,0.3252,339,23,45,80,140,195,265,339
shard3_out_243,600,309,0.515,13,1.3581,1.1989,0.0691,0.0797,309,21,40,68,133,181,242,309
shard3_out_244,600,164,0.2733,12,1.3394,1.185,0.0666,0.2407,164,19,37,51,84,107,146,164
shard3_out_245,600,115,0.1917,12,0.9924,0.8966,0.0454,0.3793,115,16,31,43,61,82,104,115
shard3_out_246,600,59,0.0983,10,1.2415,1.1236,0.0697,0.1267,59,10,12,22,31,44,53,59
shard3_out_247,600,238,0.3967,12,1.4138,1.2477,0.0758,0.1773,238,20,35,62,100,141,194,238
shard3_out_248,600,108,0.18,9,1.4206,1.2666,0.0721,0.2112,108,14,26,37,54,68,91,108
shard3_out_249,600,113,0.1883,12,1.0384,0.9255,0.054,0.2823,113,14,20,39,58,72,96,113
shard3_out_25,600,24,0.04,13,0.7738,0.6979,0.036,0.1697,24,8,9,14,17,18,21,24
shard3_out_250,600,44,0.0733,10,1.0217,0.8851,0.073,0.1269,44,9,16,21,26,31,40,44
shard3_out_251,600,121,0.2017,10,1.074,0.9444,0.0562,0.2115,121,14,28,43,64,80,107,121
shard3_out_252,600,359,0.5983,14,1.3249,1.1746,0.0623,0.2422,359,25,47,88,156,213,297,359
shard3_out_253,600,111,0.185,12,1.0617,0.9162,0.065,0.001,111,15,23,45,62,76,93,111
shard3_out_254,600,100,0.1667,12,0.8991,0.7943,0.0501,0.198,100,14,21,36,54,71,83,100
shard3_out_255,600,165,0.275,11,1.2785,1.0847,0.0777,0.0263,165,19,31,52,87,108,135,165
shard3_out_256,600,291,0.485,8,1.6691,1.5134,0.0763,0.0233,291,23,45,88,145,187,247,291
shard3_out_257,600,172,0.2867,13,1.2319,1.0823,0.0648,0.1633,172,21,36,56,87,118,150,172
shard3_out_258,600,414,0.69,11,1.6494,1.4554,0.0881,0.1309,414,25,50,93,177,244,332,414
shard3_out_259,600,205,0.3417,12,1.326,1.139,0.0783,0.0523,205,20,34,55,94,125,169,205
shard3_out_26,600,72,0.12,9,1.2211,1.1069,0.0666,0.1469,72,11,19,29,41,53,60,72
shard3_out_260,600,108,0.18,11,1.0938,0.9468,0.0561,0.1142,108,16,23,36,56,74,91,108
shard3_out_261,600,127,0.2117,10,1.2646,1.1446,0.0558,0.141,127,18,33,57,76,88,107,127
shard3_out_262,600,418,0.6967,14,1.3439,1.1287,0.0808,0.1339,418,23,45,85,158,230,326,418
shard3_out_263,600,186,0.31,11,1.3858,1.2039,0.0865,0.222,186,20,34,54,98,127,162,186
shard3_out_264,600,522,0.87,14,1.4634,1.3196,0.07,0.0224,522,25,48,95,189,272,403,522
shard3_out_265,600,77,0.1283,12,1.0083,0.883,0.0708,0.1028,77,11,16,24,40,55,63,77
shard3_out_266,600,223,0.3717,12,1.1347,1.0081,0.0508,0.1003,223,22,43,77,122,151,189,223
shard3_out_267,600,191,0.3183,11,1.3924,1.2399,0.0692,0.1146,191,24,35,57,92,134,163,191
shard3_out_268,600,256,0.4267,9,1.6064,1.4887,0.0689,0.006,256,21,42,76,126,170,222,256
shard3_out_269,600,48,0.08,8,1.1935,1.0924,0.0735,0.1675,48,10,12,19,29,33,44,48
shard3_out_27,600,125,0.2083,10,1.3578,1.2121,0.0691,0.13,125,18,27,45,71,86,103,125
shard3_out_270,600,76,0.1267,12,1.0757,0.967,0.0595,0.245,76,10,15,21,31,40,58,76
shard3_out_271,600,167,0.2783,11,1.369,1.205,0.0764,0.1974,167,21,34,50,88,115,144,167
shard3_out_272,600,136,0.2267,11,1.2951,1.1273,0.0754,0.1068,136,17,31,48,73,95,115,136
shard3_out_273,600,61,0.1017,9,1.3006,1.1553,0.0757,0.1629,61,10,16,25,34,41,50,61
shard3_out_274,600,121,0.2017,10,1.2971,1.1386,0.0615,0.1567,121,18,31,45,70,86,108,121
shard3_out_275,600,77,0.1283,10,1.1441,1.0182,0.0684,0.1246,77,14,20,28,40,48,66,77
shard3_out_276,600,56,0.0933,12,0.9953,0.8869,0.0509,0.1988,56,11,15,18,32,41,48,56
shard3_out_277,600,246,0.41,11,1.4336,1.2695,0.0801,0.128,246,22,39,65,118,158,210,246
shard3_out_278,600,424,0.7067,13,1.5064,1.3433,0.0651,0.0458,424,24,48,88,164,233,330,424
shard3_out_279,600,64,0.1067,8,1.4657,1.3014,0.0894,0.0044,64,10,14,23,32,48,57,64
shard3_out_28,600,348,0.58,13,1.3809,1.2203,0.0728,0.2183,348,25,50,90,159,215,285,348
shard3_out_280,600,285,0.475,13,1.3605,1.2156,0.062,0.0945,285,24,43,76,131,177,234,285
shard3_out_281,600,345,0.575,13,1.3414,1.2086,0.0622,0.2636,345,21,43,82,144,196,276,345
shard3_out_282,600,142,0.2367,10,1.3415,1.1926,0.0809,0.1465,142,13,23,46,76,90,119,142
shard3_out_283,600,412,0.6867,13,1.3985,1.2338,0.0862,0.1404,412,25,49,93,164,239,327,412
shard3_out_284,600,78,0.13,11,1.11,0.9905,0.0546,0.1117,78,15,20,29,49,59,69,78
shard3_out_285,600,138,0.23,9,1.4158,1.249,0.0813,0.0643,138,13,24,44,70,87,117,138
shard3_out_286,600,223,0.3717,10,1.5169,1.3728,0.0727,0.085,223,23,38,76,111,142,184,223
shard3_out_287,600,381,0.635,9,1.7833,1.6223,0.0821,0.0095,381,25,49,86,160,220,307,381
shard3_out_288,600,289,0.4817,10,1.4563,1.2758,0.0873,0.2544,289,24,44,80,132,171,233,289
shard3_out_289,600,173,0.2883,10,1.4565,1.2602,0.0758,0.0523,173,22,36,55,94,120,146,173
shard3_out_29,600,109,0.1817,10,1.1445,1.0418,0.0502,0.1265,109,15,26,45,60,77,97,109
shard3_out_290,600,133,0.2217,12,1.294,1.1416,0.072,0.2262,133,13,26,42,65,80,107,133
shard3_out_291,600,195,0.325,11,1.2545,1.1204,0.0677,0.0069,195,21,35,62,100,128,164,195
shard3_out_292,600,160,0.2667,12,1.2988,1.1669,0.0702,0.1028,160,17,23,43,72,98,129,160
shard3_out_293,600,290,0.4833,10,1.7639,1.5829,0.078,0.0344,290,20,42,82,128,179,239,290
shard3_out_294,600,128,0.2133,13,1.0122,0.8808,0.0467,0.2632,128,18,31,44,74,90,116,128
shard3_out_295,600,295,0.4917,12,1.3675,1.2482,0.0539,0.0658,295,25,46,79,134,180,243,295
shard3_out_296,600,389,0.6483,13,1.5454,1.3838,0.0644,0.1974,389,24,43,86,159,229,316,389
shard3_out_297,600,78,0.13,10,1.3396,1.2212,0.0554,0.1692,78,15,25,33,50,57,70,78
shard3_out_298,600,484,0.8067,13,1.4612,1.3272,0.0602,0.1629,484,25,48,95,186,266,376,484
shard3_out_299,600,148,0.2467,11,1.413,1.2454,0.0966,0.0968,148,15,26,42,69,88,121,148
shard3_out_3,600,120,0.2,11,1.3417,1.1624,0.0763,0.1096,120,13,22,38,59,78,104,120
shard3_out_30,600,48,0.08,10,0.9675,0.869,0.0529,0.2292,48,7,13,22,31,36,40,48
shard3_out_300,600,305,0.5083,12,1.2861,1.1694,0.0547,0.0613,305,22,45,82,133,174,248,305
shard3_out_301,600,132,0.22,11,1.2972,1.1701,0.0601,0.4666,132,18,34,46,68,82,110,132
shard3_out_302,600,87,0.145,9,1.2047,1.055,0.0652,0.1412,87,15,22,33,50,66,79,87
shard3_out_303,600,139,0.2317,14,1.0275,0.921,0.0499,0.2458,139,18,27,41,63,78,113,139
shard3_out_304,600,197,0.3283,10,1.4623,1.2268,0.0824,0.27,197,20,38,63,97,122,165,197
shard3_out_305,600,31,0.0517,9,1.1321,0.9949,0.061,0.2828,31,6,8,14,21,25,30,31
shard3_out_306,600,372,0.62,11,1.6032,1.4296,0.0855,0.1389,372,23,41,78,148,212,288,372
shard3_out_307,600,133,0.2217,10,1.2959,1.1371,0.0718,0.1979,133,15,31,54,81,99,114,133
shard3_out_308,600,296,0.4933,11,1.5243,1.361,0.073,0.152,296,21,42,73,124,169,232,296
shard3_out_309,600,126,0.21,11,1.2471,1.1472,0.0585,0.1185,126,15,29,39,72,91,110,126
shard3_out_31,600,141,0.235,10,1.24,1.0739,0.074,0.1325,141,18,31,50,72,93,121,141
shard3_out_310,600,331,0.5517,10,1.4725,1.2934,0.0676,0.1692,331,23,48,86,147,198,279,331
shard3_out_311,600,245,0.4083,12,1.307,1.1452,0.0699,0.1277,245,23,39,61,113,153,195,245
shard3_out_312,600,391,0.6517,12,1.5467,1.3163,0.0869,0.008,391,20,41,78,143,215,308,391
shard3_out_313,600,201,0.335,11,1.2626,1.1301,0.0546,0.1392,201,25,40,64,101,132,161,201
shard3_out_314,600,230,0.3833,12,1.1711,1.0395,0.0609,0.4197,230,24,41,68,110,154,186,230
shard3_out_315,600,59,0.0983,10,1.1648,1.0552,0.0547,0.0715,59,15,23,31,43,47,55,59
shard3_out_316,600,70,0.1167,11,1.2362,1.0978,0.0542,0.112,70,10,17,30,44,53,59,70
shard3_out_317,600,301,0.5017,12,1.4487,1.2866,0.0713,0.075,301,24,42,79,130,175,237,301
shard3_out_318,600,62,0.1033,11,0.9784,0.841,0.0535,0.1409,62,12,17,25,38,45,52,62
shard3_out_319,600,104,0.1733,11,1.2127,1.066,0.0731,0.1139,104,11,18,35,55,69,90,104
shard3_out_32,600,176,0.2933,12,1.2104,1.0645,0.0714,0.2522,176,20,34,49,81,108,149,176
shard3_out_320,600,221,0.3683,10,1.4624,1.3229,0.0746,0.1719,221,24,35,59,100,133,185,221
shard3_out_321,600,59,0.0983,11,0.9643,0.8512,0.0525,0.1929,59,15,18,27,40,45,53,59
shard3_out_322,600,198,0.33,13,1.0739,0.9378,0.0673,0.0947,198,23,42,70,108,135,167,198
shard3_out_323,600,267,0.445,12,1.3779,1.2108,0.0831,0.2105,267,23,40,71,129,174,225,267
shard3_out_324,600,334,0.5567,12,1.3477,1.2021,0.0594,0.1612,334,25,46,83,147,198,269,334
shard3_out_325,600,81,0.135,11,1.2329,1.1122,0.0602,0.3331,81,15,25,35,48,57,71,81
shard3_out_326,600,54,0.09,10,1.1368,1.0118,0.0532,0.0638,54,12,18,23,31,39,44,54
shard3_out_327,600,238,0.3967,10,1.3646,1.1276,0.1114,0.2365,238,24,43,75,126,153,204,238
shard3_out_328,600,109,0.1817,10,1.4228,1.2659,0.0726,0.1396,109,13,27,39,54,72,85,109
shard3_out_329,600,327,0.545,12,1.4293,1.2873,0.0674,0.1133,327,25,47,84,156,200,268,327
shard3_out_33,600,475,0.7917,12,1.5312,1.3814,0.0622,0.0533,475,25,49,98,179,258,364,475
shard3_out_330,600,61,0.1017,13,1.0127,0.9047,0.0545,0.1353,61,7,11,18,30,41,56,61
shard3_out_331,600,138,0.23,13,1.2822,1.1695,0.0558,0.1841,138,18,29,46,72,91,123,138
shard3_out_332,600,134,0.2233,10,1.4031,1.2831,0.0597,0.056,134,18,26,41,67,80,106,134
shard3_out_333,600,81,0.135,10,1.3344,1.2145,0.0571,0.0773,81,16,23,32,45,58,72,81
shard3_out_334,600,359,0.5983,11,1.6289,1.3942,0.1098,0.2309,359,22,44,82,149,203,285,359
shard3_out_335,600,81,0.135,10,1.2477,1.0996,0.0748,0.1456,81,12,19,31,46,56,73,81
shard3_out_336,600,97,0.1617,10,1.2358,1.0891,0.059,0.2094,97,17,28,43,61,71,87,97
shard3_out_337,600,262,0.4367,10,1.4849,1.3307,0.0768,0.066,262,21,37,67,120,156,209,262
shard3_out_338,600,273,0.455,12,1.3049,1.1495,0.0594,0.0018,273,22,40,67,120,159,220,273
shard3_out_339,600,221,0.3683,13,1.1542,1.0134,0.0632,0.2415,221,17,31,57,102,132,177,221
shard3_out_34,600,133,0.2217,10,1.3941,1.2248,0.0796,0.215,133,20,34,44,70,87,112,133
shard3_out_340,600,420,0.7,11,1.5343,1.3344,0.0716,0.1824,420,25,50,91,160,232,323,420
shard3_out_341,600,239,0.3983,13,1.2503,1.1311,0.0512,0.0914,239,23,42,68,118,148,192,239
shard3_out_342,600,17,0.0283,9,0.9556,0.832,0.0608,0.2857,17,5,7,9,9,12,15,17
shard3_out_343,600,420,0.7,14,1.4759,1.3117,0.0651,0.1452,420,24,45,87,164,239,330,420
shard3_out_344,600,291,0.485,9,1.6539,1.4742,0.0764,0.2533,291,24,45,76,127,171,237,291
shard3_out_345,600,107,0.1783,11,1.1669,1.017,0.0725,0.1198,107,16,24,38,59,77,93,107
shard3_out_346,600,199,0.3317,10,1.446,1.2729,0.0722,0.0017,199,21,36,62,101,125,157,199
shard3_out_347,600,35,0.0583,10,1.088,0.9749,0.0503,0.25,35,7,8,11,18,21,28,35
shard3_out_348,600,79,0.1317,11,1.1621,1.0212,0.0648,0.1065,79,15,21,33,46,58,72,79
shard3_out_349,600,539,0.8983,12,1.6487,1.5148,0.0637,0.1663,539,25,49,98,195,278,412,539
shard3_out_35,600,164,0.2733,13,1.0975,0.9823,0.0581,0.1841,164,14,23,41,68,100,138,164
shard3_out_350,600,36,0.06,9,0.7765,0.6051,0.108,0.2857,36,9,12,17,27,30,32,36
shard3_out_351,600,31,0.0517,11,0.8985,0.8097,0.0458,0.3324,31,6,7,11,20,25,30,31
shard3_out_352,600,107,0.1783,12,0.9349,0.8532,0.0387,0.2345,107,20,32,49,64,82,95,107
shard3_out_353,600,362,0.6033,12,1.3045,1.1632,0.0544,0.1867,362,23,46,89,166,228,297,362
shard3_out_354,600,235,0.3917,12,1.2961,1.1648,0.057,0.0997,235,24,42,73,115,151,195,235
shard3_out_355,600,117,0.195,10,1.3042,1.1664,0.065,0.0037,117,23,33,54,70,84,104,117
shard3_out_356,600,207,0.345,10,1.4672,1.2855,0.0718,0.1321,207,19,36,61,103,128,168,207
shard3_out_357,600,71,0.1183,10,1.1165,0.9898,0.0675,0.1229,71,12,21,27,38,43,62,71
shard3_out_358,600,252,0.42,11,1.3852,1.2333,0.0645,0.1268,252,23,39,68,115,155,205,252
shard3_out_359,600,87,0.145,11,1.0874,0.975,0.0544,0.2742,87,11,22,30,43,52,76,87
shard3_out_36,600,245,0.4083,10,1.492,1.3191,0.0701,0.1837,245,23,37,67,113,159,208,245
shard3_out_360,600,136,0.2267,12,1.175,1.0504,0.0556,0.2782,136,13,27,43,68,81,114,136
shard3_out_361,600,98,0.1633,14,0.8759,0.7622,0.0506,0.0839,98,15,25,35,56,69,84,98
shard3_out_362,600,250,0.4167,11,1.3737,1.1912,0.0807,0.2255,250,23,41,66,109,150,202,250
shard3_out_363,600,96,0.16,11,1.2177,1.1089,0.0646,0.1133,96,13,21,31,57,68,88,96
shard3_out_364,600,349,0.5817,11,1.8358,1.6189,0.0867,0.0407,349,24,46,83,148,201,281,349
shard3_out_365,600,251,0.4183,12,1.3632,1.2129,0.0702,0.0948,251,21,40,72,120,156,211,251
shard3_out_366,600,237,0.395,10,1.4207,1.2841,0.0583,0.0669,237,23,41,78,129,161,205,237
shard3_out_367,600,273,0.455,13,1.3811,1.197,0.0736,0.1157,273,23,44,69,124,167,219,273
shard3_out_368,600,56,0.0933,12,0.9595,0.8411,0.0552,0.3137,56,11,16,27,40,45,51,56
shard3_out_369,600,129,0.215,9,1.2458,1.0367,0.0867,0.2031,129,18,34,56,74,88,114,129
shard3_out_37,600,379,0.6317,12,1.4059,1.1889,0.1122,0.2338,379,24,47,93,162,230,310,379
shard3_out_370,600,121,0.2017,10,1.0942,0.927,0.092,0.0446,121,15,26,40,61,81,100,121
shard3_out_371,600,255,0.425,9,1.7094,1.5509,0.0884,0.3026,255,21,39,66,111,151,204,255
shard3_out_372,600,283,0.4717,9,1.6515,1.4495,0.0935,0.3007,283,23,44,73,121,165,223,283
shard3_out_373,600,117,0.195,13,0.9635,0.8534,0.0446,0.2716,117,17,29,45,68,83,103,117
shard3_out_374,600,152,0.2533,13,1.1762,1.0439,0.0638,0.123,152,17,29,44,72,92,128,152
shard3_out_38,600,83,0.1383,12,0.9548,0.871,0.0445,0.1043,83,16,28,35,54,60,72,83
shard3_out_39,600,46,0.0767,10,1.0703,0.9513,0.0704,0.125,46,8,14,20,27,33,40,46
shard3_out_4,600,272,0.4533,10,1.4689,1.3223,0.067,0.2465,272,23,34,65,115,158,214,272
shard3_out_40,600,314,0.5233,12,1.4995,1.3528,0.0693,0.1552,314,22,44,78,139,193,263,314
shard3_out_41,600,20,0.0333,11,0.7818,0.7102,0.0389,0.1567,20,6,6,8,11,14,18,20
shard3_out_42,600,400,0.6667,12,1.5343,1.2583,0.1197,0.1853,400,23,44,84,160,225,317,400
shard3_out_43,600,38,0.0633,10,1.0005,0.907,0.0549,0.25,38,6,11,13,21,27,32,38
shard3_out_44,600,138,0.23,8,1.5451,1.3486,0.0731,0.2267,138,19,35,52,74,91,118,138
shard3_out_45,600,133,0.2217,9,1.4167,1.276,0.0787,0.156,133,13,20,33,63,84,110,133
shard3_out_46,600,251,0.4183,12,1.3716,1.2318,0.0629,0.0975,251,24,38,72,112,152,204,251
shard3_out_47,600,190,0.3167,12,1.3155,1.1791,0.0547,0.1603,190,18,32,57,90,123,156,190
shard3_out_48,600,348,0.58,13,1.358,1.1639,0.0796,0.1676,348,23,43,74,138,189,272,348
shard3_out_49,600,570,0.95,14,1.5632,1.3822,0.0714,0.0415,570,25,50,100,198,292,434,570
shard3_out_5,600,148,0.2467,11,1.3127,1.1489,0.0694,0.1722,148,19,34,50,77,95,126,148
shard3_out_50,600,101,0.1683,13,1.1481,1.0346,0.0661,0.137,101,11,19,29,51,63,86,101
shard3_out_51,600,158,0.2633,10,1.4188,1.2321,0.083,0.1556,158,14,26,46,71,97,123,158
shard3_out_52,600,169,0.2817,11,1.3456,1.1647,0.086,0.1042,169,17,30,47,84,116,150,169
shard3_out_53,600,370,0.6167,13,1.431,1.2848,0.0709,0.1739,370,24,46,85,152,210,299,370
shard3_out_54,600,432,0.72,13,1.3288,1.1888,0.0633,0.1783,432,25,48,98,184,253,352,432
shard3_out_55,600,204,0.34,11,1.2491,1.0973,0.0759,0.2503,204,22,38,66,96,127,162,204
shard3_out_56,600,132,0.22,10,1.3091,1.1647,0.0669,0.0042,132,15,22,42,67,85,107,132
shard3_out_57,600,196,0.3267,11,1.5626,1.3982,0.0795,0.1202,196,19,31,50,93,119,162,196
shard3_out_58,600,219,0.365,10,1.4967,1.3293,0.0799,0.0048,219,22,36,59,101,143,185,219
shard3_out_59,600,52,0.0867,10,1.1036,0.9629,0.0662,0.2517,52,10,14,21,30,37,44,52
shard3_out_6,600,58,0.0967,13,0.8448,0.7575,0.0393,0.1357,58,13,19,24,37,46,54,58
shard3_out_60,600,164,0.2733,13,1.2132,1.0999,0.0649,0.1227,164,20,31,51,81,110,136,164
shard3_out_61,600,281,0.4683,13,1.2963,1.167,0.0616,0.1406,281,20,40,77,129,169,231,281
shard3_out_62,600,291,0.485,11,1.4159,1.2616,0.0793,0.1231,291,20,40,73,120,168,227,291
shard3_out_63,600,25,0.0417,8,1.1396,1.0141,0.0711,0.0003,25,5,8,10,17,19,22,25
shard3_out_64,600,110,0.1833,10,1.3012,1.1492,0.0653,0.25,110,16,21,33,58,75,94,110
shard3_out_65,600,303,0.505,12,1.3053,1.1532,0.074,0.231,303,23,42,74,139,188,244,303
shard3_out_66,600,181,0.3017,11,1.4186,1.264,0.0754,0.327,181,18,31,49,81,101,137,181
shard3_out_67,600,57,0.095,11,1.0495,0.9173,0.0739,0.2198,57,12,16,24,36,45,50,57
shard3_out_68,600,282,0.47,10,1.495,1.3479,0.0716,0.0006,282,21,41,74,134,173,228,282
shard3_out_69,600,35,0.0583,10,1.1152,0.9958,0.0695,0.1267,35,5,8,10,16,21,29,35
shard3_out_7,600,251,0.4183,12,1.4533,1.3279,0.068,0.174,251,24,39,72,111,149,210,251
shard3_out_70,600,39,0.065,10,1.0221,0.9307,0.0566,0.259,39,6,9,17,20,26,33,39
shard3_out_71,600,330,0.55,11,1.3723,1.252,0.0527,0.2815,330,24,44,82,145,195,263,330
shard3_out_72,600,270,0.45,13,1.3223,1.2196,0.0527,0.1407,270,22,42,69,125,165,233,270
shard3_out_73,600,97,0.1617,11,1.1897,1.0783,0.0602,0.1139,97,13,19,25,48,62,81,97
shard3_out_74,600,24,0.04,9,0.9632,0.8529,0.0552,0.2888,24,7,9,14,17,20,21,24
shard3_out_75,600,65,0.1083,9,1.2317,0.9737,0.0774,0.1505,65,11,19,28,38,49,54,65
shard3_out_76,600,357,0.595,13,1.3514,1.2176,0.0596,0.1844,357,23,43,77,145,201,283,357
shard3_out_77,600,66,0.11,10,1.1468,0.9872,0.0682,0.3342,66,11,17,25,38,48,59,66
shard3_out_78,600,51,0.085,11,0.9835,0.8686,0.0539,0.0104,51,11,14,22,35,43,46,51
shard3_out_79,600,218,0.3633,12,1.1349,1.0017,0.0637,0.0648,218,20,38,62,102,142,184,218
shard3_out_8,600,235,0.3917,11,1.2653,1.0988,0.0777,0.0217,235,20,32,63,103,144,190,235
shard3_out_80,600,194,0.3233,11,1.4442,1.2883,0.0681,0.1089,194,22,35,59,94,115,156,194
shard3_out_81,600,137,0.2283,11,1.3066,1.1595,0.0667,0.1479,137,19,30,45,69,85,115,137
shard3_out_82,600,76,0.1267,10,1.0713,0.9577,0.0449,0.2948,76,16,23,35,47,54,65,76
shard3_out_83,600,75,0.125,8,1.3831,1.2517,0.0891,0.0014,75,12,19,28,42,56,65,75
shard3_out_84,600,119,0.1983,11,1.1679,1.0353,0.0585,0.1204,119,14,23,36,60,81,99,119
shard3_out_85,600,73,0.1217,12,1.059,0.9557,0.0611,0.1493,73,12,18,26,38,47,62,73
shard3_out_86,600,447,0.745,9,1.9335,1.7384,0.0916,0.1164,447,25,50,97,179,247,358,447
shard3_out_87,600,372,0.62,13,1.3818,1.2149,0.074,0.1879,372,24,46,88,162,228,307,372
shard3_out_88,600,140,0.2333,11,1.2865,1.1546,0.0562,0.1685,140,21,35,49,82,102,126,140
shard3_out_89,600,43,0.0717,13,0.9339,0.842,0.0394,0.0977,43,12,16,21,27,29,37,43
shard3_out_9,600,44,0.0733,8,1.2697,1.1582,0.0598,0.1928,44,11,18,22,27,32,35,44
shard3_out_90,600,11,0.0183,12,0.7381,0.6546,0.0369,0.2005,11,3,4,4,8,10,11,11
shard3_out_91,600,149,0.2483,10,1.361,1.2332,0.0647,0.1256,149,20,26,48,79,100,123,149
shard3_out_92,600,230,0.3833,9,1.4795,1.3243,0.0779,0.1334,230,23,39,70,112,144,191,230
shard3_out_93,600,312,0.52,14,1.2449,1.1139,0.058,0.1735,312,24,41,74,128,185,253,312
shard3_out_94,600,16,0.0267,9,1.0382,0.9016,0.0532,0.0491,16,4,5,7,10,10,12,16
shard3_out_95,600,98,0.1633,11,1.2594,1.092,0.0755,0.345,98,18,30,35,54,64,83,98
shard3_out_96,600,404,0.6733,13,1.3974,1.268,0.0578,0.3851,404,25,45,88,166,230,316,404
shard3_out_97,600,224,0.3733,10,1.4114,1.2237,0.0844,0.3569,224,21,40,65,104,138,179,224
shard3_out_98,600,44,0.0733,10,1.0903,0.9967,0.0575,0.0515,44,7,14,19,25,32,37,44
shard3_out_99,600,139,0.2317,9,1.5256,1.3443,0.0827,0.2026,139,19,31,43,66,89,112,139
