id,n_term,spacer,c_term,length,cys_i,cys_j,cys_sep,ring_size,ca_ca,cb_cb,ss_compatible,rg,end_to_end,frac_helix,frac_sheet,frac_loop,n_contacts,n_contact_res,bsa_proxy,hotspots_hit,hs_O34,hs_O38,hs_O96,hs_O188,hs_O200,hs_O295,hs_O299,hs_O316,cx,cy,cz,plddt_binder,plddt_all,runtime_s
shard0_out_0,2,6,3,13,3,10,7,24,4.818,4.126,1,6.022,17.487,0.4545,0.4545,0.0909,60,11,163,3,1,1,0,1,0,0,0,0,2.838,-12.863,-13.815,0.9801,0.9988,81.79
shard0_out_1,3,6,2,13,4,11,7,24,5.718,4.024,1,5.861,9.765,0.1818,0.5455,0.2727,28,8,157,2,0,0,1,1,0,0,0,0,1.506,-12.439,-13.385,0.9651,0.9978,80.54
shard0_out_10,3,6,1,12,4,11,7,24,5.383,4.141,1,5.281,8.272,0.0,0.6,0.4,42,9,142,2,0,0,0,1,0,1,0,0,0.746,-11.852,-13.099,0.9784,0.9987,79.77
shard0_out_100,3,6,2,13,4,11,7,24,5.323,4.342,1,5.477,14.237,0.5455,0.1818,0.2727,20,7,151,2,1,0,0,1,0,0,0,0,1.333,-12.483,-13.939,0.9661,0.9979,80.61
shard0_out_101,1,5,2,10,2,8,6,21,5.276,4.136,1,4.664,10.143,0.75,0.125,0.125,21,5,94,2,0,0,0,1,0,1,0,0,2.324,-13.363,-14.263,0.9623,0.9981,78.85
shard0_out_102,1,4,3,10,2,7,5,18,4.679,4.228,1,5.87,13.187,0.375,0.25,0.375,28,9,102,2,1,0,0,1,0,0,0,0,2.9,-12.455,-15.143,0.9603,0.9981,79.62
shard0_out_103,1,4,2,9,2,7,5,18,4.844,4.183,1,4.845,13.178,0.4286,0.2857,0.2857,27,5,86,1,0,0,0,1,0,0,0,0,2.13,-12.8,-14.836,0.9728,0.9988,78.67
shard0_out_104,1,5,2,10,2,8,6,21,4.978,4.147,1,5.105,11.641,0.5,0.125,0.375,30,8,95,2,0,0,0,1,0,1,0,0,1.833,-12.225,-14.25,0.9584,0.9979,79.21
shard0_out_105,2,4,2,10,3,8,5,18,4.701,4.244,1,5.143,9.306,0.125,0.625,0.25,6,4,122,2,0,0,1,0,0,1,0,0,2.354,-12.395,-13.241,0.9654,0.9983,79.2
shard0_out_106,1,5,3,11,2,8,6,21,4.822,4.165,1,4.948,8.385,0.6667,0.2222,0.1111,16,5,108,2,0,0,0,1,0,1,0,0,2.403,-13.647,-14.499,0.9675,0.9982,79.11
shard0_out_107,2,4,1,9,3,8,5,18,4.243,4.295,1,4.518,11.501,0.4286,0.2857,0.2857,28,5,92,1,0,0,0,1,0,0,0,0,1.553,-12.535,-13.934,0.9672,0.9985,77.85
shard0_out_108,3,6,2,13,4,11,7,24,5.092,4.235,1,5.708,14.815,0.6364,0.1818,0.1818,47,8,156,1,0,0,0,1,0,0,0,0,2.34,-13.548,-13.886,0.9669,0.9979,80.62
shard0_out_109,2,4,3,11,3,8,5,18,4.268,3.922,1,5.827,10.166,0.1111,0.3333,0.5556,15,7,120,1,0,0,0,1,0,0,0,0,2.715,-12.848,-14.727,0.9391,0.9966,79.64
shard0_out_11,3,5,2,12,4,10,6,21,5.198,4.023,1,5.155,7.341,0.4,0.2,0.4,14,4,124,0,0,0,0,0,0,0,0,0,1.708,-12.565,-14.361,0.9525,0.997,79.77
shard0_out_110,3,4,1,10,4,9,5,18,4.977,4.061,1,4.834,5.441,0.125,0.75,0.125,9,3,91,0,0,0,0,0,0,0,0,0,1.672,-12.37,-13.992,0.9564,0.9976,79.03
shard0_out_111,1,6,3,12,2,9,7,24,5.239,4.118,1,5.221,9.196,0.9,0.1,0.0,24,6,119,1,0,0,0,1,0,0,0,0,2.303,-13.696,-14.003,0.9751,0.9985,79.6
shard0_out_112,3,6,3,14,4,11,7,24,5.148,4.139,1,6.083,18.807,0.5833,0.3333,0.0833,32,9,163,3,1,0,1,1,0,0,0,0,2.321,-13.149,-14.506,0.9603,0.9973,80.9
shard0_out_113,1,5,3,11,2,8,6,21,4.646,4.125,1,5.881,12.431,0.3333,0.3333,0.3333,43,10,150,4,1,1,1,0,0,1,0,0,3.388,-12.203,-13.209,0.9663,0.9983,78.99
shard0_out_114,3,5,1,11,4,10,6,21,4.875,4.258,1,4.813,8.471,0.3333,0.2222,0.4444,27,7,110,1,0,0,0,1,0,0,0,0,0.764,-12.295,-14.049,0.965,0.998,79.29
shard0_out_115,3,4,3,12,4,9,5,18,4.166,4.099,1,5.826,9.612,0.0,0.5,0.5,25,7,124,1,1,0,0,0,0,0,0,0,2.126,-12.544,-14.46,0.9336,0.9959,79.41
shard0_out_116,2,4,2,10,3,8,5,18,4.461,4.054,1,4.783,13.229,0.75,0.125,0.125,14,3,94,1,0,0,0,1,0,0,0,0,2.127,-13.24,-13.968,0.9692,0.9984,79.01
shard0_out_117,2,5,1,10,3,9,6,21,4.599,4.061,1,4.729,7.066,0.5,0.5,0.0,30,11,124,3,0,0,0,1,0,1,1,0,2.391,-13.116,-13.469,0.972,0.9986,79.43
shard0_out_118,2,4,3,11,3,8,5,18,4.788,4.296,1,5.518,10.176,0.4444,0.4444,0.1111,25,9,112,2,1,0,0,1,0,0,0,0,2.512,-12.319,-15.526,0.9712,0.9983,79.68
shard0_out_119,1,6,2,11,2,9,7,24,5.002,4.067,1,4.852,10.279,0.3333,0.4444,0.2222,29,5,108,1,0,0,0,1,0,0,0,0,2.372,-13.997,-14.012,0.9685,0.9983,79.35
shard0_out_12,2,6,2,12,3,10,7,24,5.184,4.301,1,5.349,10.849,0.2,0.2,0.6,19,4,133,1,0,0,0,1,0,0,0,0,1.829,-12.506,-13.443,0.9523,0.997,79.81
shard0_out_120,2,4,3,11,3,8,5,18,5.169,4.254,1,5.95,11.148,0.4444,0.5556,0.0,25,8,125,2,1,0,0,0,0,1,0,0,2.278,-12.234,-14.56,0.9692,0.9983,79.15
shard0_out_121,2,6,3,13,3,10,7,24,4.714,4.013,1,6.373,10.789,0.2727,0.5455,0.1818,47,12,167,2,1,1,0,0,0,0,0,0,1.999,-11.917,-13.443,0.9673,0.9979,80.61
shard0_out_122,3,6,3,14,4,11,7,24,3.877,4.135,1,6.27,7.532,0.25,0.5833,0.1667,32,13,162,3,1,1,1,0,0,0,0,0,3.641,-12.199,-13.93,0.9607,0.9972,80.78
shard0_out_123,3,6,1,12,4,11,7,24,5.187,4.373,1,5.036,8.106,0.6,0.4,0.0,28,9,137,3,0,0,0,1,0,1,1,0,0.842,-12.267,-13.997,0.9739,0.9984,79.47
shard0_out_124,3,6,2,13,4,11,7,24,5.192,4.166,1,5.823,8.515,0.1818,0.5455,0.2727,23,7,161,0,0,0,0,0,0,0,0,0,2.353,-12.801,-13.41,0.9608,0.9975,80.53
shard0_out_125,2,4,1,9,3,8,5,18,5.128,4.016,1,4.422,7.139,0.1429,0.2857,0.5714,11,4,103,0,0,0,0,0,0,0,0,0,1.366,-11.847,-12.876,0.9594,0.9982,77.96
shard0_out_126,3,6,1,12,4,11,7,24,5.201,4.16,1,5.602,5.036,0.0,0.6,0.4,6,5,125,1,0,0,0,0,0,1,0,0,1.093,-11.602,-13.483,0.9624,0.9977,79.5
shard0_out_127,1,4,3,10,2,7,5,18,4.626,4.137,1,6.035,12.719,0.25,0.625,0.125,12,7,119,1,1,0,0,0,0,0,0,0,2.446,-12.019,-14.76,0.9791,0.999,78.86
shard0_out_128,3,6,1,12,4,11,7,24,4.355,4.118,1,5.359,12.252,0.5,0.3,0.2,31,7,131,1,0,0,0,1,0,0,0,0,2.057,-13.288,-13.594,0.9638,0.9978,79.44
shard0_out_129,1,4,3,10,2,7,5,18,5.017,3.946,1,5.843,15.55,0.375,0.375,0.25,39,10,122,3,1,0,0,1,0,1,0,0,3.723,-13.41,-14.953,0.9688,0.9985,78.86
shard0_out_13,1,4,1,8,2,7,5,18,4.729,4.041,1,4.39,7.94,0.1667,0.5,0.3333,8,5,87,2,0,0,0,1,0,1,0,0,0.751,-12.006,-13.033,0.9797,0.9992,77.69
shard0_out_130,1,6,3,12,2,9,7,24,5.014,4.077,1,5.5,9.679,0.6,0.2,0.2,34,6,141,1,0,0,0,1,0,0,0,0,2.547,-13.711,-13.998,0.9652,0.9979,79.54
shard0_out_131,1,6,2,11,2,9,7,24,5.642,3.754,1,5.543,13.852,0.4444,0.1111,0.4444,66,9,116,2,0,0,0,1,0,0,0,1,2.271,-12.752,-13.776,0.9624,0.998,79.73
shard0_out_132,2,4,3,11,3,8,5,18,4.317,4.099,1,5.846,10.371,0.3333,0.4444,0.2222,6,4,122,1,0,0,0,0,0,1,0,0,1.995,-12.552,-13.944,0.9609,0.9978,78.86
shard0_out_133,2,5,1,10,3,9,6,21,5.016,3.927,1,5.005,9.639,0.25,0.25,0.5,22,7,119,2,0,0,1,1,0,0,0,0,1.675,-12.829,-12.515,0.9702,0.9986,78.96
shard0_out_134,2,5,3,12,3,9,6,21,4.743,4.308,1,5.494,10.98,0.3,0.3,0.4,35,8,118,3,1,0,0,1,0,1,0,0,2.279,-12.817,-14.696,0.9572,0.9974,79.59
shard0_out_135,2,6,3,13,3,10,7,24,5.093,4.022,1,5.978,14.046,0.3636,0.4545,0.1818,43,13,149,4,1,0,0,1,0,1,1,0,3.278,-13.502,-15.031,0.963,0.9977,80.53
shard0_out_136,1,5,2,10,2,8,6,21,4.903,4.164,1,4.636,9.816,0.5,0.25,0.25,18,4,98,1,0,0,0,1,0,0,0,0,2.45,-13.605,-14.411,0.9698,0.9985,78.97
shard0_out_137,1,6,1,10,2,9,7,24,4.911,3.994,1,4.579,7.018,0.625,0.25,0.125,21,7,114,2,0,0,0,1,0,1,0,0,1.545,-12.358,-13.156,0.9804,0.999,79.19
shard0_out_138,2,4,2,10,3,8,5,18,4.558,4.206,1,5.057,10.814,0.125,0.5,0.375,16,6,115,2,1,0,0,1,0,0,0,0,2.586,-13.134,-13.851,0.9516,0.9975,79.07
shard0_out_139,1,6,2,11,2,9,7,24,4.893,4.123,1,5.229,12.123,0.5556,0.2222,0.2222,27,5,142,2,0,0,0,1,0,1,0,0,2.794,-13.039,-13.829,0.9586,0.9977,79.85
shard0_out_14,2,5,1,10,3,9,6,21,4.541,3.931,1,4.725,5.654,0.125,0.25,0.625,23,5,101,1,0,0,0,1,0,0,0,0,1.195,-12.311,-13.525,0.9585,0.9979,79.22
shard0_out_140,2,4,3,11,3,8,5,18,5.126,4.135,1,5.816,9.682,0.4444,0.2222,0.3333,35,9,118,2,1,0,0,1,0,0,0,0,3.299,-12.749,-14.975,0.9656,0.9981,79.14
shard0_out_141,2,5,3,12,3,9,6,21,4.616,4.095,1,5.211,8.872,0.5,0.3,0.2,32,7,116,1,0,0,0,1,0,0,0,0,2.968,-13.914,-15.367,0.971,0.9982,79.61
shard0_out_142,3,5,3,13,4,10,6,21,4.532,4.078,1,5.754,15.809,0.5455,0.1818,0.2727,40,10,139,3,1,0,0,1,0,0,0,1,3.017,-13.036,-14.266,0.9627,0.9975,80.68
shard0_out_143,1,5,1,9,2,8,6,21,4.806,4.198,1,4.536,9.141,0.5714,0.2857,0.1429,26,7,117,2,0,0,0,1,0,1,0,0,1.751,-12.697,-12.825,0.9739,0.9988,78.15
shard0_out_144,1,4,3,10,2,7,5,18,4.555,4.206,1,6.208,15.212,0.125,0.625,0.25,14,4,131,1,0,0,1,0,0,0,0,0,2.863,-12.863,-13.716,0.9559,0.9979,79.03
shard0_out_145,3,4,3,12,4,9,5,18,4.255,4.059,1,5.523,9.797,0.1,0.2,0.7,31,6,124,1,1,0,0,0,0,0,0,0,2.432,-13.17,-14.882,0.9416,0.9964,79.5
shard0_out_146,3,5,3,13,4,10,6,21,4.401,3.925,1,6.238,4.955,0.0909,0.6364,0.2727,33,7,148,1,0,0,0,0,0,1,0,0,1.927,-12.184,-14.393,0.9588,0.9972,80.74
shard0_out_147,1,5,3,11,2,8,6,21,4.942,4.101,1,5.977,13.224,0.3333,0.4444,0.2222,46,10,156,3,1,1,0,1,0,0,0,0,3.082,-12.172,-13.255,0.9729,0.9986,79.13
shard0_out_148,2,6,1,11,3,10,7,24,5.864,4.371,1,4.886,8.447,0.3333,0.2222,0.4444,20,5,121,2,0,0,1,1,0,0,0,0,0.974,-11.968,-13.308,0.9678,0.9983,78.91
shard0_out_149,1,5,3,11,2,8,6,21,5.518,4.128,1,6.171,16.848,0.4444,0.3333,0.2222,53,12,121,3,1,0,0,1,0,0,0,1,2.581,-12.189,-14.84,0.9647,0.9982,79.12
shard0_out_15,3,4,3,12,4,9,5,18,5.425,4.183,1,5.735,7.187,0.1,0.7,0.2,34,10,152,3,1,0,0,1,0,1,0,0,2.523,-12.643,-13.827,0.9672,0.9979,79.75
shard0_out_150,3,5,1,11,4,10,6,21,4.813,4.109,1,4.638,10.542,0.6667,0.2222,0.1111,25,4,108,1,0,0,0,1,0,0,0,0,1.668,-12.933,-13.809,0.9662,0.9982,78.97
shard0_out_151,2,6,1,11,3,10,7,24,5.18,3.992,1,5.089,13.563,0.7778,0.0,0.2222,16,5,130,1,0,0,0,0,0,1,0,0,1.725,-12.578,-13.121,0.9717,0.9984,79.06
shard0_out_152,2,4,3,11,3,8,5,18,4.266,4.152,1,5.814,7.941,0.1111,0.6667,0.2222,23,5,117,1,0,0,0,0,0,1,0,0,2.614,-12.733,-14.883,0.9593,0.9978,79.24
shard0_out_153,3,5,2,12,4,10,6,21,5.08,4.243,1,5.36,8.631,0.5,0.4,0.1,16,5,130,1,0,0,0,0,0,0,1,0,1.31,-12.252,-14.313,0.9661,0.9979,80.35
shard0_out_154,2,4,1,9,3,8,5,18,4.353,4.243,1,4.407,11.93,0.5714,0.1429,0.2857,13,3,81,1,0,0,0,1,0,0,0,0,1.805,-12.793,-13.922,0.9719,0.9987,77.89
shard0_out_155,3,6,2,13,4,11,7,24,4.731,4.335,1,5.165,9.735,0.3636,0.3636,0.2727,39,7,145,1,0,0,0,1,0,0,0,0,2.65,-13.198,-14.548,0.9629,0.9975,80.59
shard0_out_156,1,6,2,11,2,9,7,24,5.104,4.214,1,5.189,11.285,0.4444,0.2222,0.3333,31,7,131,2,1,0,0,1,0,0,0,0,2.152,-13.133,-13.684,0.9755,0.9986,79.1
shard0_out_157,3,6,1,12,4,11,7,24,3.935,4.118,1,4.774,9.1,0.2,0.5,0.3,16,6,113,1,0,0,0,0,0,0,1,0,0.044,-12.012,-14.374,0.9722,0.9982,79.66
shard0_out_158,2,4,3,11,3,8,5,18,4.236,4.013,1,5.836,7.34,0.0,0.6667,0.3333,22,6,120,0,0,0,0,0,0,0,0,0,2.325,-12.302,-14.576,0.95,0.9971,78.89
shard0_out_159,2,6,1,11,3,10,7,24,4.804,4.176,1,4.837,6.961,0.4444,0.4444,0.1111,30,9,129,3,0,0,0,1,0,1,1,0,1.736,-12.901,-13.631,0.9708,0.9984,78.89
shard0_out_16,3,6,1,12,4,11,7,24,4.507,4.119,1,5.759,5.964,0.2,0.6,0.2,11,6,156,1,0,0,0,0,1,0,0,0,1.377,-11.848,-13.118,0.9667,0.998,79.96
shard0_out_160,3,5,2,12,4,10,6,21,4.618,4.068,1,5.323,11.079,0.4,0.3,0.3,20,7,139,3,0,0,1,1,0,0,1,0,1.611,-12.425,-13.806,0.9754,0.9985,80.38
shard0_out_161,2,4,1,9,3,8,5,18,4.809,4.101,1,4.606,6.782,0.2857,0.2857,0.4286,13,5,127,2,0,0,1,0,0,1,0,0,1.929,-12.224,-12.492,0.9663,0.9986,78.18
shard0_out_162,1,4,1,8,2,7,5,18,4.833,4.178,1,4.45,11.39,0.5,0.3333,0.1667,23,4,66,1,0,0,0,1,0,0,0,0,2.118,-12.635,-14.063,0.9734,0.9989,77.8
shard0_out_163,3,4,1,10,4,9,5,18,4.985,4.124,1,5.005,5.785,0.0,0.625,0.375,8,4,125,0,0,0,0,0,0,0,0,0,2.311,-12.146,-13.131,0.9675,0.9984,79.39
shard0_out_164,2,5,3,12,3,9,6,21,4.406,3.928,1,6.098,10.187,0.1,0.7,0.2,12,7,150,1,1,0,0,0,0,0,0,0,1.827,-12.098,-14.584,0.9678,0.9981,80.38
shard0_out_165,3,6,1,12,4,11,7,24,5.06,4.432,1,4.818,6.187,0.5,0.4,0.1,17,6,113,1,0,0,0,1,0,0,0,0,1.779,-12.854,-13.854,0.9493,0.9965,79.57
shard0_out_166,3,4,2,11,4,9,5,18,4.703,4.23,1,5.233,11.792,0.3333,0.1111,0.5556,39,8,124,3,1,0,0,1,0,1,0,0,1.806,-12.61,-14.779,0.9543,0.9974,79.06
shard0_out_167,1,4,1,8,2,7,5,18,4.749,4.225,1,4.135,9.231,0.3333,0.3333,0.3333,23,4,73,2,0,0,0,1,0,1,0,0,2.372,-13.466,-13.938,0.9679,0.9987,77.74
shard0_out_168,3,6,1,12,4,11,7,24,5.047,4.116,1,4.834,5.135,0.3,0.3,0.4,33,7,104,2,0,0,0,1,0,1,0,0,1.406,-12.685,-15.739,0.963,0.9977,79.79
shard0_out_169,1,4,2,9,2,7,5,18,4.68,4.222,1,4.904,8.532,0.4286,0.2857,0.2857,12,5,87,0,0,0,0,0,0,0,0,0,1.725,-12.02,-14.254,0.9709,0.9987,78.06
shard0_out_17,3,6,1,12,4,11,7,24,5.329,4.084,1,5.163,8.549,0.4,0.3,0.3,28,7,132,2,0,0,1,1,0,0,0,0,1.103,-12.547,-13.085,0.9744,0.9985,80.21
shard0_out_170,3,4,3,12,4,9,5,18,4.74,4.06,1,5.717,8.347,0.1,0.4,0.5,17,5,120,0,0,0,0,0,0,0,0,0,2.636,-12.928,-15.394,0.9481,0.9967,79.59
shard0_out_171,3,6,2,13,4,11,7,24,5.03,4.195,1,5.146,7.731,0.6364,0.1818,0.1818,27,6,120,1,0,0,0,1,0,0,0,0,1.526,-13.047,-14.255,0.9601,0.9973,80.75
shard0_out_172,1,6,3,12,2,9,7,24,4.101,4.351,1,6.227,10.359,0.1,0.6,0.3,25,8,130,1,0,0,1,0,0,0,0,0,1.924,-11.611,-13.346,0.9655,0.998,79.92
shard0_out_173,1,4,2,9,2,7,5,18,4.406,4.071,1,4.937,8.921,0.4286,0.1429,0.4286,18,4,105,1,0,0,0,1,0,0,0,0,2.567,-12.53,-13.798,0.9733,0.9988,78.01
shard0_out_174,2,4,2,10,3,8,5,18,5.28,4.085,1,5.33,9.347,0.125,0.75,0.125,10,4,127,0,0,0,0,0,0,0,0,0,1.795,-11.628,-13.34,0.9765,0.9988,78.9
shard0_out_175,2,6,2,12,3,10,7,24,5.098,4.595,1,5.237,5.736,0.5,0.4,0.1,15,5,121,0,0,0,0,0,0,0,0,0,2.544,-12.802,-14.0,0.9458,0.9961,79.63
shard0_out_176,2,4,1,9,3,8,5,18,4.801,4.281,1,4.292,5.459,0.2857,0.4286,0.2857,9,5,90,1,0,0,0,1,0,0,0,0,1.383,-11.924,-13.627,0.9672,0.9985,77.91
shard0_out_177,3,6,2,13,4,11,7,24,4.776,4.125,1,5.452,15.88,0.5455,0.1818,0.2727,23,7,136,1,0,0,0,1,0,0,0,0,2.444,-13.511,-14.057,0.9571,0.9971,80.76
shard0_out_178,1,6,1,10,2,9,7,24,4.848,4.093,1,4.676,9.633,0.5,0.375,0.125,28,4,102,1,0,0,0,1,0,0,0,0,2.102,-13.674,-13.35,0.9734,0.9987,79.05
shard0_out_179,1,5,3,11,2,8,6,21,4.726,4.178,1,5.848,11.278,0.4444,0.3333,0.2222,24,8,118,3,0,0,1,1,0,1,0,0,2.695,-12.837,-14.592,0.9637,0.998,79.0
shard0_out_18,2,6,3,13,3,10,7,24,5.21,4.113,1,5.405,8.365,0.4545,0.1818,0.3636,24,6,118,2,0,0,0,1,0,1,0,0,2.049,-13.021,-14.628,0.9569,0.997,81.82
shard0_out_180,3,5,2,12,4,10,6,21,5.46,4.154,1,5.634,8.782,0.2,0.7,0.1,20,9,139,3,1,0,0,1,0,1,0,0,1.778,-12.012,-13.894,0.9682,0.9981,79.58
shard0_out_181,1,5,2,10,2,8,6,21,4.767,4.334,1,5.248,10.184,0.125,0.5,0.375,18,6,131,1,0,0,1,0,0,0,0,0,2.424,-12.784,-12.881,0.9597,0.998,79.02
shard0_out_182,1,6,2,11,2,9,7,24,5.002,4.296,1,5.069,9.882,0.5556,0.2222,0.2222,27,6,129,1,0,0,0,1,0,0,0,0,2.146,-13.112,-13.565,0.9745,0.9986,78.93
shard0_out_183,3,6,3,14,4,11,7,24,4.783,3.927,1,6.549,21.201,0.3333,0.3333,0.3333,52,13,162,3,1,0,0,1,1,0,0,0,2.401,-13.214,-14.214,0.9624,0.9975,80.75
shard0_out_184,1,5,1,9,2,8,6,21,5.203,4.114,1,4.581,8.639,0.2857,0.2857,0.4286,20,5,110,1,0,0,0,1,0,0,0,0,1.581,-12.976,-12.868,0.9802,0.9991,77.95
shard0_out_185,2,6,2,12,3,10,7,24,5.033,4.128,1,5.349,7.445,0.2,0.2,0.6,40,8,132,2,0,0,0,1,0,1,0,0,1.852,-12.74,-13.596,0.9705,0.9983,80.02
shard0_out_186,3,6,2,13,4,11,7,24,4.918,4.048,1,5.501,6.041,0.2727,0.3636,0.3636,39,7,129,2,0,0,1,1,0,0,0,0,2.382,-12.991,-14.077,0.9601,0.9972,81.42
shard0_out_187,2,5,3,12,3,9,6,21,4.275,4.013,1,6.173,9.595,0.2,0.7,0.1,25,9,141,1,1,0,0,0,0,0,0,0,2.249,-11.943,-13.764,0.9696,0.9981,79.59
shard0_out_188,2,5,1,10,3,9,6,21,4.531,4.157,1,4.635,10.944,0.625,0.25,0.125,23,5,118,1,0,0,0,1,0,0,0,0,1.672,-12.781,-13.618,0.9746,0.9987,79.09
shard0_out_189,3,4,1,10,4,9,5,18,4.846,4.136,1,5.24,14.12,0.25,0.5,0.25,24,7,140,1,0,0,0,0,1,0,0,0,1.147,-12.191,-12.406,0.9772,0.9989,79.24
shard0_out_19,1,5,2,10,2,8,6,21,4.684,4.171,1,4.842,10.154,0.5,0.375,0.125,28,6,105,1,0,0,0,1,0,0,0,0,2.499,-13.377,-14.883,0.9734,0.9986,79.21
shard0_out_190,3,5,1,11,4,10,6,21,4.785,4.198,1,4.853,9.111,0.4444,0.3333,0.2222,24,7,113,4,0,0,1,1,0,1,1,0,1.595,-12.257,-13.973,0.9629,0.9979,78.95
shard0_out_191,2,4,1,9,3,8,5,18,4.622,4.237,1,4.301,5.092,0.1429,0.5714,0.2857,25,5,84,1,0,0,0,1,0,0,0,0,1.403,-12.51,-13.971,0.9682,0.9984,77.91
shard0_out_192,2,5,1,10,3,9,6,21,5.102,3.999,1,4.554,6.91,0.25,0.125,0.625,14,4,103,1,0,0,0,1,0,0,0,0,1.728,-12.295,-12.868,0.9514,0.9976,79.11
shard0_out_193,1,4,3,10,2,7,5,18,4.449,4.037,1,5.845,11.547,0.125,0.375,0.5,12,5,119,1,1,0,0,0,0,0,0,0,3.126,-12.891,-13.692,0.9505,0.9976,79.42
shard0_out_194,3,6,3,14,4,11,7,24,4.97,4.053,1,5.806,15.862,0.4167,0.25,0.3333,19,6,137,1,0,0,0,1,0,0,0,0,2.264,-13.394,-14.358,0.9556,0.9968,80.68
shard0_out_195,1,6,1,10,2,9,7,24,5.041,4.159,1,4.642,7.212,0.5,0.375,0.125,12,3,90,1,0,0,0,1,0,0,0,0,1.494,-12.519,-13.711,0.9789,0.9989,79.52
shard0_out_196,2,4,1,9,3,8,5,18,4.662,4.121,1,4.482,6.403,0.4286,0.1429,0.4286,25,5,91,2,0,0,0,1,0,1,0,0,2.151,-13.076,-13.98,0.9708,0.9986,78.18
shard0_out_197,1,5,3,11,2,8,6,21,4.543,4.191,1,5.569,11.94,0.4444,0.4444,0.1111,36,11,149,4,1,1,0,1,0,1,0,0,3.413,-12.974,-14.085,0.9807,0.999,78.85
shard0_out_198,2,4,3,11,3,8,5,18,5.043,4.146,1,5.515,8.508,0.3333,0.3333,0.3333,10,5,109,0,0,0,0,0,0,0,0,0,1.794,-12.524,-14.472,0.9585,0.9977,79.95
shard0_out_199,2,4,1,9,3,8,5,18,5.545,4.059,1,4.688,6.954,0.0,0.7143,0.2857,3,2,103,0,0,0,0,0,0,0,0,0,1.398,-11.893,-12.618,0.9813,0.9991,78.02
shard0_out_2,3,5,1,11,4,10,6,21,4.338,3.961,1,4.752,7.962,0.5556,0.2222,0.2222,38,7,119,1,0,0,0,1,0,0,0,0,2.306,-13.026,-14.975,0.9635,0.998,79.24
shard0_out_20,3,4,3,12,4,9,5,18,4.422,4.209,1,5.959,11.537,0.1,0.7,0.2,27,11,139,2,1,0,0,0,0,1,0,0,2.072,-11.702,-15.07,0.9709,0.9982,79.71
shard0_out_200,2,6,1,11,3,10,7,24,5.187,4.35,1,4.619,6.533,0.6667,0.3333,0.0,30,8,115,1,0,0,0,1,0,0,0,0,1.693,-12.843,-14.018,0.9701,0.9983,79.12
shard0_out_201,2,4,1,9,3,8,5,18,4.281,4.103,1,4.407,6.429,0.2857,0.4286,0.2857,20,7,105,1,0,0,0,1,0,0,0,0,2.078,-12.897,-13.63,0.9659,0.9985,77.91
shard0_out_202,2,4,3,11,3,8,5,18,5.09,3.975,1,6.083,11.847,0.0,0.7778,0.2222,29,8,133,1,1,0,0,0,0,0,0,0,2.917,-12.012,-14.186,0.9778,0.9988,79.08
shard0_out_203,3,4,1,10,4,9,5,18,4.789,4.101,1,4.95,11.347,0.25,0.5,0.25,25,5,130,1,0,0,0,1,0,0,0,0,1.468,-12.53,-12.375,0.9733,0.9988,78.86
shard0_out_204,1,5,2,10,2,8,6,21,4.714,4.024,1,4.965,10.214,0.625,0.25,0.125,28,7,114,2,0,0,0,1,0,1,0,0,2.16,-13.377,-14.056,0.9709,0.9985,79.48
shard0_out_205,2,5,2,11,3,9,6,21,4.496,4.07,1,5.251,10.304,0.1111,0.6667,0.2222,18,7,145,2,0,0,0,1,0,1,0,0,2.331,-12.372,-13.315,0.9557,0.9976,79.21
shard0_out_206,2,6,1,11,3,10,7,24,5.092,4.055,1,5.047,6.1,0.3333,0.5556,0.1111,8,5,122,1,0,0,0,0,0,1,0,0,1.317,-11.419,-12.829,0.9779,0.9987,79.13
shard0_out_207,1,6,1,10,2,9,7,24,4.616,4.138,1,4.538,7.682,0.125,0.375,0.5,44,4,103,1,0,0,0,1,0,0,0,0,1.093,-13.17,-14.307,0.9704,0.9985,78.98
shard0_out_208,2,5,2,11,3,9,6,21,4.453,3.984,1,5.657,5.521,0.2222,0.6667,0.1111,13,5,142,0,0,0,0,0,0,0,0,0,1.477,-11.278,-13.478,0.9721,0.9984,79.16
shard0_out_209,1,4,1,8,2,7,5,18,4.543,4.085,1,4.379,10.133,0.3333,0.1667,0.5,32,6,86,2,0,0,0,1,0,1,0,0,1.927,-12.465,-13.35,0.9708,0.9989,78.08
shard0_out_21,1,5,3,11,2,8,6,21,4.946,4.174,1,5.286,8.729,0.4444,0.3333,0.2222,29,5,112,1,0,0,0,1,0,0,0,0,1.821,-13.292,-14.071,0.9753,0.9986,79.3
shard0_out_210,1,5,1,9,2,8,6,21,4.979,4.09,1,4.621,6.235,0.4286,0.1429,0.4286,16,5,95,1,0,0,0,1,0,0,0,0,1.794,-12.544,-13.066,0.9667,0.9985,78.41
shard0_out_211,3,4,2,11,4,9,5,18,5.335,3.954,1,5.435,8.88,0.2222,0.5556,0.2222,17,6,135,1,0,0,0,1,0,0,0,0,2.104,-12.277,-13.628,0.9606,0.9978,79.33
shard0_out_212,3,5,1,11,4,10,6,21,5.34,4.116,1,5.165,5.917,0.0,0.6667,0.3333,10,7,123,0,0,0,0,0,0,0,0,0,1.752,-12.955,-12.734,0.9691,0.9983,79.1
shard0_out_213,2,4,2,10,3,8,5,18,4.438,4.081,1,4.635,6.672,0.625,0.25,0.125,18,4,92,1,0,0,0,1,0,0,0,0,2.066,-13.345,-14.189,0.9649,0.9981,79.38
shard0_out_214,2,5,2,11,3,9,6,21,5.413,4.041,1,5.508,7.452,0.1111,0.6667,0.2222,7,3,128,0,0,0,0,0,0,0,0,0,1.528,-11.835,-13.736,0.9678,0.9981,78.99
shard0_out_215,3,5,1,11,4,10,6,21,4.538,4.285,1,4.915,9.466,0.4444,0.4444,0.1111,48,9,128,3,0,0,0,1,0,1,1,0,1.493,-13.056,-14.571,0.9751,0.9986,79.28
shard0_out_216,1,4,1,8,2,7,5,18,4.355,4.005,1,4.182,8.239,0.3333,0.1667,0.5,14,4,91,1,0,0,0,1,0,0,0,0,2.801,-13.251,-13.065,0.9588,0.9984,77.98
shard0_out_217,3,4,2,11,4,9,5,18,5.52,3.998,1,5.545,9.447,0.0,0.7778,0.2222,28,7,139,2,1,0,0,1,0,0,0,0,2.355,-12.74,-13.882,0.9689,0.9983,79.39
shard0_out_218,2,6,2,12,3,10,7,24,5.441,4.227,1,5.631,9.229,0.1,0.6,0.3,16,7,158,2,1,0,0,0,0,1,0,0,1.508,-11.779,-13.821,0.9668,0.998,80.55
shard0_out_219,2,5,3,12,3,9,6,21,4.5,4.163,1,5.213,10.26,0.7,0.1,0.2,30,5,120,1,0,0,0,1,0,0,0,0,1.836,-13.645,-13.993,0.9718,0.9983,79.88
shard0_out_22,3,5,1,11,4,10,6,21,4.098,4.355,1,5.364,5.688,0.0,0.5556,0.4444,20,5,129,0,0,0,0,0,0,0,0,0,2.73,-11.728,-13.22,0.9597,0.9979,79.49
shard0_out_220,1,5,3,11,2,8,6,21,4.978,4.026,1,5.768,8.711,0.2222,0.4444,0.3333,29,6,131,1,0,0,1,0,0,0,0,0,2.302,-13.491,-13.768,0.9592,0.9977,79.17
shard0_out_221,2,6,3,13,3,10,7,24,5.042,4.1,1,5.677,9.809,0.3636,0.3636,0.2727,47,9,130,2,1,0,0,1,0,0,0,0,2.818,-13.372,-14.735,0.9618,0.9974,80.87
shard0_out_222,2,6,3,13,3,10,7,24,5.367,4.222,1,5.812,9.376,0.4545,0.2727,0.2727,42,8,129,2,1,0,0,1,0,0,0,0,2.879,-13.011,-14.957,0.9668,0.9978,80.75
shard0_out_223,1,5,2,10,2,8,6,21,4.551,4.164,1,4.902,9.564,0.5,0.125,0.375,14,4,123,2,0,0,0,1,0,1,0,0,2.232,-12.638,-13.323,0.9573,0.9978,79.1
shard0_out_224,1,5,2,10,2,8,6,21,4.37,4.158,1,4.857,11.256,0.5,0.375,0.125,32,7,124,1,0,0,0,1,0,0,0,0,2.289,-12.739,-14.108,0.9834,0.9992,79.0
shard0_out_225,2,4,1,9,3,8,5,18,4.547,4.262,1,4.661,11.717,0.2857,0.2857,0.4286,14,5,114,0,0,0,0,0,0,0,0,0,1.918,-12.589,-12.782,0.9765,0.999,78.17
shard0_out_226,2,6,1,11,3,10,7,24,4.91,4.091,1,4.867,11.864,0.6667,0.2222,0.1111,28,4,117,1,0,0,0,1,0,0,0,0,1.678,-13.02,-13.387,0.9733,0.9985,79.11
shard0_out_227,3,6,3,14,4,11,7,24,5.203,4.169,1,6.29,8.732,0.0833,0.6667,0.25,29,9,157,1,1,0,0,0,0,0,0,0,2.555,-12.723,-14.576,0.9584,0.9969,81.03
shard0_out_228,3,5,1,11,4,10,6,21,5.111,4.238,1,4.776,8.944,0.0,0.4444,0.5556,14,4,104,0,0,0,0,0,0,0,0,0,0.295,-11.845,-14.049,0.9587,0.9975,79.19
shard0_out_229,3,4,3,12,4,9,5,18,4.623,4.248,1,5.511,14.258,0.8,0.2,0.0,17,6,130,2,0,0,0,0,0,1,0,1,2.045,-12.102,-13.728,0.9674,0.9981,79.51
shard0_out_23,2,4,2,10,3,8,5,18,4.461,4.186,1,5.074,13.871,0.5,0.25,0.25,18,5,102,1,0,0,0,1,0,0,0,0,2.58,-12.812,-14.346,0.9611,0.9979,79.48
shard0_out_230,3,4,1,10,4,9,5,18,4.752,4.212,1,4.532,5.176,0.375,0.5,0.125,21,5,79,1,0,0,0,1,0,0,0,0,1.503,-12.642,-14.599,0.9753,0.9987,79.41
shard0_out_231,1,6,1,10,2,9,7,24,4.353,4.222,1,4.509,5.736,0.25,0.25,0.5,9,5,113,1,0,0,1,0,0,0,0,0,1.82,-12.187,-12.43,0.9609,0.9981,79.59
shard0_out_232,1,6,1,10,2,9,7,24,4.919,4.217,1,4.594,6.946,0.5,0.125,0.375,29,5,110,1,0,0,0,1,0,0,0,0,1.538,-13.063,-13.483,0.9815,0.9991,79.27
shard0_out_233,1,4,1,8,2,7,5,18,5.041,4.501,1,4.465,6.599,0.3333,0.5,0.1667,3,2,97,0,0,0,0,0,0,0,0,0,1.662,-11.386,-12.851,0.9681,0.9988,77.56
shard0_out_234,1,4,2,9,2,7,5,18,4.273,4.121,1,4.718,10.165,0.0,0.7143,0.2857,21,6,116,1,0,0,0,1,0,0,0,0,3.353,-13.331,-13.51,0.9584,0.9982,78.21
shard0_out_235,2,4,2,10,3,8,5,18,4.577,4.094,1,5.035,8.257,0.125,0.5,0.375,13,4,126,1,0,0,1,0,0,0,0,0,3.016,-12.666,-13.698,0.96,0.998,79.95
shard0_out_236,3,5,2,12,4,10,6,21,5.437,4.167,1,5.84,9.605,0.0,0.7,0.3,40,9,153,2,1,0,0,1,0,0,0,0,1.557,-12.035,-13.245,0.9639,0.9979,80.01
shard0_out_237,1,5,1,9,2,8,6,21,4.338,4.113,1,4.373,6.674,0.5714,0.2857,0.1429,15,5,107,2,0,0,0,1,0,1,0,0,1.831,-12.876,-12.616,0.9681,0.9986,77.83
shard0_out_238,2,6,1,11,3,10,7,24,5.131,4.107,1,4.82,10.874,0.7778,0.2222,0.0,23,7,119,3,0,0,0,1,0,1,0,1,1.266,-11.779,-13.385,0.9847,0.9991,79.32
shard0_out_239,2,5,2,11,3,9,6,21,4.466,4.027,1,5.192,8.716,0.3333,0.4444,0.2222,15,7,134,2,0,0,1,0,0,1,0,0,2.248,-12.17,-13.145,0.9636,0.998,79.53
shard0_out_24,2,5,3,12,3,9,6,21,4.311,3.932,1,6.319,11.235,0.2,0.7,0.1,31,10,144,2,1,0,0,0,0,1,0,0,1.521,-11.972,-14.023,0.9665,0.998,79.6
shard0_out_240,3,5,2,12,4,10,6,21,4.646,3.98,1,5.057,10.291,0.5,0.1,0.4,35,7,131,3,0,0,0,1,0,1,1,0,1.901,-13.169,-14.833,0.9642,0.9978,79.75
shard0_out_241,3,4,1,10,4,9,5,18,4.301,4.161,1,4.723,5.719,0.25,0.375,0.375,17,6,115,1,0,0,1,0,0,0,0,0,1.872,-12.817,-13.465,0.965,0.9983,78.93
shard0_out_242,3,5,1,11,4,10,6,21,4.65,4.07,1,5.188,10.655,0.1111,0.4444,0.4444,23,9,146,2,0,0,1,0,0,0,1,0,1.458,-12.433,-13.391,0.9612,0.9979,79.19
shard0_out_243,3,4,2,11,4,9,5,18,4.688,4.106,1,5.125,5.134,0.3333,0.3333,0.3333,31,8,120,3,1,0,0,1,0,1,0,0,2.389,-12.477,-14.629,0.9648,0.998,79.03
shard0_out_244,3,4,1,10,4,9,5,18,4.484,4.195,1,4.957,10.124,0.25,0.5,0.25,19,6,132,0,0,0,0,0,0,0,0,0,1.276,-12.799,-13.587,0.9704,0.9986,79.51
shard0_out_245,1,4,2,9,2,7,5,18,4.544,4.114,1,4.871,12.035,0.1429,0.2857,0.5714,21,8,116,2,0,0,0,1,0,1,0,0,2.84,-12.721,-13.656,0.9721,0.9988,78.54
shard0_out_246,3,5,1,11,4,10,6,21,5.505,4.117,1,5.09,7.013,0.2222,0.6667,0.1111,17,5,114,2,0,0,0,1,0,1,0,0,1.277,-12.278,-13.696,0.9717,0.9984,79.56
shard0_out_247,3,6,3,14,4,11,7,24,4.442,4.236,1,6.263,20.767,0.5833,0.25,0.1667,37,7,164,2,1,0,0,1,0,0,0,0,2.133,-12.708,-13.849,0.9525,0.9967,80.94
shard0_out_248,1,4,2,9,2,7,5,18,4.556,4.136,1,4.672,7.789,0.2857,0.2857,0.4286,13,3,97,0,0,0,0,0,0,0,0,0,2.095,-13.211,-13.436,0.953,0.9979,78.76
shard0_out_249,3,4,3,12,4,9,5,18,4.285,4.291,1,6.001,17.551,0.3,0.5,0.2,61,11,155,3,1,1,0,1,0,0,0,0,3.145,-12.925,-14.104,0.9708,0.9984,79.67
shard0_out_25,1,6,1,10,2,9,7,24,4.86,4.117,1,4.668,9.28,0.375,0.375,0.25,17,5,104,1,0,0,0,1,0,0,0,0,2.522,-13.846,-13.33,0.9711,0.9985,79.12
shard0_out_250,2,4,3,11,3,8,5,18,4.315,4.045,1,5.482,7.784,0.1111,0.5556,0.3333,10,4,110,0,0,0,0,0,0,0,0,0,1.638,-12.686,-14.251,0.9591,0.9976,79.23
shard0_out_251,2,6,1,11,3,10,7,24,5.238,4.017,1,4.921,6.042,0.2222,0.2222,0.5556,22,6,113,1,0,0,0,1,0,0,0,0,0.843,-11.915,-13.594,0.9454,0.997,79.22
shard0_out_252,3,6,1,12,4,11,7,24,4.998,4.262,1,4.799,4.208,0.4,0.3,0.3,24,8,120,1,0,0,0,1,0,0,0,0,1.776,-12.743,-14.504,0.9723,0.9982,79.55
shard0_out_253,2,6,1,11,3,10,7,24,4.921,4.191,1,5.002,3.807,0.4444,0.4444,0.1111,23,8,146,1,0,0,1,0,0,0,0,0,2.463,-12.705,-12.826,0.9568,0.9975,78.92
shard0_out_254,3,5,3,13,4,10,6,21,4.405,3.997,1,6.175,5.543,0.0909,0.7273,0.1818,19,8,132,0,0,0,0,0,0,0,0,0,1.758,-12.269,-14.557,0.9547,0.9968,80.39
shard0_out_255,1,4,1,8,2,7,5,18,4.408,4.216,1,4.261,9.795,0.3333,0.3333,0.3333,28,5,78,2,0,0,0,1,0,1,0,0,2.269,-13.073,-14.243,0.971,0.9988,77.57
shard0_out_256,3,4,2,11,4,9,5,18,5.434,4.106,1,5.279,5.32,0.2222,0.6667,0.1111,7,3,121,0,0,0,0,0,0,0,0,0,3.626,-12.473,-14.403,0.9561,0.9975,79.09
shard0_out_257,1,4,2,9,2,7,5,18,4.239,4.067,1,5.082,8.271,0.1429,0.5714,0.2857,7,3,104,0,0,0,0,0,0,0,0,0,2.383,-12.102,-13.239,0.9567,0.9981,77.84
shard0_out_258,2,5,1,10,3,9,6,21,4.505,4.119,1,4.491,5.888,0.5,0.25,0.25,34,5,102,1,0,0,0,1,0,0,0,0,2.314,-13.398,-14.445,0.968,0.9984,78.91
shard0_out_259,3,6,3,14,4,11,7,24,4.634,4.104,1,6.637,14.403,0.1667,0.75,0.0833,35,11,170,2,1,0,0,0,0,0,1,0,1.98,-11.597,-13.799,0.9559,0.9969,80.69
shard0_out_26,1,4,1,8,2,7,5,18,4.679,4.296,1,4.181,6.774,0.5,0.3333,0.1667,8,5,88,1,0,0,0,1,0,0,0,0,0.946,-11.695,-13.588,0.9825,0.9993,77.64
shard0_out_260,1,6,1,10,2,9,7,24,5.256,4.186,1,4.738,8.47,0.5,0.375,0.125,15,3,104,1,0,0,0,1,0,0,0,0,1.565,-12.408,-12.901,0.97,0.9986,79.02
shard0_out_261,2,4,1,9,3,8,5,18,4.958,4.207,1,5.131,14.262,0.5714,0.2857,0.1429,19,6,95,1,0,0,0,1,0,0,0,0,1.957,-12.568,-13.361,0.9604,0.9982,78.1
shard0_out_262,2,5,1,10,3,9,6,21,4.981,4.112,1,4.984,5.519,0.125,0.75,0.125,25,7,123,3,0,0,1,1,0,1,0,0,1.54,-12.52,-12.44,0.9808,0.999,79.02
shard0_out_263,3,6,1,12,4,11,7,24,5.367,3.966,1,5.624,6.5,0.2,0.6,0.2,16,7,130,2,0,0,0,1,0,1,0,0,0.531,-11.505,-13.193,0.9808,0.9988,79.45
shard0_out_264,3,5,2,12,4,10,6,21,4.831,4.065,1,5.287,10.55,0.4,0.4,0.2,18,6,131,2,0,0,0,1,0,1,0,0,1.879,-12.531,-14.327,0.9653,0.9978,79.45
shard0_out_265,2,5,3,12,3,9,6,21,4.57,4.005,1,5.857,11.804,0.3,0.5,0.2,26,8,140,2,1,0,0,0,0,1,0,0,2.773,-12.32,-14.173,0.9681,0.9982,79.63
shard0_out_266,2,5,3,12,3,9,6,21,4.659,4.058,1,5.899,17.815,0.5,0.3,0.2,44,8,134,2,1,0,0,1,0,0,0,0,2.777,-13.597,-14.783,0.9572,0.9974,79.67
shard0_out_267,1,6,1,10,2,9,7,24,4.86,4.269,1,4.531,6.968,0.75,0.25,0.0,24,7,113,1,0,0,0,1,0,0,0,0,1.289,-12.728,-12.91,0.9755,0.9988,79.63
shard0_out_268,1,6,1,10,2,9,7,24,4.57,4.068,1,4.682,8.03,0.5,0.5,0.0,36,6,120,2,0,0,0,1,0,1,0,0,2.068,-13.156,-13.268,0.9739,0.9987,79.76
shard0_out_269,2,4,3,11,3,8,5,18,5.156,4.24,1,6.117,11.956,0.1111,0.7778,0.1111,38,11,137,2,1,0,0,1,0,0,0,0,3.638,-12.769,-14.5,0.9672,0.9983,79.2
shard0_out_27,1,4,1,8,2,7,5,18,4.578,3.982,1,4.249,8.343,0.3333,0.1667,0.5,16,5,97,2,0,0,0,1,0,1,0,0,2.044,-12.49,-12.742,0.9684,0.9988,77.66
shard0_out_270,2,5,3,12,3,9,6,21,5.141,4.141,1,6.356,12.809,0.2,0.7,0.1,30,7,140,1,1,0,0,0,0,0,0,0,2.4,-11.725,-14.216,0.9518,0.9971,79.55
shard0_out_271,2,5,2,11,3,9,6,21,4.668,4.078,1,5.05,13.246,0.5556,0.3333,0.1111,29,4,123,1,0,0,0,1,0,0,0,0,2.242,-13.387,-14.078,0.9697,0.9983,78.99
shard0_out_272,3,6,1,12,4,11,7,24,5.078,4.008,1,5.517,5.026,0.3,0.6,0.1,5,5,138,0,0,0,0,0,0,0,0,0,1.611,-12.281,-13.318,0.9706,0.9982,80.3
shard0_out_273,1,6,1,10,2,9,7,24,4.946,4.175,1,4.643,8.076,0.75,0.25,0.0,23,5,113,1,0,0,0,1,0,0,0,0,1.398,-12.984,-12.716,0.9694,0.9985,79.28
shard0_out_274,1,5,2,10,2,8,6,21,4.598,4.271,1,4.873,11.212,0.5,0.25,0.25,18,4,114,1,0,0,0,1,0,0,0,0,2.327,-13.375,-13.773,0.9584,0.9979,79.02
shard0_out_275,2,6,3,13,3,10,7,24,5.097,4.164,1,6.139,16.894,0.6364,0.2727,0.0909,50,10,146,3,1,0,0,1,0,1,0,0,2.757,-12.898,-14.671,0.9684,0.998,80.78
shard0_out_276,2,6,2,12,3,10,7,24,5.058,4.178,1,5.344,13.388,0.6,0.3,0.1,44,8,149,3,1,0,0,1,0,1,0,0,2.066,-12.939,-13.819,0.9816,0.9989,80.25
shard0_out_277,2,6,1,11,3,10,7,24,4.946,3.989,1,4.721,5.847,0.4444,0.1111,0.4444,27,9,124,2,0,0,0,1,0,1,0,0,1.585,-12.522,-13.529,0.9692,0.9983,79.34
shard0_out_278,1,4,1,8,2,7,5,18,4.995,4.331,1,4.363,7.661,0.5,0.3333,0.1667,5,3,88,0,0,0,0,0,0,0,0,0,0.71,-11.418,-12.942,0.9813,0.9993,77.7
shard0_out_279,1,6,2,11,2,9,7,24,5.032,4.402,1,5.035,10.762,0.3333,0.4444,0.2222,45,8,122,3,1,0,0,1,0,1,0,0,1.952,-12.611,-14.302,0.967,0.9983,79.46
shard0_out_28,1,4,2,9,2,7,5,18,4.024,4.398,1,5.0,8.142,0.1429,0.4286,0.4286,26,4,103,0,0,0,0,0,0,0,0,0,1.717,-11.7,-14.126,0.9584,0.9981,78.13
shard0_out_280,2,4,2,10,3,8,5,18,4.74,4.016,1,5.28,13.792,0.25,0.625,0.125,14,6,131,3,1,0,0,1,0,1,0,0,1.44,-11.827,-13.52,0.9541,0.9977,78.98
shard0_out_281,1,6,3,12,2,9,7,24,4.831,4.367,1,5.902,10.225,0.5,0.4,0.1,27,10,127,2,1,0,0,1,0,0,0,0,3.213,-12.391,-14.44,0.9684,0.9981,79.43
shard0_out_282,3,4,3,12,4,9,5,18,4.324,4.132,1,5.847,9.912,0.1,0.5,0.4,12,4,121,1,1,0,0,0,0,0,0,0,2.151,-12.486,-14.788,0.9644,0.9978,79.58
shard0_out_283,2,4,2,10,3,8,5,18,5.322,4.219,1,5.397,8.699,0.0,0.75,0.25,5,4,112,2,0,0,1,0,0,1,0,0,2.48,-12.118,-13.804,0.9612,0.9979,78.96
shard0_out_284,1,6,1,10,2,9,7,24,4.911,4.244,1,4.513,9.195,0.375,0.25,0.375,30,4,97,1,0,0,0,1,0,0,0,0,1.854,-13.968,-14.355,0.9637,0.9982,78.94
shard0_out_285,3,4,3,12,4,9,5,18,4.502,3.913,1,6.338,14.601,0.1,0.7,0.2,37,10,144,3,1,0,0,0,0,1,1,0,1.931,-11.367,-14.752,0.9567,0.9974,79.53
shard0_out_286,1,6,3,12,2,9,7,24,5.145,3.88,1,5.246,9.393,0.9,0.1,0.0,18,6,123,2,0,0,0,1,0,1,0,0,2.298,-13.096,-14.476,0.979,0.9987,79.53
shard0_out_287,3,5,1,11,4,10,6,21,4.929,4.189,1,4.744,8.905,0.4444,0.2222,0.3333,29,7,112,2,0,0,0,1,0,0,1,0,0.977,-11.89,-14.134,0.9686,0.9982,78.96
shard0_out_288,1,4,1,8,2,7,5,18,4.467,4.256,1,4.061,9.002,0.5,0.1667,0.3333,27,5,73,2,0,0,0,1,0,1,0,0,2.085,-12.854,-14.49,0.9689,0.9987,77.5
shard0_out_289,2,5,2,11,3,9,6,21,5.399,4.138,1,5.529,9.307,0.2222,0.4444,0.3333,10,4,128,0,0,0,0,0,0,0,0,0,1.785,-11.616,-13.275,0.9737,0.9985,79.17
shard0_out_29,3,6,2,13,4,11,7,24,5.495,4.512,1,5.487,10.866,0.1818,0.4545,0.3636,26,7,131,3,0,0,0,1,0,1,1,0,1.512,-12.55,-15.305,0.9645,0.9975,80.76
shard0_out_290,1,6,2,11,2,9,7,24,4.931,4.013,1,5.461,12.496,0.5556,0.2222,0.2222,17,6,132,1,0,0,0,0,0,1,0,0,1.451,-11.613,-13.947,0.9683,0.9983,79.6
shard0_out_291,3,6,2,13,4,11,7,24,5.04,4.175,1,5.143,4.257,0.5455,0.2727,0.1818,20,7,122,2,0,0,0,1,0,1,0,0,2.33,-12.688,-14.828,0.9703,0.9979,80.58
shard0_out_292,1,4,2,9,2,7,5,18,4.753,4.105,1,5.101,12.713,0.2857,0.4286,0.2857,14,3,119,1,0,0,0,1,0,0,0,0,2.781,-12.807,-13.192,0.9554,0.9981,78.13
shard0_out_293,1,4,3,10,2,7,5,18,4.447,4.209,1,4.992,9.712,0.125,0.5,0.375,26,6,100,1,0,0,0,1,0,0,0,0,2.402,-13.869,-14.933,0.9619,0.998,79.29
shard0_out_294,1,6,1,10,2,9,7,24,5.299,4.182,1,4.911,8.026,0.125,0.625,0.25,8,5,109,0,0,0,0,0,0,0,0,0,0.383,-11.638,-13.449,0.9636,0.9982,79.34
shard0_out_295,2,4,3,11,3,8,5,18,4.304,3.995,1,5.855,8.54,0.1111,0.4444,0.4444,3,2,116,0,0,0,0,0,0,0,0,0,2.397,-12.436,-14.37,0.9528,0.9972,79.37
shard0_out_296,2,6,3,13,3,10,7,24,5.142,4.155,1,5.305,6.361,0.6364,0.2727,0.0909,31,6,122,1,0,0,0,1,0,0,0,0,2.37,-13.365,-14.696,0.9656,0.9976,81.06
shard0_out_297,2,5,1,10,3,9,6,21,4.741,4.127,1,4.664,10.469,0.75,0.125,0.125,33,5,113,2,0,0,0,1,0,1,0,0,2.038,-12.686,-13.804,0.9676,0.9983,79.59
shard0_out_298,3,4,1,10,4,9,5,18,4.822,4.205,1,4.939,9.539,0.25,0.5,0.25,29,6,115,2,0,0,0,1,0,0,1,0,1.319,-13.007,-14.566,0.9552,0.9977,79.23
shard0_out_299,3,4,2,11,4,9,5,18,4.291,4.153,1,5.295,15.297,0.4444,0.3333,0.2222,24,7,138,2,0,0,0,1,0,1,0,0,2.018,-12.335,-13.714,0.9733,0.9986,80.01
shard0_out_3,3,5,3,13,4,10,6,21,5.165,4.34,1,6.159,11.866,0.0909,0.8182,0.0909,46,10,163,3,1,1,0,1,0,0,0,0,2.185,-12.527,-14.127,0.9634,0.9976,80.86
shard0_out_30,1,5,3,11,2,8,6,21,4.671,4.245,1,5.412,12.818,0.5556,0.1111,0.3333,20,7,126,2,1,0,0,1,0,0,0,0,2.631,-12.344,-13.897,0.9642,0.9981,79.19
shard0_out_300,1,5,1,9,2,8,6,21,4.541,4.157,1,4.348,7.534,0.4286,0.2857,0.2857,31,7,101,2,0,0,0,1,0,1,0,0,2.082,-13.26,-13.647,0.9887,0.9994,78.54
shard0_out_301,1,5,2,10,2,8,6,21,4.765,4.175,1,4.984,11.785,0.375,0.5,0.125,20,6,120,2,1,0,0,1,0,0,0,0,2.151,-12.445,-13.915,0.9765,0.9988,79.35
shard0_out_302,2,6,3,13,3,10,7,24,5.216,4.246,1,6.287,16.598,0.3636,0.3636,0.2727,48,10,137,4,1,0,0,1,0,1,0,1,1.861,-12.585,-14.74,0.9555,0.997,80.6
shard0_out_303,3,4,3,12,4,9,5,18,4.878,4.131,1,5.931,7.441,0.2,0.7,0.1,8,4,116,0,0,0,0,0,0,0,0,0,2.53,-12.65,-14.88,0.9551,0.9972,79.97
shard0_out_304,1,4,1,8,2,7,5,18,4.508,4.144,1,4.391,6.857,0.3333,0.3333,0.3333,7,2,103,0,0,0,0,0,0,0,0,0,2.414,-12.965,-12.781,0.9599,0.9984,78.08
shard0_out_305,1,6,3,12,2,9,7,24,5.021,4.146,1,5.843,13.184,0.3,0.3,0.4,55,9,124,3,1,0,0,1,0,1,0,0,2.508,-12.831,-14.668,0.9529,0.9972,79.44
shard0_out_306,3,4,1,10,4,9,5,18,4.377,4.019,1,4.9,13.928,0.625,0.125,0.25,19,4,110,1,0,0,0,1,0,0,0,0,1.285,-12.882,-12.898,0.9524,0.9976,78.94
shard0_out_307,1,5,2,10,2,8,6,21,4.951,4.191,1,5.021,11.875,0.375,0.25,0.375,44,6,98,1,0,0,0,1,0,0,0,0,2.747,-13.855,-14.677,0.9695,0.9985,79.43
shard0_out_308,2,4,1,9,3,8,5,18,4.343,4.017,1,4.195,5.399,0.1429,0.2857,0.5714,27,5,88,1,0,0,0,1,0,0,0,0,1.284,-12.64,-13.649,0.9701,0.9986,78.44
shard0_out_309,2,5,1,10,3,9,6,21,5.305,4.106,1,4.867,8.319,0.25,0.625,0.125,14,4,121,0,0,0,0,0,0,0,0,0,1.084,-11.353,-12.796,0.9872,0.9993,79.56
shard0_out_31,2,6,3,13,3,10,7,24,4.924,4.113,1,5.949,17.096,0.6364,0.1818,0.1818,31,9,140,3,1,0,0,1,0,1,0,0,2.488,-12.742,-14.774,0.9686,0.998,80.71
shard0_out_310,3,6,2,13,4,11,7,24,5.202,4.285,1,5.291,8.845,0.2727,0.5455,0.1818,30,7,135,2,0,0,0,1,0,1,0,0,2.098,-12.406,-14.254,0.9627,0.9976,80.62
shard0_out_311,1,5,2,10,2,8,6,21,5.272,4.315,1,4.655,8.24,0.375,0.375,0.25,13,4,80,1,0,0,0,1,0,0,0,0,2.13,-13.027,-14.286,0.9611,0.998,79.02
shard0_out_312,3,6,2,13,4,11,7,24,4.722,4.251,1,5.229,12.444,0.5455,0.2727,0.1818,33,8,144,2,0,0,0,1,0,0,1,0,1.474,-12.807,-14.23,0.963,0.9977,81.42
shard0_out_313,3,6,1,12,4,11,7,24,4.762,4.262,1,4.928,9.121,0.3,0.4,0.3,39,8,132,2,0,0,1,1,0,0,0,0,1.304,-13.18,-13.869,0.9693,0.9982,79.78
shard0_out_314,1,5,3,11,2,8,6,21,5.681,4.149,1,6.077,15.929,0.4444,0.1111,0.4444,46,10,122,2,1,0,0,0,0,0,0,1,2.425,-11.975,-14.638,0.9664,0.9982,79.19
shard0_out_315,1,4,3,10,2,7,5,18,4.788,4.034,1,4.852,10.832,0.625,0.0,0.375,18,4,84,1,0,0,0,1,0,0,0,0,2.091,-13.602,-14.041,0.9742,0.9987,79.13
shard0_out_316,3,5,3,13,4,10,6,21,4.817,4.159,1,5.815,9.48,0.2727,0.4545,0.2727,30,10,157,3,1,0,1,1,0,0,0,0,2.951,-12.183,-14.096,0.9612,0.9973,81.54
shard0_out_317,2,5,3,12,3,9,6,21,4.206,4.284,1,6.107,8.446,0.0,0.8,0.2,50,7,139,1,1,0,0,0,0,0,0,0,3.075,-12.644,-13.524,0.9617,0.9976,79.72
shard0_out_318,3,6,2,13,4,11,7,24,4.347,4.067,1,5.385,8.393,0.4545,0.5455,0.0,25,7,147,2,0,0,0,1,0,1,0,0,1.907,-12.068,-13.801,0.9665,0.9978,80.58
shard0_out_319,1,4,3,10,2,7,5,18,4.576,4.059,1,5.256,9.826,0.5,0.25,0.25,22,4,100,1,0,0,0,1,0,0,0,0,3.19,-13.522,-15.201,0.9655,0.9982,79.02
shard0_out_32,3,5,3,13,4,10,6,21,4.934,4.064,1,6.758,22.824,0.4545,0.3636,0.1818,48,8,148,2,1,0,0,1,0,0,0,0,2.433,-12.747,-14.089,0.9733,0.9984,81.21
shard0_out_320,2,6,2,12,3,10,7,24,4.174,4.232,1,5.294,9.033,0.3,0.5,0.2,5,4,135,1,0,0,0,1,0,0,0,0,1.319,-11.941,-13.295,0.9756,0.9985,79.61
shard0_out_321,3,4,1,10,4,9,5,18,4.719,4.074,1,4.584,5.785,0.25,0.25,0.5,27,6,110,1,0,0,0,1,0,0,0,0,2.118,-12.718,-14.235,0.9774,0.9988,79.36
shard0_out_322,3,6,3,14,4,11,7,24,4.591,4.105,1,6.258,9.27,0.1667,0.4167,0.4167,34,11,168,1,0,0,1,0,0,0,0,0,2.135,-11.903,-13.936,0.9605,0.9973,80.96
shard0_out_323,1,4,2,9,2,7,5,18,4.695,4.277,1,4.98,9.719,0.4286,0.4286,0.1429,3,3,99,1,0,0,0,0,0,1,0,0,1.678,-11.876,-14.164,0.9776,0.999,78.01
shard0_out_324,3,4,2,11,4,9,5,18,4.955,4.248,1,5.29,12.632,0.3333,0.5556,0.1111,16,8,130,3,1,0,0,1,0,0,1,0,1.675,-12.155,-14.243,0.9703,0.9984,79.14
shard0_out_325,2,6,3,13,3,10,7,24,4.686,4.207,1,6.094,15.768,0.2727,0.3636,0.3636,47,12,167,3,1,0,0,1,0,1,0,0,2.952,-12.829,-13.93,0.9705,0.9982,80.83
shard0_out_326,2,6,1,11,3,10,7,24,5.054,4.45,1,4.482,4.459,0.3333,0.1111,0.5556,41,5,95,2,0,0,0,1,0,1,0,0,1.116,-12.65,-14.345,0.9708,0.9983,79.3
shard0_out_327,1,6,1,10,2,9,7,24,5.078,4.185,1,4.598,7.237,0.625,0.125,0.25,19,7,112,1,0,0,0,0,0,1,0,0,1.594,-12.821,-13.405,0.9699,0.9985,79.17
shard0_out_328,2,5,1,10,3,9,6,21,4.888,4.245,1,4.73,12.276,0.625,0.125,0.25,20,4,101,1,0,0,0,1,0,0,0,0,1.932,-13.193,-13.912,0.9722,0.9986,79.52
shard0_out_329,3,5,2,12,4,10,6,21,4.854,4.171,1,5.363,12.826,0.5,0.5,0.0,24,7,138,3,0,0,0,1,0,1,1,0,1.959,-12.344,-14.299,0.9581,0.9975,79.44
shard0_out_33,2,6,2,12,3,10,7,24,5.241,4.143,1,5.586,13.173,0.3,0.2,0.5,49,9,143,2,0,0,1,1,0,0,0,0,2.626,-13.103,-13.462,0.9467,0.9969,79.89
shard0_out_330,1,5,3,11,2,8,6,21,4.743,4.177,1,5.943,14.09,0.3333,0.3333,0.3333,39,12,153,4,1,0,0,1,0,1,0,1,3.0,-12.183,-13.537,0.9681,0.9984,78.89
shard0_out_331,2,6,3,13,3,10,7,24,4.735,4.075,1,5.837,15.293,0.4545,0.2727,0.2727,52,7,132,2,1,0,0,1,0,0,0,0,2.418,-13.785,-14.546,0.9684,0.998,80.6
shard0_out_332,3,6,1,12,4,11,7,24,4.936,3.882,1,5.275,5.05,0.3,0.4,0.3,19,4,119,1,0,0,0,1,0,0,0,0,1.077,-12.547,-14.022,0.9566,0.9973,79.54
shard0_out_333,1,6,2,11,2,9,7,24,5.192,4.162,1,5.046,10.673,0.8889,0.1111,0.0,18,5,103,2,0,0,0,1,0,1,0,0,1.971,-13.149,-14.044,0.9769,0.9987,79.0
shard0_out_334,2,6,2,12,3,10,7,24,5.245,4.036,1,5.617,7.461,0.1,0.5,0.4,14,7,142,2,1,0,0,0,0,1,0,0,1.408,-12.022,-13.296,0.9721,0.9983,79.78
shard0_out_335,3,6,2,13,4,11,7,24,5.039,4.202,1,5.299,11.719,0.6364,0.2727,0.0909,47,9,157,3,0,0,0,1,0,1,1,0,1.724,-12.404,-14.103,0.9762,0.9985,81.6
shard0_out_336,3,5,3,13,4,10,6,21,4.982,4.119,1,5.987,9.75,0.3636,0.5455,0.0909,36,8,142,2,1,0,0,1,0,0,0,0,3.058,-12.788,-14.647,0.9624,0.9976,81.74
shard0_out_337,1,6,3,12,2,9,7,24,5.038,4.069,1,5.612,11.089,0.6,0.3,0.1,33,7,131,1,0,0,0,1,0,0,0,0,2.925,-13.486,-14.449,0.9512,0.9969,79.73
shard0_out_338,2,4,3,11,3,8,5,18,4.64,4.099,1,5.808,9.747,0.3333,0.4444,0.2222,11,6,128,1,1,0,0,0,0,0,0,0,3.002,-13.363,-14.547,0.9558,0.9976,79.14
shard0_out_339,1,5,3,11,2,8,6,21,4.05,3.947,1,6.182,8.714,0.2222,0.7778,0.0,25,9,140,1,1,0,0,0,0,0,0,0,2.254,-11.49,-14.599,0.9701,0.9983,79.27
shard0_out_34,3,5,1,11,4,10,6,21,4.726,4.214,1,4.922,13.224,0.5556,0.2222,0.2222,18,5,117,1,0,0,0,1,0,0,0,0,1.763,-13.12,-13.728,0.9747,0.9985,79.2
shard0_out_340,1,4,3,10,2,7,5,18,4.942,3.991,1,4.979,11.24,0.5,0.0,0.5,15,4,105,0,0,0,0,0,0,0,0,0,2.691,-14.031,-13.702,0.968,0.9984,79.03
shard0_out_341,2,5,1,10,3,9,6,21,4.636,3.965,1,4.571,9.042,0.375,0.125,0.5,19,6,123,2,0,0,0,0,0,1,1,0,0.959,-11.998,-13.097,0.9672,0.9984,78.96
shard0_out_342,1,4,3,10,2,7,5,18,4.465,4.217,1,6.075,12.426,0.125,0.5,0.375,19,3,101,1,1,0,0,0,0,0,0,0,2.434,-12.114,-14.624,0.9667,0.9985,79.4
shard0_out_343,3,5,3,13,4,10,6,21,5.262,4.015,1,6.36,11.853,0.0,0.7273,0.2727,37,12,158,1,1,0,0,0,0,0,0,0,2.506,-12.395,-13.938,0.9713,0.9982,81.46
shard0_out_344,2,5,1,10,3,9,6,21,4.778,4.242,1,4.703,9.934,0.625,0.25,0.125,25,6,124,1,0,0,0,1,0,0,0,0,1.853,-13.076,-13.47,0.9695,0.9985,79.0
shard0_out_345,1,4,3,10,2,7,5,18,4.536,4.062,1,4.662,7.596,0.625,0.125,0.25,17,5,91,1,0,0,0,1,0,0,0,0,2.297,-13.474,-14.517,0.9596,0.9979,78.97
shard0_out_346,3,4,2,11,4,9,5,18,4.397,4.144,1,5.528,13.81,0.0,0.8889,0.1111,29,9,146,2,1,0,0,0,0,0,1,0,2.502,-13.174,-14.016,0.9553,0.9976,78.96
shard0_out_347,2,6,3,13,3,10,7,24,4.886,4.298,1,5.32,10.015,0.7273,0.1818,0.0909,43,10,136,1,0,0,0,1,0,0,0,0,2.917,-13.693,-14.623,0.9666,0.9977,80.5
shard0_out_348,3,6,3,14,4,11,7,24,5.119,3.959,1,6.411,9.178,0.25,0.5833,0.1667,25,8,148,2,1,0,0,0,0,1,0,0,2.844,-12.168,-14.635,0.9728,0.9981,81.71
shard0_out_349,1,6,2,11,2,9,7,24,5.112,4.26,1,4.861,8.684,0.6667,0.0,0.3333,28,5,95,1,0,0,0,1,0,0,0,0,2.212,-13.451,-14.714,0.9666,0.9981,79.19
shard0_out_35,1,5,2,10,2,8,6,21,5.286,4.114,1,5.255,10.279,0.25,0.625,0.125,16,6,129,0,0,0,0,0,0,0,0,0,2.247,-12.733,-13.207,0.9638,0.9982,79.22
shard0_out_350,1,6,1,10,2,9,7,24,5.229,4.135,1,4.68,8.094,0.5,0.25,0.25,20,7,127,1,0,0,0,0,0,1,0,0,1.754,-13.014,-13.219,0.9735,0.9987,79.22
shard0_out_351,1,4,1,8,2,7,5,18,5.193,4.002,1,4.389,7.574,0.1667,0.5,0.3333,3,2,88,0,0,0,0,0,0,0,0,0,1.498,-11.678,-13.016,0.9777,0.9991,78.09
shard0_out_352,3,5,3,13,4,10,6,21,4.34,4.192,1,5.862,14.118,0.1818,0.4545,0.3636,26,9,133,4,1,0,1,1,0,1,0,0,2.482,-12.408,-14.714,0.9533,0.9969,81.03
shard0_out_353,1,4,1,8,2,7,5,18,4.343,4.2,1,4.114,7.69,0.5,0.3333,0.1667,21,6,79,1,0,0,0,1,0,0,0,0,2.23,-13.134,-14.029,0.986,0.9994,78.3
shard0_out_354,2,5,1,10,3,9,6,21,4.417,4.103,1,4.434,4.869,0.5,0.25,0.25,32,7,104,2,0,0,0,1,0,1,0,0,1.984,-13.029,-14.165,0.9824,0.9991,79.19
shard0_out_355,1,6,3,12,2,9,7,24,4.909,4.156,1,5.797,13.18,0.6,0.3,0.1,46,9,121,2,1,0,0,1,0,0,0,0,2.893,-13.286,-14.88,0.9683,0.9981,79.62
shard0_out_356,1,4,2,9,2,7,5,18,4.537,4.173,1,4.905,10.578,0.1429,0.4286,0.4286,6,4,115,0,0,0,0,0,0,0,0,0,2.568,-12.744,-13.119,0.9568,0.998,78.54
shard0_out_357,3,6,3,14,4,11,7,24,5.298,4.19,1,6.066,14.343,0.4167,0.25,0.3333,37,9,151,2,1,0,0,1,0,0,0,0,2.854,-13.361,-14.825,0.9609,0.9973,81.3
shard0_out_358,3,5,2,12,4,10,6,21,4.796,4.225,1,5.305,8.213,0.3,0.5,0.2,10,6,133,1,0,0,0,0,0,1,0,0,1.532,-11.442,-14.522,0.9729,0.9984,79.56
shard0_out_359,2,5,3,12,3,9,6,21,4.703,4.228,1,5.418,14.449,0.7,0.2,0.1,32,8,131,2,1,0,0,1,0,0,0,0,2.716,-13.368,-14.129,0.9565,0.9974,79.43
shard0_out_36,2,6,2,12,3,10,7,24,4.948,4.285,1,5.064,8.79,0.4,0.4,0.2,22,6,138,2,0,0,0,1,0,1,0,0,1.957,-12.25,-13.683,0.9675,0.9981,80.34
shard0_out_360,3,6,2,13,4,11,7,24,5.424,4.34,1,5.33,8.329,0.5455,0.2727,0.1818,40,12,148,2,1,0,0,1,0,0,0,0,2.768,-12.568,-14.242,0.956,0.9971,81.18
shard0_out_361,1,5,2,10,2,8,6,21,4.334,4.082,1,4.901,9.16,0.5,0.375,0.125,23,7,125,1,0,0,0,1,0,0,0,0,3.071,-13.184,-13.797,0.9724,0.9986,78.94
shard0_out_362,3,4,1,10,4,9,5,18,5.523,4.139,1,4.87,8.427,0.0,0.75,0.25,39,5,104,2,0,0,0,1,0,1,0,0,1.109,-11.972,-14.33,0.9843,0.9992,79.3
shard0_out_363,1,6,2,11,2,9,7,24,4.794,4.18,1,5.308,13.259,0.2222,0.4444,0.3333,54,7,137,1,0,0,0,1,0,0,0,0,2.398,-13.306,-13.994,0.9721,0.9985,79.16
shard0_out_364,3,4,1,10,4,9,5,18,4.824,4.18,1,4.781,12.709,0.625,0.25,0.125,22,4,101,1,0,0,0,1,0,0,0,0,1.57,-12.684,-12.95,0.9733,0.9987,79.19
shard0_out_365,1,5,3,11,2,8,6,21,4.325,4.105,1,5.398,11.139,0.3333,0.2222,0.4444,20,6,139,1,1,0,0,0,0,0,0,0,3.398,-13.086,-13.936,0.9647,0.9981,79.03
shard0_out_366,1,4,3,10,2,7,5,18,5.08,4.134,1,6.277,14.057,0.375,0.625,0.0,19,5,108,1,1,0,0,0,0,0,0,0,2.471,-12.046,-14.305,0.9676,0.9985,78.99
shard0_out_367,3,5,3,13,4,10,6,21,4.434,4.106,1,5.596,16.248,0.5455,0.2727,0.1818,18,6,112,1,0,0,0,1,0,0,0,0,2.54,-13.106,-15.171,0.9634,0.9975,80.59
shard0_out_368,3,5,2,12,4,10,6,21,5.196,3.959,1,5.698,8.653,0.1,0.7,0.2,37,10,149,3,0,0,0,1,0,1,0,1,1.36,-11.761,-13.011,0.9711,0.9983,79.65
shard0_out_369,2,6,3,13,3,10,7,24,5.347,4.493,1,5.934,10.615,0.4545,0.3636,0.1818,24,10,139,2,1,0,0,1,0,0,0,0,2.686,-12.668,-14.5,0.9714,0.9982,80.87
shard0_out_37,1,4,3,10,2,7,5,18,4.108,4.197,1,5.804,10.054,0.0,0.75,0.25,14,5,116,0,0,0,0,0,0,0,0,0,2.548,-12.628,-13.862,0.9606,0.9979,79.28
shard0_out_370,2,6,1,11,3,10,7,24,5.73,4.361,1,4.975,6.671,0.1111,0.4444,0.4444,4,3,127,1,0,0,1,0,0,0,0,0,1.398,-12.048,-13.057,0.9641,0.998,79.19
shard0_out_371,3,4,3,12,4,9,5,18,4.763,3.811,1,5.699,9.329,0.4,0.4,0.2,16,7,131,2,0,0,0,1,0,0,1,0,1.989,-12.244,-15.1,0.9581,0.9975,79.67
shard0_out_372,3,4,2,11,4,9,5,18,4.389,4.18,1,5.159,14.313,0.1111,0.4444,0.4444,27,10,134,2,1,0,0,1,0,0,0,0,2.48,-13.454,-14.717,0.9612,0.9979,79.12
shard0_out_373,2,5,3,12,3,9,6,21,4.855,4.223,1,5.064,11.687,0.8,0.1,0.1,42,6,121,1,0,0,0,1,0,0,0,0,2.132,-13.46,-14.694,0.9787,0.9987,79.71
shard0_out_374,2,6,1,11,3,10,7,24,4.884,4.27,1,4.687,5.836,0.6667,0.3333,0.0,26,7,117,2,0,0,0,1,0,1,0,0,1.61,-12.797,-13.692,0.9756,0.9987,79.03
shard0_out_38,1,5,2,10,2,8,6,21,5.279,4.229,1,5.286,14.499,0.375,0.25,0.375,32,7,112,2,1,0,0,0,0,0,0,1,1.912,-11.648,-14.135,0.9703,0.9985,79.43
shard0_out_39,2,4,2,10,3,8,5,18,5.282,4.12,1,5.305,8.358,0.125,0.75,0.125,7,3,127,0,0,0,0,0,0,0,0,0,2.08,-11.878,-13.813,0.979,0.9989,79.1
shard0_out_4,1,5,1,9,2,8,6,21,4.43,4.161,1,4.308,6.709,0.4286,0.1429,0.4286,21,6,99,1,0,0,0,1,0,0,0,0,2.246,-13.125,-13.402,0.9758,0.9989,78.18
shard0_out_40,2,6,3,13,3,10,7,24,4.768,4.272,1,5.913,12.004,0.3636,0.4545,0.1818,54,11,142,3,1,0,0,1,0,1,0,0,2.574,-12.827,-14.718,0.9761,0.9984,80.75
shard0_out_41,2,4,3,11,3,8,5,18,4.435,4.063,1,5.964,13.85,0.0,0.6667,0.3333,29,9,134,1,1,0,0,0,0,0,0,0,3.532,-12.894,-14.256,0.9596,0.9979,79.96
shard0_out_42,3,6,1,12,4,11,7,24,5.147,4.305,1,4.97,10.394,0.8,0.2,0.0,52,8,123,3,0,0,0,1,0,1,1,0,1.629,-12.651,-14.666,0.962,0.9976,79.74
shard0_out_43,2,6,2,12,3,10,7,24,5.057,4.278,1,5.016,8.087,0.7,0.2,0.1,26,6,112,2,0,0,0,1,0,1,0,0,2.079,-13.239,-14.27,0.9729,0.9984,79.73
shard0_out_44,1,5,3,11,2,8,6,21,4.783,3.777,1,5.764,12.968,0.3333,0.2222,0.4444,13,5,124,1,0,0,0,0,0,1,0,0,2.35,-12.599,-14.494,0.9575,0.9976,79.12
shard0_out_45,1,5,2,10,2,8,6,21,4.87,4.06,1,5.399,8.535,0.125,0.5,0.375,12,4,113,1,0,0,0,0,0,0,0,1,1.329,-11.468,-12.989,0.9691,0.9985,79.07
shard0_out_46,3,6,3,14,4,11,7,24,4.984,3.692,1,6.279,14.43,0.25,0.25,0.5,36,10,151,1,1,0,0,0,0,0,0,0,2.179,-12.663,-14.536,0.9559,0.9971,80.93
shard0_out_47,2,6,2,12,3,10,7,24,4.97,4.096,1,5.388,13.414,0.6,0.3,0.1,32,8,147,0,0,0,0,0,0,0,0,0,2.906,-13.688,-13.528,0.9626,0.9976,79.77
shard0_out_48,3,4,1,10,4,9,5,18,5.557,4.199,1,4.783,7.409,0.25,0.5,0.25,19,6,120,2,0,0,0,1,0,1,0,0,1.159,-11.988,-13.036,0.9839,0.9992,79.26
shard0_out_49,2,5,3,12,3,9,6,21,3.796,3.838,1,5.875,7.141,0.0,0.7,0.3,14,6,119,0,0,0,0,0,0,0,0,0,1.876,-11.986,-13.927,0.9465,0.9965,79.66
shard0_out_5,1,6,2,11,2,9,7,24,4.845,4.315,1,5.175,10.246,0.1111,0.3333,0.5556,13,5,126,2,1,0,0,0,0,1,0,0,2.013,-12.238,-13.243,0.9592,0.9978,79.48
shard0_out_50,3,6,3,14,4,11,7,24,3.87,4.236,1,6.223,11.009,0.25,0.5833,0.1667,26,9,172,2,1,0,0,0,0,0,0,1,2.148,-12.135,-14.263,0.9556,0.9966,80.95
shard0_out_51,2,5,3,12,3,9,6,21,4.173,3.774,1,6.141,10.021,0.1,0.7,0.2,21,7,130,2,1,0,0,1,0,0,0,0,2.343,-12.127,-14.186,0.957,0.9974,80.05
shard0_out_52,1,5,1,9,2,8,6,21,5.242,4.036,1,4.61,9.087,0.4286,0.2857,0.2857,10,3,118,1,0,0,0,0,0,1,0,0,0.917,-12.079,-12.299,0.9788,0.9991,79.26
shard0_out_53,2,4,3,11,3,8,5,18,3.93,4.014,1,5.547,7.491,0.0,0.5556,0.4444,22,7,121,1,0,0,1,0,0,0,0,0,1.964,-12.415,-14.599,0.9659,0.9981,79.16
shard0_out_54,2,6,3,13,3,10,7,24,4.751,4.152,1,6.622,10.683,0.0909,0.8182,0.0909,46,8,147,1,1,0,0,0,0,0,0,0,2.298,-12.133,-13.471,0.9522,0.9968,80.84
shard0_out_55,2,6,3,13,3,10,7,24,4.835,3.87,1,6.41,9.205,0.2727,0.5455,0.1818,28,8,145,1,1,0,0,0,0,0,0,0,2.239,-12.477,-14.339,0.9667,0.9979,80.92
shard0_out_56,1,5,1,9,2,8,6,21,5.156,3.998,1,4.451,7.617,0.7143,0.1429,0.1429,5,4,101,1,0,0,0,0,0,1,0,0,1.748,-12.439,-12.85,0.9684,0.9986,78.16
shard0_out_57,1,5,2,10,2,8,6,21,4.792,4.067,1,5.178,9.981,0.375,0.375,0.25,13,5,131,3,0,0,1,1,0,1,0,0,2.474,-12.582,-12.881,0.9696,0.9986,79.52
shard0_out_58,2,5,1,10,3,9,6,21,5.359,3.876,1,4.844,5.62,0.125,0.5,0.375,9,4,111,0,0,0,0,0,0,0,0,0,0.867,-11.74,-12.972,0.9541,0.9976,79.45
shard0_out_59,1,5,3,11,2,8,6,21,5.259,4.269,1,6.45,13.481,0.0,0.5556,0.4444,18,7,133,1,1,0,0,0,0,0,0,0,2.127,-11.509,-14.293,0.9598,0.9979,79.52
shard0_out_6,2,6,3,13,3,10,7,24,4.856,4.107,1,6.184,12.463,0.1818,0.4545,0.3636,25,9,159,3,1,1,0,1,0,0,0,0,1.864,-12.003,-14.081,0.9557,0.9971,80.78
shard0_out_60,2,4,2,10,3,8,5,18,5.399,4.101,1,5.302,7.022,0.0,0.75,0.25,8,4,123,1,1,0,0,0,0,0,0,0,2.073,-12.33,-13.552,0.9651,0.9981,80.05
shard0_out_61,1,5,2,10,2,8,6,21,4.79,4.177,1,4.63,9.5,0.75,0.125,0.125,27,4,105,1,0,0,0,1,0,0,0,0,1.598,-13.215,-13.842,0.9782,0.9989,80.14
shard0_out_62,2,5,1,10,3,9,6,21,5.476,4.161,1,4.855,7.761,0.25,0.625,0.125,14,3,115,1,0,0,0,0,0,1,0,0,1.135,-11.334,-13.03,0.9879,0.9994,80.06
shard0_out_63,1,4,1,8,2,7,5,18,4.781,4.323,1,4.337,6.188,0.3333,0.3333,0.3333,7,3,94,1,0,0,0,1,0,0,0,0,1.807,-12.594,-12.951,0.9696,0.9988,78.11
shard0_out_64,2,4,1,9,3,8,5,18,4.852,4.335,1,4.359,5.308,0.1429,0.5714,0.2857,9,4,94,0,0,0,0,0,0,0,0,0,1.437,-12.095,-13.605,0.9711,0.9987,78.11
shard0_out_65,1,5,2,10,2,8,6,21,4.993,4.206,1,5.157,12.356,0.125,0.375,0.5,14,7,136,2,1,0,0,1,0,0,0,0,2.41,-12.697,-13.164,0.9665,0.9985,79.09
shard0_out_66,1,5,1,9,2,8,6,21,5.58,3.985,1,4.878,11.843,0.5714,0.2857,0.1429,49,8,103,2,0,0,0,1,0,0,0,1,1.371,-11.451,-13.217,0.9858,0.9993,78.41
shard0_out_67,1,6,1,10,2,9,7,24,4.861,4.195,1,4.444,7.81,0.25,0.25,0.5,45,5,90,2,0,0,0,1,0,1,0,0,0.915,-12.841,-13.839,0.9667,0.9984,78.96
shard0_out_68,3,5,2,12,4,10,6,21,4.887,4.093,1,5.56,15.69,0.7,0.2,0.1,44,8,141,2,0,0,0,1,1,0,0,0,1.735,-13.266,-13.865,0.9631,0.9979,79.52
shard0_out_69,2,5,1,10,3,9,6,21,4.933,3.999,1,4.812,5.675,0.125,0.5,0.375,9,4,115,0,0,0,0,0,0,0,0,0,1.727,-12.352,-12.795,0.9686,0.9985,79.0
shard0_out_7,1,4,1,8,2,7,5,18,4.205,4.055,1,4.233,6.889,0.3333,0.1667,0.5,13,4,89,1,0,0,0,1,0,0,0,0,1.915,-13.258,-13.088,0.9576,0.9983,78.14
shard0_out_70,3,6,1,12,4,11,7,24,4.987,3.769,1,5.338,5.403,0.3,0.4,0.3,15,4,130,0,0,0,0,0,0,0,0,0,1.599,-12.191,-13.474,0.9603,0.9976,79.71
shard0_out_71,3,5,1,11,4,10,6,21,4.409,3.998,1,5.079,6.743,0.3333,0.4444,0.2222,28,7,138,3,0,0,0,1,0,1,1,0,1.175,-11.778,-13.387,0.964,0.998,78.94
shard0_out_72,3,6,2,13,4,11,7,24,3.976,4.129,1,6.04,5.779,0.1818,0.5455,0.2727,34,8,160,2,1,1,0,0,0,0,0,0,2.936,-11.652,-13.552,0.9579,0.9971,80.59
shard0_out_73,3,6,3,14,4,11,7,24,5.133,4.386,1,5.849,10.456,0.25,0.4167,0.3333,48,13,157,4,1,1,0,1,0,1,0,0,2.388,-12.426,-14.784,0.9653,0.9977,80.85
shard0_out_74,1,4,2,9,2,7,5,18,4.378,4.111,1,5.083,9.136,0.2857,0.5714,0.1429,13,6,117,1,0,0,1,0,0,0,0,0,2.79,-12.789,-13.494,0.9702,0.9987,77.86
shard0_out_75,3,5,3,13,4,10,6,21,4.529,4.156,1,5.861,10.266,0.2727,0.6364,0.0909,36,10,152,3,1,0,0,1,0,1,0,0,3.073,-12.767,-14.749,0.9655,0.9977,80.53
shard0_out_76,2,4,1,9,3,8,5,18,4.814,4.2,1,4.511,4.365,0.1429,0.2857,0.5714,16,6,107,0,0,0,0,0,0,0,0,0,2.19,-12.323,-13.755,0.9616,0.9982,77.83
shard0_out_77,2,5,1,10,3,9,6,21,4.289,3.677,1,5.094,5.12,0.0,0.75,0.25,19,5,106,0,0,0,0,0,0,0,0,0,1.481,-12.063,-12.31,0.965,0.9982,78.97
shard0_out_78,1,5,3,11,2,8,6,21,4.431,4.318,1,5.525,8.882,0.2222,0.4444,0.3333,12,5,128,1,0,0,0,1,0,0,0,0,1.9,-12.115,-13.444,0.9565,0.9975,79.07
shard0_out_79,2,6,3,13,3,10,7,24,5.193,4.425,1,5.862,12.534,0.4545,0.4545,0.0909,37,11,155,3,1,0,0,1,0,1,0,0,2.798,-12.448,-14.239,0.9698,0.9981,80.6
shard0_out_8,1,6,1,10,2,9,7,24,4.831,3.944,1,4.75,7.353,0.625,0.25,0.125,25,7,130,3,0,0,1,1,0,1,0,0,1.325,-11.693,-11.84,0.9725,0.9987,79.01
shard0_out_80,2,6,1,11,3,10,7,24,4.938,4.295,1,4.765,5.714,0.5556,0.3333,0.1111,26,7,117,2,0,0,0,1,0,1,0,0,1.338,-12.791,-13.392,0.9659,0.9982,78.94
shard0_out_81,2,6,3,13,3,10,7,24,4.681,4.294,1,6.399,6.865,0.2727,0.6364,0.0909,30,8,161,0,0,0,0,0,0,0,0,0,2.586,-12.324,-13.287,0.9632,0.9974,80.68
shard0_out_82,1,5,3,11,2,8,6,21,4.706,4.207,1,5.583,13.722,0.4444,0.3333,0.2222,26,6,117,2,0,0,0,1,0,1,0,0,2.605,-13.557,-15.158,0.9629,0.998,79.03
shard0_out_83,1,4,3,10,2,7,5,18,4.127,4.096,1,5.753,11.338,0.0,0.5,0.5,22,7,132,1,1,0,0,0,0,0,0,0,3.231,-12.407,-13.882,0.9801,0.999,79.14
shard0_out_84,2,6,3,13,3,10,7,24,4.519,4.121,1,5.913,12.691,0.1818,0.5455,0.2727,54,11,170,4,1,0,1,1,0,1,0,0,3.015,-12.678,-14.133,0.9523,0.9971,80.66
shard0_out_85,2,4,2,10,3,8,5,18,4.543,4.178,1,4.479,6.63,0.5,0.25,0.25,15,4,90,1,0,0,0,1,0,0,0,0,2.459,-13.648,-14.112,0.9594,0.9978,79.22
shard0_out_86,3,6,1,12,4,11,7,24,5.137,4.009,1,5.344,8.794,0.1,0.6,0.3,37,8,155,2,0,0,1,1,0,0,0,0,1.615,-12.907,-13.114,0.9621,0.9978,79.56
shard0_out_87,2,5,3,12,3,9,6,21,4.134,4.095,1,5.713,8.895,0.2,0.6,0.2,25,9,132,0,0,0,0,0,0,0,0,0,1.424,-12.242,-13.779,0.9564,0.9973,79.57
shard0_out_88,1,6,1,10,2,9,7,24,6.229,4.129,1,5.05,13.107,0.625,0.0,0.375,3,2,97,0,0,0,0,0,0,0,0,0,1.651,-12.35,-14.007,0.9648,0.9982,78.98
shard0_out_89,3,5,3,13,4,10,6,21,4.846,4.122,1,6.1,11.272,0.3636,0.5455,0.0909,39,11,145,2,0,0,0,1,0,1,0,0,2.153,-12.27,-15.068,0.9544,0.9971,80.51
shard0_out_9,1,4,2,9,2,7,5,18,4.388,4.204,1,4.826,10.296,0.0,0.4286,0.5714,24,7,118,2,0,0,0,1,0,1,0,0,2.951,-12.884,-13.944,0.9626,0.9984,78.27
shard0_out_90,1,4,1,8,2,7,5,18,4.393,4.038,1,4.114,9.163,0.3333,0.1667,0.5,20,5,80,2,0,0,0,1,0,1,0,0,2.079,-12.814,-13.253,0.9482,0.9979,77.38
shard0_out_91,1,6,3,12,2,9,7,24,5.379,4.21,1,6.239,17.324,0.5,0.3,0.2,32,7,155,1,0,0,0,0,0,0,0,1,1.288,-12.2,-14.032,0.9616,0.9978,79.71
shard0_out_92,3,6,2,13,4,11,7,24,5.507,4.161,1,5.641,5.886,0.0909,0.6364,0.2727,17,5,132,1,0,0,0,1,0,0,0,0,1.513,-12.677,-14.47,0.9579,0.997,80.68
shard0_out_93,3,5,2,12,4,10,6,21,4.812,4.084,1,5.467,7.896,0.1,0.7,0.2,15,4,122,0,0,0,0,0,0,0,0,0,1.214,-12.205,-14.152,0.9411,0.9961,79.48
shard0_out_94,2,4,1,9,3,8,5,18,5.527,4.016,1,4.433,8.716,0.1429,0.5714,0.2857,7,4,92,2,0,0,0,1,0,1,0,0,0.846,-11.668,-13.752,0.9674,0.9984,78.07
shard0_out_95,1,6,1,10,2,9,7,24,5.948,4.454,1,5.075,11.67,0.625,0.0,0.375,33,9,113,2,0,0,0,1,0,0,0,1,1.855,-12.593,-13.352,0.9666,0.9984,78.9
shard0_out_96,1,4,1,8,2,7,5,18,4.65,4.152,1,4.286,9.735,0.3333,0.3333,0.3333,15,4,83,2,0,0,0,1,0,1,0,0,2.433,-13.076,-13.772,0.9741,0.999,78.42
shard0_out_97,1,4,2,9,2,7,5,18,4.639,4.035,1,4.614,10.585,0.4286,0.2857,0.2857,31,5,94,1,0,0,0,1,0,0,0,0,3.331,-14.07,-14.444,0.9586,0.9982,78.75
shard0_out_98,3,5,1,11,4,10,6,21,4.878,4.028,1,5.085,9.76,0.1111,0.4444,0.4444,26,9,131,2,0,0,0,1,0,0,1,0,0.486,-12.163,-13.211,0.9499,0.9972,79.12
shard0_out_99,1,4,2,9,2,7,5,18,5.008,4.269,1,5.036,14.299,0.2857,0.2857,0.4286,21,5,94,1,0,0,0,1,0,0,0,0,2.43,-12.479,-14.08,0.9601,0.9982,77.99
shard1_out_0,3,4,3,12,4,9,5,18,4.932,4.032,1,5.928,11.729,0.2,0.5,0.3,43,10,130,2,1,0,0,1,0,0,0,0,3.3,-13.21,-15.453,0.9617,0.9977,81.83
shard1_out_1,3,5,1,11,4,10,6,21,4.891,4.314,1,5.055,13.042,0.5556,0.3333,0.1111,28,5,133,1,0,0,0,1,0,0,0,0,1.532,-12.844,-12.705,0.9806,0.999,80.91
shard1_out_10,1,4,3,10,2,7,5,18,5.281,3.779,1,5.198,13.228,0.5,0.0,0.5,27,5,97,0,0,0,0,0,0,0,0,0,2.582,-12.743,-14.91,0.9595,0.9979,81.49
shard1_out_100,1,5,1,9,2,8,6,21,4.791,4.206,1,4.434,7.998,0.5714,0.2857,0.1429,31,5,112,2,0,0,0,1,0,1,0,0,2.171,-13.547,-13.739,0.9701,0.9986,80.04
shard1_out_101,2,4,1,9,3,8,5,18,5.374,4.085,1,4.597,7.336,0.1429,0.7143,0.1429,8,4,101,1,0,0,0,0,0,1,0,0,1.191,-11.353,-13.626,0.9862,0.9993,79.82
shard1_out_102,3,5,1,11,4,10,6,21,5.763,4.127,1,4.543,7.226,0.5556,0.2222,0.2222,16,6,104,2,0,0,1,1,0,0,0,0,1.928,-13.021,-13.319,0.9566,0.9975,80.93
shard1_out_103,3,5,1,11,4,10,6,21,4.919,4.064,1,4.729,5.669,0.5556,0.3333,0.1111,13,4,90,1,0,0,0,1,0,0,0,0,1.643,-12.491,-14.7,0.949,0.9969,80.82
shard1_out_104,3,6,3,14,4,11,7,24,5.183,4.107,1,6.423,19.029,0.5,0.3333,0.1667,40,10,170,2,1,0,0,1,0,0,0,0,1.983,-12.614,-13.77,0.958,0.997,82.81
shard1_out_105,1,5,2,10,2,8,6,21,4.978,4.25,1,5.259,12.66,0.5,0.375,0.125,37,8,136,2,0,0,0,1,0,1,0,0,2.518,-12.723,-13.98,0.9757,0.9989,80.79
shard1_out_106,2,6,3,13,3,10,7,24,5.04,4.138,1,5.217,6.068,0.8182,0.1818,0.0,14,4,122,1,0,0,0,0,0,1,0,0,2.235,-13.002,-14.617,0.9672,0.9978,83.32
shard1_out_107,1,5,3,11,2,8,6,21,5.235,4.067,1,6.089,13.848,0.6667,0.1111,0.2222,22,6,126,1,1,0,0,0,0,0,0,0,2.811,-12.324,-14.221,0.9685,0.9984,81.01
shard1_out_108,2,4,3,11,3,8,5,18,4.376,4.052,1,5.765,7.139,0.0,0.4444,0.5556,8,4,112,0,0,0,0,0,0,0,0,0,2.27,-12.555,-14.718,0.9644,0.9979,80.71
shard1_out_109,2,4,2,10,3,8,5,18,4.85,4.025,1,5.239,10.885,0.125,0.25,0.625,27,6,129,2,0,0,0,0,0,1,1,0,2.466,-13.149,-13.204,0.9486,0.9975,80.9
shard1_out_11,2,5,3,12,3,9,6,21,3.71,4.051,1,6.089,5.967,0.2,0.8,0.0,18,6,127,0,0,0,0,0,0,0,0,0,2.054,-12.272,-14.195,0.9611,0.9974,81.37
shard1_out_110,3,5,1,11,4,10,6,21,4.333,4.019,1,5.034,5.763,0.3333,0.4444,0.2222,28,8,144,3,0,0,0,1,0,1,1,0,1.185,-11.599,-13.529,0.9664,0.9982,80.77
shard1_out_111,2,5,3,12,3,9,6,21,4.276,4.0,1,6.16,8.105,0.3,0.4,0.3,20,7,142,1,1,0,0,0,0,0,0,0,2.525,-12.392,-13.692,0.9605,0.9976,81.17
shard1_out_112,2,6,1,11,3,10,7,24,5.091,4.204,1,4.878,5.204,0.1111,0.4444,0.4444,32,6,111,1,0,0,0,1,0,0,0,0,0.996,-12.342,-13.804,0.9644,0.9981,80.66
shard1_out_113,3,4,1,10,4,9,5,18,4.377,3.899,1,4.633,6.8,0.5,0.25,0.25,6,3,86,0,0,0,0,0,0,0,0,0,1.106,-12.216,-14.162,0.9645,0.9981,80.81
shard1_out_114,3,6,2,13,4,11,7,24,5.508,4.174,1,5.72,7.854,0.1818,0.5455,0.2727,24,7,144,1,0,0,0,1,0,0,0,0,1.154,-12.309,-13.816,0.9514,0.9969,82.35
shard1_out_115,1,6,1,10,2,9,7,24,5.383,4.049,1,4.779,12.22,0.5,0.125,0.375,54,7,88,2,0,0,0,1,0,0,0,1,1.118,-11.8,-13.91,0.9671,0.9983,80.73
shard1_out_116,2,6,1,11,3,10,7,24,4.605,4.677,1,4.826,6.05,0.5556,0.1111,0.3333,35,8,113,2,0,0,0,1,0,0,0,1,2.081,-12.527,-13.762,0.9576,0.9975,80.77
shard1_out_117,2,4,2,10,3,8,5,18,4.017,4.108,1,5.145,5.475,0.125,0.625,0.25,17,6,124,0,0,0,0,0,0,0,0,0,2.423,-12.407,-13.644,0.9625,0.9979,80.99
shard1_out_118,3,4,2,11,4,9,5,18,4.802,4.174,1,5.062,8.257,0.3333,0.3333,0.3333,8,5,123,1,0,0,0,1,0,0,0,0,2.071,-12.098,-14.338,0.9656,0.9981,80.81
shard1_out_119,3,4,2,11,4,9,5,18,4.347,4.221,1,5.371,15.067,0.4444,0.3333,0.2222,18,6,157,0,0,0,0,0,0,0,0,0,2.363,-12.463,-13.425,0.9617,0.998,80.66
shard1_out_12,3,6,2,13,4,11,7,24,5.148,4.02,1,5.347,5.215,0.2727,0.2727,0.4545,20,5,127,0,0,0,0,0,0,0,0,0,1.811,-12.554,-14.186,0.9558,0.997,82.63
shard1_out_120,3,6,2,13,4,11,7,24,4.611,4.148,1,5.944,16.647,0.2727,0.6364,0.0909,47,8,183,2,0,0,1,1,0,0,0,0,2.381,-13.46,-12.906,0.956,0.9973,82.95
shard1_out_121,3,5,3,13,4,10,6,21,5.109,4.196,1,6.155,11.834,0.2727,0.6364,0.0909,25,7,143,3,1,0,0,0,0,1,1,0,1.996,-12.377,-14.94,0.9605,0.9975,82.79
shard1_out_122,2,6,3,13,3,10,7,24,5.172,4.276,1,5.957,10.381,0.3636,0.3636,0.2727,23,9,154,2,1,0,0,0,0,1,0,0,2.851,-12.295,-14.087,0.9619,0.9977,82.34
shard1_out_123,2,6,3,13,3,10,7,24,4.614,4.22,1,5.958,16.332,0.3636,0.3636,0.2727,60,12,168,5,1,1,0,1,0,1,1,0,2.333,-12.781,-14.394,0.9755,0.9985,82.43
shard1_out_124,2,4,1,9,3,8,5,18,4.735,4.163,1,4.173,4.292,0.4286,0.1429,0.4286,18,5,74,2,0,0,0,1,0,1,0,0,1.591,-12.366,-14.004,0.9651,0.9984,80.24
shard1_out_125,1,4,3,10,2,7,5,18,4.266,4.196,1,5.581,13.292,0.0,0.625,0.375,38,10,140,3,1,1,0,1,0,0,0,0,3.819,-13.233,-14.092,0.9737,0.9988,80.81
shard1_out_126,2,5,2,11,3,9,6,21,4.711,4.135,1,5.129,8.08,0.4444,0.5556,0.0,14,5,124,0,0,0,0,0,0,0,0,0,1.724,-12.347,-13.894,0.9677,0.9982,80.8
shard1_out_127,1,6,3,12,2,9,7,24,5.294,4.079,1,5.471,7.298,0.6,0.3,0.1,35,6,131,2,0,0,0,1,0,1,0,0,2.385,-13.27,-13.895,0.9697,0.9982,81.61
shard1_out_128,1,6,3,12,2,9,7,24,4.609,4.1,1,5.781,13.934,0.4,0.4,0.2,35,8,146,2,0,0,0,1,0,1,0,0,2.607,-13.527,-14.696,0.958,0.9976,81.59
shard1_out_129,2,4,3,11,3,8,5,18,4.456,4.087,1,6.105,18.481,0.3333,0.5556,0.1111,70,9,138,3,1,1,0,1,0,0,0,0,3.175,-12.201,-14.217,0.9482,0.9971,80.85
shard1_out_13,2,4,1,9,3,8,5,18,4.8,4.134,1,4.295,5.357,0.2857,0.4286,0.2857,6,3,85,1,0,0,0,0,0,1,0,0,0.994,-11.623,-13.882,0.9763,0.9989,79.72
shard1_out_130,3,6,3,14,4,11,7,24,4.868,4.178,1,5.548,7.436,0.3333,0.1667,0.5,30,10,152,3,0,0,0,1,0,1,1,0,2.69,-13.257,-14.65,0.9505,0.9965,82.62
shard1_out_131,1,5,1,9,2,8,6,21,4.335,4.089,1,4.337,6.401,0.5714,0.2857,0.1429,30,6,105,1,0,0,0,1,0,0,0,0,2.262,-13.366,-13.596,0.9801,0.9991,79.57
shard1_out_132,2,6,3,13,3,10,7,24,5.493,4.121,1,5.783,9.157,0.2727,0.2727,0.4545,9,4,148,1,1,0,0,0,0,0,0,0,2.114,-12.081,-13.924,0.9538,0.997,82.16
shard1_out_133,1,5,2,10,2,8,6,21,4.44,4.252,1,4.852,10.215,0.5,0.25,0.25,32,7,128,2,0,0,0,1,0,1,0,0,2.585,-13.245,-14.144,0.9841,0.9992,80.66
shard1_out_134,1,6,1,10,2,9,7,24,5.839,4.319,1,4.684,8.856,0.75,0.25,0.0,12,4,104,1,0,0,0,1,0,0,0,0,1.285,-12.293,-13.441,0.9772,0.9988,80.63
shard1_out_135,1,4,3,10,2,7,5,18,4.673,4.165,1,4.816,10.949,0.5,0.125,0.375,29,5,88,1,0,0,0,1,0,0,0,0,2.894,-13.518,-15.314,0.9689,0.9985,80.65
shard1_out_136,3,4,3,12,4,9,5,18,4.19,4.109,1,5.621,10.027,0.0,0.6,0.4,17,6,111,0,0,0,0,0,0,0,0,0,1.824,-12.743,-14.722,0.9571,0.9972,81.43
shard1_out_137,2,4,2,10,3,8,5,18,4.255,4.036,1,4.757,6.116,0.5,0.125,0.375,13,6,94,2,0,0,0,1,0,1,0,0,1.537,-12.116,-14.169,0.9707,0.9985,80.73
shard1_out_138,3,5,3,13,4,10,6,21,4.555,3.936,1,5.824,16.799,0.3636,0.4545,0.1818,25,7,124,2,0,0,0,1,1,0,0,0,1.884,-13.227,-14.563,0.9536,0.9968,82.31
shard1_out_139,1,6,2,11,2,9,7,24,5.271,4.187,1,5.824,10.128,0.2222,0.5556,0.2222,17,7,156,1,0,0,0,0,0,1,0,0,0.618,-11.459,-13.743,0.9609,0.998,80.79
shard1_out_14,3,5,3,13,4,10,6,21,5.173,4.216,1,6.234,11.172,0.1818,0.7273,0.0909,40,11,162,3,1,1,0,1,0,0,0,0,2.491,-12.056,-13.869,0.9777,0.9986,82.54
shard1_out_140,2,6,2,12,3,10,7,24,4.943,3.983,1,5.232,9.738,0.3,0.4,0.3,24,6,140,1,0,0,0,1,0,0,0,0,1.546,-12.44,-13.379,0.9668,0.9981,81.37
shard1_out_141,3,6,2,13,4,11,7,24,4.85,3.985,1,5.638,11.181,0.0,0.1818,0.8182,27,6,142,2,0,0,1,1,0,0,0,0,1.881,-13.258,-13.862,0.9602,0.9975,82.24
shard1_out_142,3,6,2,13,4,11,7,24,5.029,3.954,1,5.584,13.944,0.9091,0.0,0.0909,54,9,137,3,0,0,0,1,0,1,0,1,1.707,-12.045,-13.399,0.9725,0.9981,82.3
shard1_out_143,2,6,3,13,3,10,7,24,5.02,4.164,1,6.335,10.032,0.2727,0.6364,0.0909,29,9,166,1,1,0,0,0,0,0,0,0,2.656,-11.541,-13.598,0.9622,0.9975,82.31
shard1_out_144,3,5,1,11,4,10,6,21,5.36,4.044,1,5.24,8.315,0.0,0.6667,0.3333,29,5,114,1,0,0,0,1,0,0,0,0,0.725,-12.247,-13.425,0.9754,0.9986,80.74
shard1_out_145,1,5,1,9,2,8,6,21,5.278,4.112,1,4.392,8.356,0.4286,0.4286,0.1429,5,4,97,1,0,0,1,0,0,0,0,0,1.481,-11.919,-13.435,0.9686,0.9986,79.58
shard1_out_146,2,4,2,10,3,8,5,18,4.555,4.047,1,5.129,8.767,0.25,0.5,0.25,5,4,110,0,0,0,0,0,0,0,0,0,1.602,-11.854,-13.581,0.9643,0.9981,80.7
shard1_out_147,1,6,1,10,2,9,7,24,5.135,4.039,1,5.053,11.164,0.25,0.375,0.375,28,5,103,1,0,0,0,1,0,0,0,0,0.557,-12.484,-14.957,0.9624,0.9981,80.62
shard1_out_148,1,4,3,10,2,7,5,18,5.314,3.997,1,5.276,13.62,0.375,0.125,0.5,18,6,126,1,0,0,0,1,0,0,0,0,3.147,-12.652,-14.162,0.9684,0.9985,81.23
shard1_out_149,1,4,2,9,2,7,5,18,4.415,4.049,1,4.816,10.803,0.2857,0.4286,0.2857,13,4,125,0,0,0,0,0,0,0,0,0,2.928,-12.981,-13.235,0.9676,0.9986,79.6
shard1_out_15,3,5,2,12,4,10,6,21,5.099,4.27,1,5.336,9.141,0.4,0.5,0.1,10,5,141,1,0,0,0,1,0,0,0,0,1.378,-12.264,-13.966,0.9558,0.9974,81.38
shard1_out_150,1,5,3,11,2,8,6,21,5.243,4.207,1,6.262,12.536,0.2222,0.5556,0.2222,30,9,142,2,1,0,0,1,0,0,0,0,3.259,-12.84,-13.701,0.9731,0.9986,80.76
shard1_out_151,1,4,2,9,2,7,5,18,4.498,4.055,1,4.525,8.88,0.7143,0.2857,0.0,23,6,91,2,0,0,0,1,0,1,0,0,2.1,-13.173,-14.023,0.9592,0.9982,79.64
shard1_out_152,2,4,1,9,3,8,5,18,5.496,4.179,1,4.507,7.654,0.2857,0.5714,0.1429,12,4,86,1,0,0,0,1,0,0,0,0,1.438,-12.027,-13.637,0.9764,0.9989,79.79
shard1_out_153,3,6,3,14,4,11,7,24,5.037,4.22,1,6.437,9.262,0.25,0.6667,0.0833,28,7,156,1,1,0,0,0,0,0,0,0,2.578,-12.609,-14.445,0.96,0.9971,82.57
shard1_out_154,1,5,1,9,2,8,6,21,4.845,4.078,1,4.394,8.416,0.5714,0.2857,0.1429,17,5,108,2,0,0,0,1,0,1,0,0,1.587,-12.289,-12.569,0.9679,0.9986,79.5
shard1_out_155,3,4,1,10,4,9,5,18,5.415,4.191,1,4.922,7.902,0.0,0.75,0.25,21,6,111,2,0,0,0,1,0,1,0,0,1.037,-12.063,-13.776,0.9814,0.9991,80.69
shard1_out_156,3,5,3,13,4,10,6,21,5.332,4.076,1,6.366,12.115,0.1818,0.6364,0.1818,49,9,142,3,1,0,0,1,0,1,0,0,2.229,-12.294,-14.404,0.9657,0.9978,82.28
shard1_out_157,3,5,1,11,4,10,6,21,5.368,3.837,1,5.17,7.618,0.0,0.6667,0.3333,15,4,109,1,0,0,0,1,0,0,0,0,1.119,-12.386,-13.467,0.9604,0.9977,80.88
shard1_out_158,1,4,2,9,2,7,5,18,4.331,4.207,1,5.029,10.167,0.1429,0.4286,0.4286,3,3,109,0,0,0,0,0,0,0,0,0,2.329,-12.747,-13.047,0.9706,0.9987,79.96
shard1_out_159,2,5,1,10,3,9,6,21,4.949,4.169,1,4.372,5.664,0.5,0.125,0.375,21,4,89,1,0,0,0,1,0,0,0,0,1.38,-12.54,-14.022,0.9665,0.9983,80.78
shard1_out_16,3,5,1,11,4,10,6,21,5.414,4.091,1,5.248,8.851,0.0,0.6667,0.3333,28,7,114,2,0,0,0,1,0,1,0,0,0.797,-11.955,-13.692,0.9771,0.9987,81.18
shard1_out_160,3,5,2,12,4,10,6,21,4.837,4.322,1,5.643,17.198,0.5,0.4,0.1,35,9,163,2,0,0,0,1,1,0,0,0,1.634,-12.833,-13.72,0.9727,0.9984,81.32
shard1_out_161,2,5,3,12,3,9,6,21,5.289,4.041,1,6.377,12.15,0.0,0.7,0.3,33,7,146,1,1,0,0,0,0,0,0,0,2.493,-11.929,-13.852,0.9659,0.998,81.39
shard1_out_162,1,6,1,10,2,9,7,24,5.083,4.227,1,4.577,8.397,0.75,0.25,0.0,25,4,98,1,0,0,0,1,0,0,0,0,1.598,-13.184,-13.486,0.9806,0.999,81.18
shard1_out_163,1,5,3,11,2,8,6,21,4.963,4.126,1,6.001,15.676,0.4444,0.3333,0.2222,42,10,138,3,1,0,0,1,0,1,0,0,3.146,-12.911,-14.623,0.9687,0.9984,80.91
shard1_out_164,2,5,3,12,3,9,6,21,4.762,4.007,1,6.034,9.198,0.1,0.4,0.5,28,7,135,1,1,0,0,0,0,0,0,0,3.152,-12.717,-14.132,0.9491,0.9968,81.59
shard1_out_165,1,4,1,8,2,7,5,18,4.621,3.825,1,4.364,7.602,0.5,0.3333,0.1667,7,4,94,2,0,0,0,1,0,1,0,0,1.011,-11.836,-13.487,0.9778,0.9991,79.28
shard1_out_166,3,4,1,10,4,9,5,18,4.607,4.238,1,5.035,10.277,0.25,0.5,0.25,25,6,112,2,0,0,0,1,0,0,1,0,1.402,-12.957,-14.299,0.9436,0.9972,80.97
shard1_out_167,1,4,3,10,2,7,5,18,5.125,4.16,1,5.855,16.271,0.375,0.5,0.125,45,10,123,3,1,1,0,1,0,0,0,0,3.156,-12.204,-14.877,0.9735,0.9987,80.74
shard1_out_168,3,6,3,14,4,11,7,24,4.603,4.102,1,6.044,12.904,0.3333,0.4167,0.25,40,11,174,4,1,1,1,1,0,0,0,0,2.312,-12.272,-14.04,0.9684,0.9978,82.62
shard1_out_169,1,4,2,9,2,7,5,18,5.249,4.135,1,5.13,10.122,0.0,0.5714,0.4286,4,2,115,0,0,0,0,0,0,0,0,0,1.914,-11.788,-13.551,0.9696,0.9986,79.6
shard1_out_17,3,4,3,12,4,9,5,18,5.151,4.021,1,6.149,11.974,0.0,0.8,0.2,56,12,147,4,1,1,0,1,0,1,0,0,2.538,-12.218,-14.07,0.9717,0.9983,81.68
shard1_out_170,3,4,1,10,4,9,5,18,5.338,4.083,1,4.846,8.058,0.0,0.75,0.25,40,5,102,1,0,0,0,1,0,0,0,0,1.118,-12.159,-13.731,0.9799,0.9989,80.7
shard1_out_171,1,4,1,8,2,7,5,18,4.896,4.173,1,4.251,7.14,0.5,0.0,0.5,22,7,81,2,0,0,0,1,0,1,0,0,1.483,-12.469,-13.623,0.9743,0.999,79.23
shard1_out_172,2,4,2,10,3,8,5,18,5.417,4.215,1,5.286,7.649,0.125,0.625,0.25,3,2,124,0,0,0,0,0,0,0,0,0,2.031,-12.078,-13.281,0.9706,0.9985,80.72
shard1_out_173,3,6,1,12,4,11,7,24,5.103,4.093,1,4.924,4.454,0.2,0.2,0.6,15,5,126,0,0,0,0,0,0,0,0,0,1.818,-12.095,-13.502,0.963,0.9977,81.9
shard1_out_174,2,4,3,11,3,8,5,18,4.405,4.129,1,5.826,11.198,0.2222,0.6667,0.1111,8,5,126,0,0,0,0,0,0,0,0,0,2.799,-12.255,-14.348,0.9489,0.9971,81.14
shard1_out_175,2,5,1,10,3,9,6,21,4.75,3.841,1,4.682,8.57,0.25,0.375,0.375,14,6,120,2,0,0,1,1,0,0,0,0,1.043,-12.365,-12.994,0.9647,0.9983,81.05
shard1_out_176,2,5,3,12,3,9,6,21,4.453,4.183,1,5.863,15.258,0.5,0.4,0.1,57,13,156,4,1,0,0,1,0,1,0,1,2.888,-12.326,-14.383,0.9689,0.9981,81.37
shard1_out_177,1,6,2,11,2,9,7,24,5.309,4.186,1,5.216,10.289,0.4444,0.2222,0.3333,19,7,107,2,0,0,0,1,0,1,0,0,1.444,-12.558,-14.235,0.964,0.9979,80.92
shard1_out_178,3,4,2,11,4,9,5,18,4.202,3.839,1,5.335,8.665,0.1111,0.5556,0.3333,10,5,111,0,0,0,0,0,0,0,0,0,1.539,-12.169,-13.962,0.954,0.9973,81.13
shard1_out_179,3,4,3,12,4,9,5,18,4.261,3.85,1,5.91,7.908,0.1,0.7,0.2,32,7,111,2,1,0,0,0,0,1,0,0,2.091,-12.398,-14.977,0.945,0.9965,81.42
shard1_out_18,1,6,3,12,2,9,7,24,5.228,3.939,1,6.304,15.268,0.5,0.3,0.2,30,9,137,2,1,0,0,0,0,1,0,0,2.467,-11.838,-14.389,0.9757,0.9986,81.46
shard1_out_180,1,5,2,10,2,8,6,21,5.948,4.145,1,5.337,11.769,0.125,0.125,0.75,41,7,129,1,0,0,0,0,0,0,0,1,2.487,-11.939,-12.659,0.961,0.9982,81.28
shard1_out_181,2,5,2,11,3,9,6,21,4.462,4.252,1,4.849,9.257,0.4444,0.4444,0.1111,22,7,128,1,0,0,0,1,0,0,0,0,2.804,-13.042,-14.09,0.9703,0.9983,80.99
shard1_out_182,2,6,3,13,3,10,7,24,4.476,3.985,1,6.603,8.162,0.1818,0.8182,0.0,36,10,157,2,1,0,0,1,0,0,0,0,1.929,-12.262,-13.546,0.9595,0.9975,82.89
shard1_out_183,1,4,3,10,2,7,5,18,4.255,4.162,1,5.662,12.339,0.125,0.5,0.375,20,8,128,2,1,0,0,0,0,1,0,0,3.521,-12.406,-14.266,0.971,0.9986,80.86
shard1_out_184,3,6,3,14,4,11,7,24,5.731,4.242,1,6.581,11.789,0.0833,0.6667,0.25,43,9,154,2,1,0,0,1,0,0,0,0,2.121,-12.459,-14.638,0.9665,0.9977,82.5
shard1_out_185,1,6,3,12,2,9,7,24,4.372,3.998,1,6.199,9.757,0.3,0.4,0.3,46,12,150,3,1,0,0,1,0,1,0,0,2.309,-11.969,-14.798,0.9576,0.9975,81.15
shard1_out_186,2,4,2,10,3,8,5,18,4.725,4.169,1,5.134,14.894,0.5,0.375,0.125,25,6,105,1,0,0,0,1,0,0,0,0,2.121,-13.05,-14.332,0.9729,0.9987,80.78
shard1_out_187,3,6,2,13,4,11,7,24,5.013,4.055,1,5.456,7.817,0.3636,0.4545,0.1818,30,9,155,1,0,0,0,1,0,0,0,0,2.77,-12.776,-13.432,0.9585,0.9973,82.26
shard1_out_188,3,4,2,11,4,9,5,18,4.946,4.18,1,5.435,15.595,0.4444,0.3333,0.2222,19,7,127,1,0,0,0,1,0,0,0,0,2.172,-12.831,-14.092,0.9683,0.9983,80.78
shard1_out_189,1,6,3,12,2,9,7,24,4.648,4.091,1,5.756,15.099,0.4,0.3,0.3,42,9,138,3,1,0,0,1,0,1,0,0,2.974,-13.472,-14.301,0.969,0.9982,81.51
shard1_out_19,3,5,3,13,4,10,6,21,5.283,4.234,1,5.811,6.476,0.1818,0.5455,0.2727,23,6,135,0,0,0,0,0,0,0,0,0,3.001,-13.076,-14.7,0.9633,0.9976,82.62
shard1_out_190,3,6,3,14,4,11,7,24,5.291,3.994,1,6.501,12.028,0.1667,0.75,0.0833,59,16,195,5,1,1,0,1,1,0,0,1,2.122,-12.314,-13.269,0.9699,0.9979,82.61
shard1_out_191,3,4,3,12,4,9,5,18,3.808,4.132,1,6.065,10.07,0.0,0.8,0.2,57,9,159,2,0,1,0,0,0,1,0,0,3.702,-12.318,-14.734,0.9602,0.9974,81.62
shard1_out_192,2,6,3,13,3,10,7,24,5.002,4.191,1,6.251,16.237,0.5455,0.1818,0.2727,57,13,156,4,1,0,0,1,0,1,0,1,2.691,-12.51,-14.327,0.9721,0.9983,82.59
shard1_out_193,3,4,3,12,4,9,5,18,4.504,4.167,1,5.149,9.687,0.6,0.1,0.3,25,7,118,1,0,0,0,1,0,0,0,0,2.212,-13.397,-15.386,0.9609,0.9976,81.33
shard1_out_194,3,6,2,13,4,11,7,24,5.029,4.017,1,5.29,7.47,0.2727,0.4545,0.2727,56,10,159,2,0,0,0,1,0,1,0,0,2.032,-12.947,-14.577,0.9638,0.9977,82.4
shard1_out_195,1,4,1,8,2,7,5,18,4.796,4.025,1,4.417,7.802,0.5,0.5,0.0,6,3,85,0,0,0,0,0,0,0,0,0,1.119,-11.966,-13.152,0.9679,0.9987,79.26
shard1_out_196,3,5,2,12,4,10,6,21,4.79,4.16,1,5.359,9.413,0.1,0.6,0.3,16,6,142,0,0,0,0,0,0,0,0,0,2.541,-13.1,-13.638,0.963,0.9978,81.21
shard1_out_197,3,5,3,13,4,10,6,21,4.422,4.121,1,5.993,16.872,0.2727,0.3636,0.3636,41,13,177,3,1,1,1,0,0,0,0,0,2.397,-12.511,-14.015,0.9708,0.9982,82.54
shard1_out_198,1,4,2,9,2,7,5,18,4.885,4.186,1,5.1,14.393,0.4286,0.4286,0.1429,25,5,95,1,0,0,0,1,0,0,0,0,2.941,-13.516,-14.181,0.975,0.9989,79.57
shard1_out_199,3,6,2,13,4,11,7,24,4.317,4.53,1,5.976,4.535,0.0,0.6364,0.3636,36,13,165,3,1,1,0,1,0,0,0,0,2.826,-12.163,-13.908,0.9459,0.9962,82.2
shard1_out_2,2,5,1,10,3,9,6,21,4.647,4.089,1,4.715,5.533,0.375,0.375,0.25,19,7,120,2,0,0,1,0,0,1,0,0,1.966,-12.682,-12.822,0.9827,0.9991,81.07
shard1_out_20,2,6,3,13,3,10,7,24,4.238,4.105,1,6.505,7.331,0.2727,0.6364,0.0909,39,10,165,0,0,0,0,0,0,0,0,0,2.361,-11.936,-13.732,0.939,0.9958,82.38
shard1_out_200,2,4,3,11,3,8,5,18,3.992,3.896,1,5.693,7.475,0.0,0.6667,0.3333,19,6,122,0,0,0,0,0,0,0,0,0,2.024,-12.173,-14.496,0.9562,0.9975,80.98
shard1_out_201,2,6,1,11,3,10,7,24,4.854,4.038,1,5.356,12.059,0.3333,0.3333,0.3333,38,7,147,2,0,0,1,1,0,0,0,0,2.287,-13.324,-12.256,0.9714,0.9985,80.76
shard1_out_202,3,5,1,11,4,10,6,21,5.226,4.186,1,5.251,7.088,0.0,0.6667,0.3333,17,4,130,0,0,0,0,0,0,0,0,0,1.134,-12.488,-13.07,0.9572,0.9976,80.78
shard1_out_203,3,4,2,11,4,9,5,18,4.899,3.973,1,5.12,6.773,0.1111,0.5556,0.3333,17,5,104,1,0,0,0,1,0,0,0,0,2.201,-12.804,-14.535,0.9623,0.9977,80.74
shard1_out_204,3,4,3,12,4,9,5,18,4.33,3.976,1,5.738,5.264,0.0,0.4,0.6,8,5,113,1,0,0,1,0,0,0,0,0,2.441,-12.876,-15.186,0.9583,0.9973,81.41
shard1_out_205,1,5,2,10,2,8,6,21,5.168,4.289,1,5.528,9.675,0.0,0.625,0.375,29,8,130,1,0,0,0,1,0,0,0,0,2.628,-12.731,-12.92,0.9647,0.9984,80.82
shard1_out_206,2,4,1,9,3,8,5,18,4.678,3.975,1,4.779,4.804,0.2857,0.7143,0.0,10,2,115,0,0,0,0,0,0,0,0,0,1.962,-12.141,-12.499,0.9698,0.9986,79.62
shard1_out_207,2,6,2,12,3,10,7,24,5.09,4.265,1,5.164,7.983,0.4,0.3,0.3,35,7,129,2,0,0,0,1,0,1,0,0,2.175,-13.088,-14.532,0.9756,0.9985,81.76
shard1_out_208,3,5,3,13,4,10,6,21,3.924,4.004,1,6.003,8.337,0.0909,0.6364,0.2727,42,10,156,1,0,1,0,0,0,0,0,0,4.235,-12.388,-14.511,0.9578,0.9972,82.49
shard1_out_209,3,5,2,12,4,10,6,21,5.692,4.241,1,5.537,8.679,0.1,0.6,0.3,22,6,151,2,0,0,1,1,0,0,0,0,1.542,-12.272,-13.199,0.9702,0.9982,81.85
shard1_out_21,2,6,1,11,3,10,7,24,5.526,4.36,1,4.667,6.182,0.6667,0.3333,0.0,24,7,122,2,0,0,0,1,0,1,0,0,1.518,-12.297,-13.4,0.9735,0.9985,80.8
shard1_out_210,2,5,2,11,3,9,6,21,3.966,3.892,1,5.203,8.33,0.1111,0.5556,0.3333,8,6,128,2,1,0,1,0,0,0,0,0,2.52,-12.203,-13.061,0.9593,0.9978,80.76
shard1_out_211,1,4,3,10,2,7,5,18,5.291,3.918,1,5.952,15.995,0.375,0.375,0.25,41,11,137,3,1,1,0,1,0,0,0,0,3.31,-11.922,-14.056,0.9723,0.9987,80.69
shard1_out_212,2,5,3,12,3,9,6,21,4.751,4.075,1,5.776,17.691,0.6,0.2,0.2,35,8,135,2,1,0,0,1,0,0,0,0,2.951,-13.044,-14.102,0.972,0.9984,81.38
shard1_out_213,3,5,1,11,4,10,6,21,5.117,4.25,1,5.183,8.723,0.0,0.5556,0.4444,23,6,138,2,0,0,1,1,0,0,0,0,1.566,-12.782,-13.047,0.9631,0.998,81.04
shard1_out_214,2,6,2,12,3,10,7,24,5.161,4.25,1,5.314,9.318,0.1,0.5,0.4,16,5,141,1,0,0,0,0,0,1,0,0,1.593,-11.851,-13.224,0.9469,0.9968,81.55
shard1_out_215,3,4,3,12,4,9,5,18,4.97,4.131,1,5.987,13.852,0.5,0.4,0.1,46,10,135,3,0,0,0,1,0,1,1,0,2.295,-12.66,-15.261,0.9645,0.998,81.42
shard1_out_216,1,5,2,10,2,8,6,21,4.485,4.113,1,4.945,10.133,0.375,0.375,0.25,19,6,122,2,0,0,1,1,0,0,0,0,2.156,-12.786,-12.879,0.9592,0.998,80.97
shard1_out_217,2,4,1,9,3,8,5,18,4.586,4.25,1,4.423,8.156,0.2857,0.5714,0.1429,25,7,88,3,0,0,0,1,0,1,1,0,2.32,-13.446,-14.308,0.967,0.9985,80.1
shard1_out_218,3,6,3,14,4,11,7,24,4.958,4.256,1,6.011,11.314,0.3333,0.4167,0.25,35,11,145,4,1,0,1,1,0,1,0,0,2.626,-12.87,-14.499,0.9694,0.9979,82.81
shard1_out_219,2,6,1,11,3,10,7,24,5.621,4.415,1,4.966,9.789,0.5556,0.4444,0.0,10,5,129,1,0,0,1,0,0,0,0,0,1.435,-12.539,-13.127,0.9585,0.9978,80.84
shard1_out_22,3,5,3,13,4,10,6,21,5.266,4.17,1,6.119,9.253,0.0909,0.7273,0.1818,39,7,151,2,1,1,0,0,0,0,0,0,2.462,-12.264,-14.348,0.9729,0.9982,82.4
shard1_out_220,3,6,3,14,4,11,7,24,4.593,4.057,1,6.216,5.991,0.3333,0.4167,0.25,41,10,156,1,0,0,1,0,0,0,0,0,2.574,-12.759,-13.923,0.9473,0.9961,82.89
shard1_out_221,1,4,2,9,2,7,5,18,4.523,4.153,1,4.771,9.303,0.2857,0.4286,0.2857,20,5,100,1,0,0,0,1,0,0,0,0,2.214,-12.39,-13.989,0.9673,0.9986,79.74
shard1_out_222,2,4,3,11,3,8,5,18,4.405,3.984,1,5.727,9.236,0.1111,0.6667,0.2222,26,7,130,1,1,0,0,0,0,0,0,0,3.115,-12.73,-13.954,0.9627,0.9979,80.78
shard1_out_223,3,5,1,11,4,10,6,21,4.904,4.211,1,4.96,7.505,0.3333,0.5556,0.1111,36,8,130,2,0,0,0,1,0,0,1,0,1.415,-13.172,-14.255,0.9714,0.9985,80.94
shard1_out_224,3,6,1,12,4,11,7,24,4.812,4.0,1,4.738,5.426,0.5,0.3,0.2,26,4,120,1,0,0,0,1,0,0,0,0,1.045,-12.86,-13.295,0.9738,0.9984,81.24
shard1_out_225,1,5,1,9,2,8,6,21,5.322,4.205,1,4.682,11.813,0.5714,0.2857,0.1429,39,7,81,2,0,0,0,1,0,0,0,1,1.22,-11.925,-13.315,0.9662,0.9985,79.77
shard1_out_226,2,5,3,12,3,9,6,21,3.838,3.956,1,5.592,6.647,0.1,0.6,0.3,12,5,118,0,0,0,0,0,0,0,0,0,1.335,-11.662,-13.643,0.9597,0.9974,81.7
shard1_out_227,2,4,3,11,3,8,5,18,4.828,4.115,1,5.937,9.095,0.3333,0.4444,0.2222,13,6,129,3,1,0,1,0,0,1,0,0,3.327,-12.643,-14.172,0.9527,0.9973,80.68
shard1_out_228,1,4,1,8,2,7,5,18,5.092,3.918,1,4.714,10.827,0.5,0.1667,0.3333,25,6,95,2,0,0,0,1,0,1,0,0,2.667,-13.199,-13.514,0.9794,0.9992,79.14
shard1_out_229,2,5,2,11,3,9,6,21,4.574,4.215,1,4.739,7.879,0.6667,0.2222,0.1111,33,6,115,2,0,0,0,1,0,1,0,0,2.429,-13.637,-14.6,0.9544,0.9973,80.66
shard1_out_23,1,6,1,10,2,9,7,24,4.678,4.113,1,4.484,7.624,0.75,0.125,0.125,31,4,99,1,0,0,0,1,0,0,0,0,1.461,-13.17,-13.671,0.986,0.9992,80.92
shard1_out_230,3,6,2,13,4,11,7,24,4.55,4.145,1,5.381,15.183,0.6364,0.1818,0.1818,24,5,126,1,0,0,0,1,0,0,0,0,2.202,-13.512,-14.423,0.9585,0.9972,82.27
shard1_out_231,3,4,2,11,4,9,5,18,4.818,4.221,1,5.082,8.222,0.3333,0.3333,0.3333,24,5,112,2,1,0,0,1,0,0,0,0,2.103,-12.714,-14.546,0.9575,0.9976,80.79
shard1_out_232,3,5,1,11,4,10,6,21,5.017,4.092,1,4.77,5.125,0.4444,0.4444,0.1111,5,3,113,0,0,0,0,0,0,0,0,0,1.431,-12.534,-13.37,0.9791,0.9988,80.66
shard1_out_233,3,5,1,11,4,10,6,21,5.55,4.178,1,5.258,7.178,0.0,0.6667,0.3333,21,5,129,1,0,0,0,1,0,0,0,0,1.126,-12.572,-12.964,0.9792,0.9989,81.35
shard1_out_234,3,5,3,13,4,10,6,21,5.396,4.054,1,5.717,7.688,0.3636,0.2727,0.3636,32,7,132,2,0,0,0,1,0,0,1,0,2.379,-13.415,-14.41,0.9503,0.9967,83.27
shard1_out_235,2,6,2,12,3,10,7,24,5.789,4.127,1,5.403,8.783,0.3,0.4,0.3,9,5,131,1,0,0,1,0,0,0,0,0,1.74,-12.347,-13.499,0.9499,0.997,81.77
shard1_out_236,3,4,2,11,4,9,5,18,4.138,3.992,1,5.021,8.72,0.0,0.4444,0.5556,7,4,122,1,0,0,0,0,0,1,0,0,1.954,-12.502,-13.778,0.968,0.9982,80.81
shard1_out_237,2,4,3,11,3,8,5,18,4.512,3.941,1,6.024,11.652,0.2222,0.4444,0.3333,15,6,116,1,1,0,0,0,0,0,0,0,2.409,-12.484,-14.493,0.9593,0.9979,80.84
shard1_out_238,1,4,3,10,2,7,5,18,4.129,4.131,1,5.771,11.781,0.125,0.5,0.375,18,7,120,2,1,0,0,0,0,1,0,0,3.09,-12.702,-13.779,0.957,0.9979,81.32
shard1_out_239,3,6,2,13,4,11,7,24,4.907,4.156,1,5.425,11.961,0.0909,0.3636,0.5455,35,6,141,2,1,0,0,1,0,0,0,0,1.061,-12.3,-14.34,0.9481,0.9965,82.99
shard1_out_24,3,6,2,13,4,11,7,24,4.539,4.17,1,5.363,8.567,0.2727,0.4545,0.2727,22,7,149,3,0,0,1,1,0,1,0,0,1.966,-12.608,-13.962,0.9654,0.9977,82.29
shard1_out_240,1,6,3,12,2,9,7,24,4.848,3.851,1,6.064,14.532,0.1,0.6,0.3,39,10,129,3,1,0,1,1,0,0,0,0,2.043,-12.965,-15.764,0.9477,0.9969,81.89
shard1_out_241,2,6,2,12,3,10,7,24,4.948,4.056,1,5.284,8.518,0.6,0.3,0.1,19,6,144,2,0,0,0,1,0,1,0,0,3.265,-13.456,-14.097,0.9639,0.9978,81.45
shard1_out_242,3,4,1,10,4,9,5,18,4.682,4.194,1,4.753,11.279,0.5,0.125,0.375,22,8,112,2,0,0,0,1,0,1,0,0,1.818,-12.697,-13.4,0.9669,0.9984,80.73
shard1_out_243,1,6,2,11,2,9,7,24,5.626,4.268,1,5.402,13.525,0.5556,0.3333,0.1111,19,7,132,2,1,0,0,1,0,0,0,0,1.752,-12.025,-13.673,0.9723,0.9985,80.9
shard1_out_244,1,6,2,11,2,9,7,24,5.269,4.308,1,4.99,9.991,0.4444,0.2222,0.3333,23,6,116,1,0,0,0,1,0,0,0,0,2.103,-13.073,-14.228,0.9703,0.9983,80.96
shard1_out_245,3,6,3,14,4,11,7,24,4.438,4.109,1,6.044,6.484,0.4167,0.4167,0.1667,25,5,152,2,1,0,0,0,0,1,0,0,2.331,-12.5,-14.161,0.966,0.9978,82.85
shard1_out_246,2,6,2,12,3,10,7,24,5.184,3.942,1,5.676,16.863,0.6,0.1,0.3,22,8,138,3,1,0,0,1,0,1,0,0,1.848,-12.04,-13.811,0.9682,0.998,81.99
shard1_out_247,2,6,2,12,3,10,7,24,5.582,3.924,1,5.233,7.802,0.4,0.2,0.4,15,5,123,0,0,0,0,0,0,0,0,0,1.519,-12.517,-13.566,0.9597,0.9975,81.47
shard1_out_248,2,4,1,9,3,8,5,18,5.178,4.094,1,4.7,4.343,0.2857,0.7143,0.0,11,5,106,2,0,0,0,1,0,1,0,0,2.439,-12.453,-13.271,0.972,0.9987,79.68
shard1_out_249,1,4,1,8,2,7,5,18,4.989,4.133,1,4.509,7.071,0.1667,0.6667,0.1667,19,7,96,1,0,0,0,1,0,0,0,0,2.188,-12.871,-12.794,0.9776,0.9991,79.33
shard1_out_25,2,4,2,10,3,8,5,18,4.42,4.059,1,5.246,10.945,0.375,0.375,0.25,7,3,123,0,0,0,0,0,0,0,0,0,2.077,-12.019,-13.085,0.9558,0.9979,80.67
shard1_out_250,2,5,3,12,3,9,6,21,5.122,4.204,1,5.365,13.295,0.7,0.1,0.2,29,5,133,1,0,0,0,1,0,0,0,0,2.17,-13.403,-14.277,0.9769,0.9986,81.28
shard1_out_251,2,5,3,12,3,9,6,21,5.283,4.357,1,5.733,16.534,0.5,0.3,0.2,54,12,156,4,1,0,0,1,0,1,1,0,2.895,-12.979,-14.035,0.9627,0.9978,81.3
shard1_out_252,3,5,3,13,4,10,6,21,3.334,4.032,1,6.127,6.913,0.1818,0.7273,0.0909,30,7,126,0,0,0,0,0,0,0,0,0,1.646,-12.085,-14.942,0.9309,0.9949,82.23
shard1_out_253,1,6,3,12,2,9,7,24,5.131,4.119,1,5.844,10.926,0.6,0.2,0.2,25,5,132,1,0,0,0,1,0,0,0,0,2.509,-13.284,-14.165,0.9578,0.9974,81.31
shard1_out_254,3,5,1,11,4,10,6,21,4.662,4.141,1,5.303,14.619,0.4444,0.3333,0.2222,27,7,132,2,0,0,0,1,1,0,0,0,1.087,-12.626,-13.079,0.9711,0.9985,80.85
shard1_out_255,3,4,2,11,4,9,5,18,5.453,4.206,1,5.397,9.222,0.0,0.7778,0.2222,28,8,121,3,1,0,0,1,0,1,0,0,1.842,-12.353,-14.193,0.9767,0.9987,81.25
shard1_out_256,2,5,1,10,3,9,6,21,4.229,4.033,1,4.844,13.567,0.375,0.25,0.375,28,5,88,1,0,0,0,1,0,0,0,0,1.67,-13.428,-13.899,0.9653,0.9983,80.88
shard1_out_257,3,5,2,12,4,10,6,21,4.854,4.337,1,5.265,12.368,0.4,0.6,0.0,26,9,151,3,1,0,0,1,0,0,1,0,2.206,-12.669,-14.489,0.9672,0.9981,81.46
shard1_out_258,2,4,3,11,3,8,5,18,4.989,4.263,1,5.674,10.034,0.3333,0.4444,0.2222,34,9,111,2,1,0,0,1,0,0,0,0,3.107,-12.665,-15.12,0.9639,0.998,81.71
shard1_out_259,1,5,1,9,2,8,6,21,4.553,3.978,1,4.474,9.642,0.5714,0.2857,0.1429,32,6,103,1,0,0,0,1,0,0,0,0,1.614,-12.963,-13.384,0.9822,0.9992,79.68
shard1_out_26,1,5,3,11,2,8,6,21,4.417,4.068,1,6.075,11.156,0.2222,0.5556,0.2222,27,9,140,2,1,0,0,1,0,0,0,0,3.053,-12.353,-13.829,0.9726,0.9986,80.72
shard1_out_260,1,5,3,11,2,8,6,21,4.855,4.118,1,6.065,12.071,0.0,0.4444,0.5556,28,10,140,2,1,0,0,1,0,0,0,0,3.191,-12.936,-13.662,0.957,0.9978,80.72
shard1_out_261,3,6,2,13,4,11,7,24,5.298,4.328,1,5.345,9.67,0.4545,0.3636,0.1818,27,5,124,2,1,0,0,1,0,0,0,0,1.764,-12.465,-14.49,0.958,0.997,82.32
shard1_out_262,2,6,2,12,3,10,7,24,4.499,4.102,1,5.363,9.451,0.2,0.2,0.6,23,6,151,2,0,0,1,1,0,0,0,0,2.374,-12.106,-12.941,0.9507,0.9971,81.6
shard1_out_263,3,4,2,11,4,9,5,18,4.372,4.205,1,5.505,12.621,0.1111,0.5556,0.3333,11,5,141,2,0,0,1,0,0,0,1,0,1.637,-12.558,-13.666,0.9613,0.9979,81.21
shard1_out_264,1,6,3,12,2,9,7,24,4.844,4.357,1,5.831,13.811,0.5,0.3,0.2,47,9,135,2,1,0,0,1,0,0,0,0,3.246,-13.427,-14.924,0.9623,0.9979,81.33
shard1_out_265,2,6,2,12,3,10,7,24,4.706,3.959,1,5.327,7.624,0.4,0.4,0.2,9,6,140,1,1,0,0,0,0,0,0,0,1.752,-12.556,-13.38,0.9542,0.9972,81.28
shard1_out_266,1,5,1,9,2,8,6,21,4.282,4.202,1,4.363,6.442,0.5714,0.2857,0.1429,31,7,108,2,0,0,0,1,0,1,0,0,2.273,-13.294,-13.458,0.9877,0.9994,79.58
shard1_out_267,2,5,3,12,3,9,6,21,5.319,3.98,1,5.561,6.832,0.3,0.1,0.6,13,7,138,0,0,0,0,0,0,0,0,0,2.442,-12.416,-14.231,0.9561,0.9974,81.28
shard1_out_268,1,6,2,11,2,9,7,24,4.638,4.245,1,5.109,9.984,0.5556,0.2222,0.2222,24,8,139,2,1,0,0,1,0,0,0,0,2.402,-12.965,-13.284,0.9677,0.9983,80.62
shard1_out_269,3,5,3,13,4,10,6,21,5.07,4.037,1,5.554,10.459,0.4545,0.1818,0.3636,26,7,144,1,0,0,0,1,0,0,0,0,2.266,-12.901,-14.657,0.9612,0.9976,82.37
shard1_out_27,1,4,3,10,2,7,5,18,4.597,4.217,1,6.073,12.034,0.125,0.5,0.375,18,7,118,2,1,0,0,0,0,1,0,0,3.016,-12.101,-13.748,0.9671,0.9984,80.62
shard1_out_270,2,5,3,12,3,9,6,21,4.046,3.969,1,5.951,6.638,0.0,0.6,0.4,17,9,137,1,0,0,1,0,0,0,0,0,2.355,-12.287,-14.002,0.946,0.9966,82.02
shard1_out_271,1,6,2,11,2,9,7,24,4.299,4.062,1,5.039,8.859,0.5556,0.3333,0.1111,34,10,129,2,0,0,1,1,0,0,0,0,2.76,-13.563,-13.391,0.9611,0.9978,80.88
shard1_out_272,3,6,1,12,4,11,7,24,5.025,4.242,1,5.106,11.336,0.8,0.1,0.1,24,6,123,2,0,0,0,1,0,0,0,1,1.479,-12.135,-13.701,0.9646,0.9978,81.3
shard1_out_273,1,4,2,9,2,7,5,18,4.313,4.156,1,5.004,9.762,0.1429,0.5714,0.2857,6,4,109,1,0,0,0,0,0,1,0,0,2.351,-12.818,-12.955,0.9674,0.9986,80.36
shard1_out_274,1,4,3,10,2,7,5,18,4.196,4.208,1,5.922,11.605,0.125,0.625,0.25,6,4,112,1,0,0,0,0,0,1,0,0,2.509,-12.896,-13.889,0.9647,0.9983,80.99
shard1_out_275,2,5,2,11,3,9,6,21,5.083,4.311,1,5.236,8.651,0.3333,0.4444,0.2222,29,7,115,3,1,0,0,1,0,1,0,0,1.649,-12.476,-13.818,0.9549,0.9975,80.85
shard1_out_276,2,5,3,12,3,9,6,21,4.869,4.152,1,5.371,8.828,0.3,0.3,0.4,20,8,141,2,0,0,1,1,0,0,0,0,2.464,-12.443,-13.375,0.962,0.9978,81.61
shard1_out_277,3,4,2,11,4,9,5,18,5.574,4.267,1,5.313,6.95,0.2222,0.6667,0.1111,26,8,122,3,1,0,0,1,0,1,0,0,1.955,-12.319,-14.373,0.9723,0.9985,80.8
shard1_out_278,1,6,2,11,2,9,7,24,4.351,3.939,1,5.302,6.501,0.4444,0.4444,0.1111,26,6,125,1,0,0,0,1,0,0,0,0,1.052,-12.168,-13.89,0.9585,0.9976,80.92
shard1_out_279,2,6,3,13,3,10,7,24,5.566,4.168,1,6.489,12.662,0.0909,0.7273,0.1818,25,8,155,1,1,0,0,0,0,0,0,0,2.523,-12.144,-14.929,0.9644,0.9978,82.3
shard1_out_28,1,6,2,11,2,9,7,24,4.428,4.204,1,5.315,8.155,0.3333,0.4444,0.2222,29,7,143,2,0,0,1,1,0,0,0,0,2.15,-12.026,-12.704,0.968,0.9984,80.73
shard1_out_280,3,6,1,12,4,11,7,24,5.592,4.123,1,5.217,8.484,0.5,0.5,0.0,20,8,132,1,0,0,1,0,0,0,0,0,2.099,-12.451,-12.95,0.9605,0.9976,81.65
shard1_out_281,1,5,1,9,2,8,6,21,5.539,4.098,1,4.721,9.078,0.4286,0.4286,0.1429,20,5,111,2,0,0,0,1,0,1,0,0,1.165,-11.968,-12.609,0.9662,0.9986,79.9
shard1_out_282,1,4,2,9,2,7,5,18,4.001,4.08,1,5.052,9.274,0.1429,0.7143,0.1429,12,5,116,1,0,0,0,1,0,0,0,0,2.089,-12.678,-13.195,0.9741,0.9988,79.51
shard1_out_283,3,5,1,11,4,10,6,21,4.853,4.222,1,4.957,13.026,0.5556,0.3333,0.1111,24,5,114,1,0,0,0,1,0,0,0,0,1.774,-13.1,-13.415,0.9669,0.9981,80.85
shard1_out_284,2,5,2,11,3,9,6,21,4.794,4.057,1,5.053,9.357,0.3333,0.3333,0.3333,17,7,139,2,0,0,1,1,0,0,0,0,2.692,-12.921,-13.12,0.968,0.9983,80.85
shard1_out_285,3,5,3,13,4,10,6,21,4.439,4.334,1,5.706,10.344,0.3636,0.5455,0.0909,45,11,142,3,1,0,0,1,0,1,0,0,3.132,-13.166,-15.356,0.9735,0.9983,82.92
shard1_out_286,2,5,2,11,3,9,6,21,5.073,4.282,1,5.039,8.291,0.4444,0.2222,0.3333,14,6,127,2,1,0,0,0,0,1,0,0,1.893,-12.002,-13.757,0.9632,0.998,81.5
shard1_out_287,2,6,3,13,3,10,7,24,5.118,4.34,1,5.756,7.115,0.5455,0.3636,0.0909,38,8,138,2,1,0,1,0,0,0,0,0,3.128,-13.202,-14.039,0.9663,0.9976,82.51
shard1_out_288,1,6,1,10,2,9,7,24,5.671,4.154,1,4.702,8.457,0.25,0.375,0.375,30,6,96,2,0,0,0,1,0,1,0,0,1.66,-13.032,-14.33,0.9541,0.9977,80.9
shard1_out_289,1,5,2,10,2,8,6,21,4.296,3.931,1,5.438,7.431,0.125,0.5,0.375,12,4,120,1,0,0,0,1,0,0,0,0,1.328,-11.962,-13.98,0.9547,0.9976,80.94
shard1_out_29,3,4,2,11,4,9,5,18,4.171,4.265,1,5.62,17.207,0.3333,0.4444,0.2222,31,8,134,2,0,0,0,1,1,0,0,0,1.884,-12.44,-13.894,0.9677,0.9983,81.12
shard1_out_290,2,5,3,12,3,9,6,21,5.209,4.062,1,6.173,12.098,0.0,0.5,0.5,29,11,133,3,1,0,0,1,0,1,0,0,1.994,-11.822,-14.644,0.9763,0.9987,81.81
shard1_out_291,2,5,2,11,3,9,6,21,4.76,4.174,1,5.088,13.95,0.7778,0.1111,0.1111,13,3,95,0,0,0,0,0,0,0,0,0,1.695,-13.151,-14.206,0.9693,0.9982,80.8
shard1_out_292,1,4,3,10,2,7,5,18,3.83,3.9,1,5.866,11.417,0.25,0.5,0.25,34,7,119,1,1,0,0,0,0,0,0,0,2.712,-13.066,-13.552,0.9498,0.9975,81.03
shard1_out_293,3,6,3,14,4,11,7,24,5.225,3.924,1,6.487,11.984,0.25,0.6667,0.0833,53,13,164,3,1,0,0,1,0,0,0,1,2.193,-12.04,-13.194,0.9655,0.9976,82.83
shard1_out_294,3,4,2,11,4,9,5,18,5.269,4.01,1,5.47,7.146,0.0,0.7778,0.2222,31,7,132,1,0,0,0,1,0,0,0,0,1.847,-12.707,-13.412,0.9645,0.9978,81.08
shard1_out_295,2,6,2,12,3,10,7,24,4.701,4.042,1,5.174,13.08,0.7,0.1,0.2,29,6,142,2,0,0,0,1,0,1,0,0,2.091,-12.718,-13.688,0.9795,0.9987,81.49
shard1_out_296,2,6,1,11,3,10,7,24,4.797,4.138,1,4.726,10.789,0.5556,0.2222,0.2222,27,6,118,2,0,0,0,1,0,1,0,0,1.615,-12.791,-13.51,0.9712,0.9984,81.03
shard1_out_297,1,6,3,12,2,9,7,24,5.163,4.238,1,5.988,13.412,0.5,0.4,0.1,51,12,153,3,1,0,0,1,0,1,0,0,2.789,-12.597,-14.068,0.9838,0.9991,81.94
shard1_out_298,3,6,1,12,4,11,7,24,5.052,4.116,1,5.253,5.406,0.1,0.4,0.5,22,5,133,1,0,0,1,0,0,0,0,0,1.893,-12.787,-13.079,0.9552,0.9973,81.79
shard1_out_299,2,5,1,10,3,9,6,21,4.582,4.168,1,4.745,12.332,0.5,0.375,0.125,24,5,108,1,0,0,0,1,0,0,0,0,1.581,-12.947,-13.781,0.9786,0.9989,80.97
shard1_out_3,3,4,1,10,4,9,5,18,4.394,4.144,1,4.871,13.331,0.5,0.25,0.25,20,5,127,1,0,0,0,1,0,0,0,0,1.303,-12.523,-12.826,0.9704,0.9986,81.1
shard1_out_30,2,4,1,9,3,8,5,18,5.265,3.974,1,4.567,7.463,0.1429,0.7143,0.1429,10,5,98,1,0,0,0,0,0,1,0,0,1.158,-11.625,-13.577,0.9782,0.999,79.61
shard1_out_300,2,5,3,12,3,9,6,21,4.763,3.966,1,5.886,11.929,0.2,0.3,0.5,45,9,157,4,1,1,0,1,0,1,0,0,2.895,-12.182,-13.45,0.9634,0.9979,81.21
shard1_out_301,3,4,1,10,4,9,5,18,4.285,4.337,1,4.61,12.009,0.375,0.25,0.375,27,6,104,1,0,0,0,1,0,0,0,0,1.465,-12.723,-13.893,0.9719,0.9986,80.96
shard1_out_302,1,4,3,10,2,7,5,18,4.631,4.265,1,5.934,12.466,0.25,0.375,0.375,9,4,125,0,0,0,0,0,0,0,0,0,2.346,-11.734,-14.437,0.9654,0.9983,80.69
shard1_out_303,3,4,3,12,4,9,5,18,4.317,4.09,1,5.808,15.216,0.1,0.6,0.3,43,9,144,2,1,1,0,0,0,0,0,0,2.868,-12.524,-14.558,0.9743,0.9984,81.6
shard1_out_304,2,4,3,11,3,8,5,18,4.784,4.148,1,5.683,13.505,0.4444,0.3333,0.2222,27,7,129,2,0,0,0,1,0,1,0,0,3.632,-13.002,-15.324,0.9558,0.9976,80.88
shard1_out_305,3,5,3,13,4,10,6,21,4.715,3.835,1,5.87,13.301,0.2727,0.4545,0.2727,65,9,150,4,1,0,0,1,0,1,1,0,2.411,-12.964,-15.295,0.9612,0.9975,82.51
shard1_out_306,3,6,2,13,4,11,7,24,4.519,4.139,1,5.433,15.41,0.4545,0.3636,0.1818,24,7,134,1,0,0,0,1,0,0,0,0,2.499,-13.11,-14.353,0.957,0.9972,82.98
shard1_out_307,3,6,2,13,4,11,7,24,4.825,4.262,1,5.66,16.654,0.4545,0.3636,0.1818,38,9,153,1,0,0,0,1,0,0,0,0,2.041,-13.284,-14.704,0.9676,0.9979,82.5
shard1_out_308,2,4,1,9,3,8,5,18,4.21,4.114,1,4.455,10.592,0.4286,0.1429,0.4286,16,5,107,1,0,0,0,1,0,0,0,0,1.955,-12.481,-13.21,0.9735,0.9988,79.99
shard1_out_309,3,5,1,11,4,10,6,21,4.988,4.167,1,4.931,6.69,0.2222,0.4444,0.3333,32,5,104,1,0,0,0,1,0,0,0,0,1.106,-11.96,-13.926,0.9551,0.9975,81.11
shard1_out_31,2,6,1,11,3,10,7,24,4.878,4.248,1,4.93,12.168,0.4444,0.3333,0.2222,24,4,106,1,0,0,0,1,0,0,0,0,1.927,-13.42,-14.009,0.9568,0.9976,80.77
shard1_out_310,2,6,1,11,3,10,7,24,3.901,4.349,1,4.71,5.617,0.4444,0.4444,0.1111,22,7,113,1,0,0,0,0,0,0,0,1,0.791,-11.196,-13.616,0.9745,0.9986,81.39
shard1_out_311,2,4,2,10,3,8,5,18,5.299,4.13,1,5.202,6.087,0.125,0.75,0.125,4,3,116,1,1,0,0,0,0,0,0,0,2.183,-12.548,-13.458,0.9666,0.9982,80.79
shard1_out_312,2,6,1,11,3,10,7,24,5.032,4.314,1,4.626,5.331,0.6667,0.2222,0.1111,19,7,112,2,0,0,0,1,0,1,0,0,1.503,-12.351,-13.606,0.9751,0.9986,80.7
shard1_out_313,3,4,2,11,4,9,5,18,4.611,4.102,1,5.251,9.175,0.3333,0.4444,0.2222,33,7,116,1,0,0,0,1,0,0,0,0,1.893,-13.256,-14.959,0.9627,0.9979,80.73
shard1_out_314,2,6,3,13,3,10,7,24,4.672,3.569,1,6.247,8.576,0.3636,0.2727,0.3636,32,5,158,1,1,0,0,0,0,0,0,0,2.254,-12.356,-14.042,0.9581,0.9972,82.5
shard1_out_315,2,4,1,9,3,8,5,18,5.435,4.052,1,4.636,7.426,0.0,0.7143,0.2857,6,4,106,1,0,0,0,0,0,1,0,0,1.364,-11.573,-13.193,0.9779,0.999,79.91
shard1_out_316,2,5,2,11,3,9,6,21,4.85,4.147,1,5.241,14.272,0.5556,0.1111,0.3333,38,7,132,1,0,0,0,1,0,0,0,0,1.578,-12.868,-14.122,0.971,0.9984,80.64
shard1_out_317,3,5,1,11,4,10,6,21,4.455,3.789,1,4.994,5.912,0.3333,0.5556,0.1111,6,4,114,0,0,0,0,0,0,0,0,0,0.979,-12.036,-13.594,0.9502,0.9969,80.83
shard1_out_318,2,5,1,10,3,9,6,21,4.799,4.2,1,4.879,6.59,0.25,0.5,0.25,40,8,125,3,0,0,0,1,0,1,1,0,2.069,-13.139,-13.355,0.9807,0.9991,81.59
shard1_out_319,2,6,1,11,3,10,7,24,4.645,4.255,1,4.929,5.39,0.3333,0.4444,0.2222,34,8,124,3,0,0,1,1,0,1,0,0,1.686,-12.795,-13.248,0.9735,0.9986,80.87
shard1_out_32,2,6,1,11,3,10,7,24,4.884,4.065,1,4.736,11.183,0.7778,0.1111,0.1111,37,7,126,2,0,0,0,1,0,1,0,0,1.384,-12.728,-13.356,0.9679,0.9982,80.73
shard1_out_320,1,4,3,10,2,7,5,18,4.498,3.963,1,5.178,10.997,0.5,0.25,0.25,30,6,128,1,0,0,0,1,0,0,0,0,2.833,-12.768,-13.637,0.9705,0.9986,81.01
shard1_out_321,3,4,2,11,4,9,5,18,4.706,4.283,1,4.941,10.475,0.3333,0.3333,0.3333,26,6,111,1,0,0,0,1,0,0,0,0,2.145,-12.295,-15.065,0.9568,0.9976,81.43
shard1_out_322,3,6,1,12,4,11,7,24,5.434,4.2,1,5.362,6.239,0.1,0.6,0.3,18,7,136,2,0,0,0,1,0,1,0,0,0.961,-12.151,-13.445,0.9689,0.9982,81.88
shard1_out_323,1,5,1,9,2,8,6,21,5.094,4.062,1,4.58,7.946,0.4286,0.1429,0.4286,22,6,95,2,0,0,0,1,0,1,0,0,1.483,-12.365,-14.102,0.9688,0.9986,80.17
shard1_out_324,2,5,1,10,3,9,6,21,4.594,4.205,1,4.703,11.904,0.625,0.125,0.25,28,5,111,2,0,0,0,1,0,1,0,0,1.714,-12.924,-13.839,0.9851,0.9992,81.22
shard1_out_325,3,6,2,13,4,11,7,24,4.841,4.243,1,5.328,13.593,0.2727,0.3636,0.3636,41,9,152,3,0,0,0,1,0,1,1,0,1.731,-13.061,-13.971,0.9653,0.9978,82.81
shard1_out_326,1,4,1,8,2,7,5,18,4.991,4.124,1,4.497,7.858,0.0,0.5,0.5,17,4,89,1,0,0,0,1,0,0,0,0,2.245,-13.224,-12.621,0.956,0.9983,79.34
shard1_out_327,2,5,3,12,3,9,6,21,4.694,4.028,1,5.676,7.641,0.4,0.4,0.2,23,7,136,2,0,0,0,1,0,1,0,0,2.382,-12.809,-14.145,0.9549,0.9973,81.54
shard1_out_328,3,4,1,10,4,9,5,18,5.585,4.02,1,4.769,6.189,0.25,0.625,0.125,26,5,116,2,0,0,1,1,0,0,0,0,1.282,-12.506,-12.664,0.9742,0.9987,81.45
shard1_out_329,3,5,2,12,4,10,6,21,5.068,4.098,1,5.499,10.946,0.4,0.5,0.1,40,9,144,3,0,0,0,1,0,1,1,0,1.336,-11.768,-13.966,0.9649,0.998,81.34
shard1_out_33,2,4,2,10,3,8,5,18,4.18,4.137,1,5.133,5.093,0.125,0.625,0.25,23,6,127,0,0,0,0,0,0,0,0,0,2.329,-12.047,-13.49,0.9696,0.9984,80.71
shard1_out_330,1,5,2,10,2,8,6,21,4.444,3.978,1,5.485,8.446,0.25,0.75,0.0,14,5,138,0,0,0,0,0,0,0,0,0,1.182,-11.451,-13.152,0.9679,0.9985,81.23
shard1_out_331,2,5,1,10,3,9,6,21,5.731,4.197,1,4.847,6.148,0.125,0.625,0.25,2,1,112,0,0,0,0,0,0,0,0,0,1.612,-11.875,-12.323,0.9753,0.9988,81.88
shard1_out_332,1,4,1,8,2,7,5,18,4.516,4.166,1,4.313,6.744,0.1667,0.6667,0.1667,4,3,87,0,0,0,0,0,0,0,0,0,0.699,-11.575,-13.17,0.9767,0.9991,79.67
shard1_out_333,1,4,1,8,2,7,5,18,4.393,3.873,1,4.247,6.615,0.1667,0.3333,0.5,4,4,94,0,0,0,0,0,0,0,0,0,1.071,-11.908,-13.889,0.9718,0.9988,80.05
shard1_out_334,1,5,2,10,2,8,6,21,4.783,4.236,1,5.003,9.241,0.5,0.125,0.375,16,5,111,1,0,0,0,1,0,0,0,0,1.749,-12.389,-13.396,0.9638,0.9982,81.3
shard1_out_335,2,4,1,9,3,8,5,18,4.668,4.366,1,4.312,11.077,0.5714,0.2857,0.1429,24,5,91,1,0,0,0,1,0,0,0,0,1.956,-12.984,-13.927,0.9868,0.9993,79.81
shard1_out_336,2,4,1,9,3,8,5,18,4.146,4.369,1,4.675,4.815,0.1429,0.7143,0.1429,32,7,117,1,0,0,0,1,0,0,0,0,2.201,-11.624,-14.514,0.9752,0.9988,79.71
shard1_out_337,3,5,1,11,4,10,6,21,5.504,4.145,1,5.275,8.515,0.1111,0.6667,0.2222,33,7,121,2,0,0,0,1,0,1,0,0,0.604,-11.416,-13.48,0.9769,0.9987,80.67
shard1_out_338,3,6,3,14,4,11,7,24,4.903,3.899,1,6.257,11.235,0.25,0.4167,0.3333,11,6,152,1,1,0,0,0,0,0,0,0,2.071,-12.728,-14.25,0.9457,0.9962,82.69
shard1_out_339,1,5,3,11,2,8,6,21,5.173,4.015,1,5.213,12.609,0.7778,0.1111,0.1111,28,7,110,1,0,0,0,1,0,0,0,0,2.313,-13.376,-14.023,0.9666,0.9982,80.82
shard1_out_34,2,6,2,12,3,10,7,24,5.305,4.175,1,5.382,12.952,0.3,0.2,0.5,21,7,146,2,0,0,1,0,0,1,0,0,1.669,-12.279,-13.086,0.9571,0.9975,81.47
shard1_out_340,2,5,1,10,3,9,6,21,5.221,4.332,1,4.589,4.858,0.5,0.25,0.25,17,4,101,2,0,0,0,1,0,1,0,0,1.17,-11.959,-13.438,0.9709,0.9986,80.81
shard1_out_341,2,6,2,12,3,10,7,24,5.689,4.044,1,5.281,7.938,0.5,0.4,0.1,9,5,127,1,0,0,1,0,0,0,0,0,2.102,-12.815,-13.474,0.9556,0.9972,81.6
shard1_out_342,3,4,1,10,4,9,5,18,5.035,4.267,1,4.592,8.744,0.5,0.5,0.0,20,7,114,2,0,0,1,1,0,0,0,0,1.667,-12.85,-14.168,0.9696,0.9984,80.99
shard1_out_343,1,6,1,10,2,9,7,24,5.21,4.278,1,4.818,8.251,0.25,0.125,0.625,35,5,99,2,0,0,0,1,0,1,0,0,1.01,-13.149,-14.439,0.9497,0.9973,80.82
shard1_out_344,1,4,3,10,2,7,5,18,5.408,4.396,1,6.333,13.579,0.125,0.75,0.125,26,6,115,1,1,0,0,0,0,0,0,0,2.447,-11.777,-14.553,0.9647,0.9983,80.83
shard1_out_345,3,4,3,12,4,9,5,18,4.504,4.079,1,6.04,8.435,0.1,0.6,0.3,33,7,138,1,0,0,0,0,0,0,1,0,2.1,-12.552,-15.001,0.9576,0.9975,82.16
shard1_out_346,3,4,1,10,4,9,5,18,4.897,4.076,1,4.758,6.721,0.125,0.625,0.25,17,4,84,1,0,0,0,1,0,0,0,0,1.387,-12.569,-14.173,0.9547,0.9976,81.14
shard1_out_347,2,6,2,12,3,10,7,24,5.44,4.066,1,5.619,7.93,0.1,0.7,0.2,10,4,154,1,1,0,0,0,0,0,0,0,1.773,-12.024,-13.03,0.9582,0.9974,81.42
shard1_out_348,1,4,3,10,2,7,5,18,5.406,4.008,1,5.815,17.043,0.375,0.5,0.125,42,6,114,2,1,0,0,0,0,0,0,1,2.655,-12.711,-14.449,0.9601,0.9981,80.94
shard1_out_349,3,5,3,13,4,10,6,21,4.584,4.152,1,5.822,9.426,0.0909,0.5455,0.3636,28,6,131,2,1,0,0,1,0,0,0,0,2.141,-12.311,-14.679,0.9526,0.9969,82.33
shard1_out_35,2,6,3,13,3,10,7,24,4.798,3.973,1,5.797,10.312,0.6364,0.1818,0.1818,49,10,131,2,1,0,0,1,0,0,0,0,2.72,-13.274,-14.801,0.9626,0.9975,83.46
shard1_out_350,1,5,3,11,2,8,6,21,5.603,4.173,1,5.569,9.494,0.2222,0.4444,0.3333,28,7,120,0,0,0,0,0,0,0,0,0,2.124,-12.012,-14.712,0.9582,0.9977,80.75
shard1_out_351,3,4,2,11,4,9,5,18,4.831,4.08,1,5.31,10.711,0.0,0.5556,0.4444,8,3,110,0,0,0,0,0,0,0,0,0,0.997,-12.406,-14.121,0.9662,0.9981,80.7
shard1_out_352,1,6,3,12,2,9,7,24,5.253,4.096,1,5.711,11.667,0.8,0.1,0.1,13,5,145,1,0,0,0,0,0,1,0,0,1.708,-11.626,-13.7,0.9764,0.9986,81.47
shard1_out_353,2,5,1,10,3,9,6,21,4.455,4.274,1,4.562,5.029,0.125,0.25,0.625,14,4,118,1,0,0,0,0,0,1,0,0,1.612,-12.351,-13.189,0.9637,0.9981,81.34
shard1_out_354,2,6,2,12,3,10,7,24,4.756,4.164,1,5.29,13.745,0.8,0.2,0.0,36,6,150,1,0,0,0,1,0,0,0,0,1.966,-12.729,-13.464,0.9741,0.9985,81.69
shard1_out_355,1,5,3,11,2,8,6,21,5.295,4.332,1,6.336,17.059,0.4444,0.4444,0.1111,55,11,123,3,1,0,0,1,0,0,0,1,3.111,-12.102,-14.664,0.9604,0.998,81.01
shard1_out_356,2,5,3,12,3,9,6,21,4.692,4.065,1,5.901,11.614,0.1,0.4,0.5,35,10,147,4,1,0,1,1,0,1,0,0,3.008,-12.18,-13.905,0.9623,0.9978,81.31
shard1_out_357,2,6,2,12,3,10,7,24,4.83,4.271,1,5.153,7.994,0.3,0.3,0.4,38,8,138,2,0,0,1,1,0,0,0,0,2.2,-13.168,-14.158,0.9746,0.9985,81.28
shard1_out_358,2,5,2,11,3,9,6,21,4.808,4.196,1,5.191,13.751,0.6667,0.3333,0.0,27,6,120,1,0,0,0,1,0,0,0,0,1.931,-13.175,-13.98,0.9778,0.9987,80.92
shard1_out_359,2,6,2,12,3,10,7,24,5.517,4.32,1,5.641,15.453,0.5,0.2,0.3,17,5,139,0,0,0,0,0,0,0,0,0,1.885,-11.605,-13.773,0.9721,0.9983,81.59
shard1_out_36,1,5,2,10,2,8,6,21,5.4,4.12,1,5.316,13.104,0.5,0.375,0.125,41,11,117,3,1,0,0,1,0,0,0,1,2.318,-12.04,-13.803,0.9786,0.999,80.64
shard1_out_360,1,6,2,11,2,9,7,24,4.803,4.202,1,5.116,9.532,0.5556,0.2222,0.2222,28,6,116,1,0,0,0,1,0,0,0,0,1.906,-13.027,-14.002,0.9702,0.9983,81.38
shard1_out_361,1,4,2,9,2,7,5,18,4.241,4.17,1,5.078,7.76,0.1429,0.7143,0.1429,11,6,98,1,0,0,0,1,0,0,0,0,1.875,-12.116,-14.167,0.9565,0.998,80.0
shard1_out_362,3,4,3,12,4,9,5,18,4.559,4.018,1,6.111,17.951,0.5,0.4,0.1,42,9,136,2,1,0,0,1,0,0,0,0,2.226,-12.968,-15.012,0.9638,0.9979,81.56
shard1_out_363,2,4,2,10,3,8,5,18,4.425,3.993,1,4.988,14.144,0.625,0.0,0.375,16,3,96,1,0,0,0,1,0,0,0,0,1.914,-13.124,-13.869,0.9667,0.9983,81.1
shard1_out_364,2,4,3,11,3,8,5,18,4.466,4.023,1,5.55,8.738,0.2222,0.4444,0.3333,19,6,103,1,0,0,0,1,0,0,0,0,1.991,-12.748,-15.12,0.9694,0.9983,80.99
shard1_out_365,2,6,1,11,3,10,7,24,5.564,4.105,1,4.913,11.795,0.7778,0.2222,0.0,25,5,103,2,0,0,0,1,0,0,0,1,1.141,-11.541,-13.144,0.9659,0.9981,80.83
shard1_out_366,3,6,2,13,4,11,7,24,4.825,4.191,1,5.589,15.323,0.7273,0.0,0.2727,42,6,134,1,0,0,0,1,0,0,0,0,1.96,-12.859,-14.109,0.9628,0.9976,82.4
shard1_out_367,3,6,3,14,4,11,7,24,5.36,4.004,1,6.272,16.461,0.8333,0.1667,0.0,49,9,146,2,0,0,0,1,0,0,0,1,2.197,-12.516,-13.431,0.9564,0.997,82.69
shard1_out_368,3,6,3,14,4,11,7,24,4.408,4.094,1,6.485,9.297,0.25,0.6667,0.0833,44,8,151,1,1,0,0,0,0,0,0,0,1.832,-12.358,-13.783,0.9653,0.9974,82.48
shard1_out_369,2,4,1,9,3,8,5,18,4.936,4.112,1,4.639,12.58,0.5714,0.1429,0.2857,22,4,98,1,0,0,0,1,0,0,0,0,1.772,-12.969,-13.231,0.9641,0.9984,79.41
shard1_out_37,3,5,2,12,4,10,6,21,4.389,3.942,1,5.775,7.417,0.0,0.7,0.3,15,5,129,0,0,0,0,0,0,0,0,0,2.087,-12.271,-13.763,0.9543,0.997,81.61
shard1_out_370,1,5,1,9,2,8,6,21,4.621,4.201,1,4.472,8.042,0.5714,0.4286,0.0,27,7,120,2,0,0,0,1,0,1,0,0,1.882,-13.077,-13.191,0.9788,0.999,79.6
shard1_out_371,2,5,3,12,3,9,6,21,5.058,3.982,1,6.26,12.968,0.2,0.7,0.1,20,6,164,0,0,0,0,0,0,0,0,0,2.478,-12.295,-13.432,0.9555,0.9975,81.19
shard1_out_372,2,6,3,13,3,10,7,24,5.056,4.388,1,6.01,18.493,0.4545,0.1818,0.3636,32,6,119,1,1,0,0,0,0,0,0,0,2.942,-12.66,-16.187,0.9568,0.9972,82.17
shard1_out_373,3,4,1,10,4,9,5,18,5.293,4.099,1,4.97,7.286,0.125,0.75,0.125,15,6,111,2,0,0,0,1,0,1,0,0,1.37,-12.097,-13.962,0.9767,0.9988,80.57
shard1_out_374,2,6,2,12,3,10,7,24,4.891,4.077,1,5.036,8.168,0.8,0.2,0.0,28,7,122,2,0,0,0,1,0,1,0,0,1.988,-12.82,-14.25,0.9615,0.9976,81.07
shard1_out_38,1,5,2,10,2,8,6,21,4.753,4.142,1,4.742,8.8,0.375,0.125,0.5,28,5,123,1,0,0,0,1,0,0,0,0,2.672,-13.599,-14.131,0.9672,0.9984,80.83
shard1_out_39,1,5,2,10,2,8,6,21,4.851,4.162,1,5.426,9.47,0.125,0.5,0.375,14,5,132,0,0,0,0,0,0,0,0,0,2.121,-12.273,-12.414,0.9549,0.9979,80.52
shard1_out_4,3,6,2,13,4,11,7,24,4.976,4.157,1,5.798,11.037,0.2727,0.6364,0.0909,44,10,157,3,1,0,0,1,0,1,0,0,1.679,-11.859,-13.32,0.9762,0.9984,82.51
shard1_out_40,2,6,3,13,3,10,7,24,4.899,4.033,1,6.313,12.737,0.2727,0.6364,0.0909,33,10,159,3,1,1,0,0,0,1,0,0,2.846,-11.567,-13.952,0.9725,0.9983,82.35
shard1_out_41,3,5,1,11,4,10,6,21,5.342,4.093,1,5.185,8.106,0.2222,0.6667,0.1111,46,9,128,3,0,0,0,1,0,1,0,1,1.227,-11.247,-13.511,0.9783,0.9988,80.69
shard1_out_42,3,4,2,11,4,9,5,18,4.773,4.217,1,5.318,10.651,0.1111,0.4444,0.4444,13,5,127,1,0,0,0,0,0,0,1,0,1.885,-12.631,-14.175,0.9634,0.9979,80.62
shard1_out_43,1,5,1,9,2,8,6,21,4.284,4.161,1,4.305,6.415,0.5714,0.2857,0.1429,33,6,102,1,0,0,0,1,0,0,0,0,2.128,-13.514,-13.877,0.9853,0.9993,79.83
shard1_out_44,3,4,2,11,4,9,5,18,4.759,4.227,1,4.961,8.796,0.2222,0.4444,0.3333,6,3,107,0,0,0,0,0,0,0,0,0,1.14,-11.929,-14.354,0.9653,0.998,80.66
shard1_out_45,1,6,2,11,2,9,7,24,5.297,4.161,1,5.27,14.394,0.5556,0.2222,0.2222,26,6,110,2,0,0,0,1,0,0,0,1,2.154,-13.028,-14.376,0.9598,0.9978,80.7
shard1_out_46,1,5,3,11,2,8,6,21,5.62,4.088,1,6.366,16.963,0.4444,0.4444,0.1111,67,12,128,2,1,0,0,0,0,0,0,1,2.949,-11.656,-13.877,0.9656,0.9982,80.85
shard1_out_47,3,5,3,13,4,10,6,21,3.867,3.978,1,5.772,6.789,0.1818,0.5455,0.2727,26,10,132,1,0,0,1,0,0,0,0,0,2.569,-12.895,-14.587,0.9519,0.9967,82.3
shard1_out_48,2,6,3,13,3,10,7,24,5.166,4.14,1,6.339,18.496,0.4545,0.3636,0.1818,45,12,156,2,1,0,0,1,0,0,0,0,3.107,-13.593,-14.441,0.9529,0.997,82.3
shard1_out_49,1,6,3,12,2,9,7,24,5.873,4.233,1,5.619,12.496,0.7,0.2,0.1,56,8,134,1,0,0,0,1,0,0,0,0,2.413,-13.37,-14.228,0.9787,0.9988,82.0
shard1_out_5,3,4,2,11,4,9,5,18,5.446,4.348,1,5.458,7.259,0.2222,0.6667,0.1111,31,10,138,3,1,0,0,1,0,1,0,0,2.327,-12.857,-13.665,0.9642,0.9979,81.02
shard1_out_50,1,4,3,10,2,7,5,18,5.049,4.363,1,6.075,12.706,0.375,0.5,0.125,21,6,117,1,1,0,0,0,0,0,0,0,2.858,-11.947,-14.326,0.9738,0.9987,80.74
shard1_out_51,1,4,2,9,2,7,5,18,4.281,4.152,1,4.762,11.719,0.2857,0.2857,0.4286,24,6,110,1,0,0,0,1,0,0,0,0,2.497,-12.339,-13.648,0.9747,0.9989,79.78
shard1_out_52,2,4,2,10,3,8,5,18,4.323,4.125,1,5.081,14.073,0.375,0.375,0.25,13,3,134,0,0,0,0,0,0,0,0,0,2.458,-12.501,-13.204,0.9711,0.9986,80.8
shard1_out_53,1,6,2,11,2,9,7,24,4.982,4.194,1,5.328,13.664,0.3333,0.4444,0.2222,50,7,129,2,1,0,0,1,0,0,0,0,2.44,-13.327,-14.055,0.9661,0.9982,80.92
shard1_out_54,3,4,2,11,4,9,5,18,4.444,4.208,1,5.539,16.333,0.5556,0.3333,0.1111,26,4,124,1,0,0,0,1,0,0,0,0,2.327,-13.145,-13.781,0.9669,0.9982,81.05
shard1_out_55,2,6,1,11,3,10,7,24,4.625,4.538,1,4.675,6.377,0.5556,0.2222,0.2222,30,7,103,2,0,0,0,1,0,0,0,1,1.722,-12.135,-13.846,0.9685,0.9983,81.02
shard1_out_56,1,4,1,8,2,7,5,18,5.09,4.361,1,4.374,6.947,0.3333,0.5,0.1667,7,4,90,0,0,0,0,0,0,0,0,0,0.875,-11.408,-12.626,0.9787,0.9992,79.5
shard1_out_57,3,5,2,12,4,10,6,21,4.672,4.18,1,5.418,14.56,0.6,0.3,0.1,23,6,137,2,0,0,0,1,1,0,0,0,1.529,-12.959,-13.652,0.9771,0.9986,81.25
shard1_out_58,2,5,3,12,3,9,6,21,4.462,3.871,1,5.128,10.591,0.7,0.2,0.1,12,4,120,1,0,0,0,1,0,0,0,0,2.152,-13.281,-14.276,0.964,0.9978,81.26
shard1_out_59,2,6,3,13,3,10,7,24,5.196,4.186,1,5.313,12.668,0.9091,0.0,0.0909,17,4,118,0,0,0,0,0,0,0,0,0,1.357,-12.354,-14.416,0.9728,0.9982,82.46
shard1_out_6,3,5,1,11,4,10,6,21,5.309,4.362,1,4.844,8.435,0.2222,0.4444,0.3333,21,5,110,1,0,0,0,0,0,0,1,0,1.188,-12.304,-14.158,0.9656,0.998,80.78
shard1_out_60,3,6,3,14,4,11,7,24,5.203,4.233,1,5.885,14.8,0.9167,0.0,0.0833,33,9,163,2,0,0,0,1,0,1,0,0,2.346,-12.481,-14.025,0.9643,0.9974,82.73
shard1_out_61,2,5,3,12,3,9,6,21,4.941,4.202,1,5.815,11.089,0.4,0.3,0.3,25,7,134,2,1,0,0,1,0,0,0,0,2.161,-12.564,-14.027,0.9623,0.9978,81.25
shard1_out_62,2,6,2,12,3,10,7,24,4.591,4.003,1,5.86,8.187,0.1,0.8,0.1,20,7,154,1,1,0,0,0,0,0,0,0,1.696,-12.118,-12.908,0.9671,0.998,81.32
shard1_out_63,1,6,2,11,2,9,7,24,4.808,4.068,1,5.095,11.212,0.4444,0.5556,0.0,34,8,138,3,1,0,0,1,0,1,0,0,2.624,-13.334,-13.933,0.9643,0.9981,80.82
shard1_out_64,3,4,3,12,4,9,5,18,4.089,4.007,1,5.523,9.192,0.0,0.5,0.5,22,9,124,2,0,0,1,0,0,1,0,0,1.584,-12.755,-14.031,0.9526,0.9969,81.4
shard1_out_65,2,6,1,11,3,10,7,24,5.404,4.261,1,4.8,6.923,0.4444,0.2222,0.3333,25,6,107,2,0,0,0,1,0,1,0,0,2.058,-13.001,-14.227,0.9584,0.9976,81.36
shard1_out_66,2,6,3,13,3,10,7,24,4.871,4.326,1,5.2,8.369,0.6364,0.1818,0.1818,39,10,130,1,0,0,0,1,0,0,0,0,2.879,-13.906,-14.913,0.9724,0.9982,82.34
shard1_out_67,3,4,1,10,4,9,5,18,5.199,4.253,1,4.532,6.316,0.125,0.25,0.625,16,6,102,1,0,0,0,1,0,0,0,0,1.729,-11.596,-14.102,0.9811,0.999,80.71
shard1_out_68,3,6,2,13,4,11,7,24,5.339,4.065,1,5.738,6.853,0.2727,0.5455,0.1818,28,6,161,2,1,0,0,1,0,0,0,0,1.257,-12.598,-13.859,0.9556,0.997,82.3
shard1_out_69,2,4,3,11,3,8,5,18,4.105,4.181,1,5.836,7.579,0.1111,0.6667,0.2222,16,6,118,0,0,0,0,0,0,0,0,0,2.535,-12.43,-14.841,0.9548,0.9974,80.76
shard1_out_7,1,6,3,12,2,9,7,24,4.837,4.176,1,4.987,7.946,0.8,0.1,0.1,46,9,121,2,0,0,0,1,0,1,0,0,2.516,-13.323,-14.844,0.9671,0.998,81.42
shard1_out_70,2,5,2,11,3,9,6,21,5.163,4.236,1,5.424,9.627,0.1111,0.6667,0.2222,19,7,131,1,0,0,0,0,0,1,0,0,2.188,-12.496,-13.292,0.9743,0.9987,80.78
shard1_out_71,2,4,2,10,3,8,5,18,4.536,4.055,1,5.092,14.533,0.375,0.125,0.5,27,5,101,2,0,0,0,1,0,1,0,0,2.448,-13.392,-14.067,0.9454,0.9973,81.27
shard1_out_72,1,4,1,8,2,7,5,18,4.295,4.146,1,4.189,6.764,0.3333,0.3333,0.3333,15,6,97,1,0,0,0,1,0,0,0,0,2.234,-12.932,-13.013,0.9723,0.9989,79.51
shard1_out_73,3,4,1,10,4,9,5,18,4.663,4.092,1,4.804,6.438,0.125,0.5,0.375,28,5,108,1,0,0,0,1,0,0,0,0,2.118,-13.076,-13.871,0.9602,0.9979,81.03
shard1_out_74,3,6,3,14,4,11,7,24,4.536,4.147,1,6.337,9.565,0.1667,0.5,0.3333,40,8,156,1,1,0,0,0,0,0,0,0,1.732,-11.68,-14.36,0.9613,0.9973,82.54
shard1_out_75,2,5,3,12,3,9,6,21,4.846,4.882,1,5.318,10.819,0.3,0.2,0.5,8,4,97,1,0,0,0,1,0,0,0,0,2.653,-12.907,-15.55,0.9317,0.9953,81.35
shard1_out_76,3,6,2,13,4,11,7,24,4.848,4.191,1,5.745,16.494,0.5455,0.3636,0.0909,46,8,160,2,0,0,0,1,1,0,0,0,1.795,-12.716,-13.933,0.9701,0.998,82.67
shard1_out_77,3,5,2,12,4,10,6,21,4.505,4.077,1,5.379,9.516,0.3,0.5,0.2,25,7,130,1,0,0,0,1,0,0,0,0,2.475,-12.376,-14.183,0.9523,0.9971,81.17
shard1_out_78,3,6,1,12,4,11,7,24,4.887,4.2,1,5.314,12.897,0.8,0.0,0.2,44,7,136,2,0,0,0,1,0,0,0,1,1.469,-12.522,-13.249,0.97,0.9981,81.2
shard1_out_79,3,4,2,11,4,9,5,18,4.728,3.849,1,5.317,9.86,0.2222,0.5556,0.2222,12,5,125,2,0,0,0,0,0,1,1,0,1.057,-11.972,-14.297,0.9575,0.9976,80.66
shard1_out_8,3,4,3,12,4,9,5,18,4.493,3.846,1,5.75,5.408,0.2,0.6,0.2,11,5,119,0,0,0,0,0,0,0,0,0,2.706,-13.305,-14.901,0.9622,0.9976,81.36
shard1_out_80,1,5,2,10,2,8,6,21,4.429,4.326,1,4.883,10.058,0.5,0.25,0.25,34,7,130,1,0,0,0,1,0,0,0,0,2.069,-12.86,-13.836,0.975,0.9987,80.72
shard1_out_81,1,5,3,11,2,8,6,21,4.861,4.38,1,5.469,9.615,0.4444,0.4444,0.1111,28,7,142,0,0,0,0,0,0,0,0,0,2.871,-13.135,-13.256,0.9711,0.9985,80.79
shard1_out_82,1,6,3,12,2,9,7,24,5.265,4.072,1,5.994,13.389,0.5,0.2,0.3,31,9,127,2,1,0,0,1,0,0,0,0,2.862,-13.072,-14.254,0.9662,0.9981,81.35
shard1_out_83,2,6,3,13,3,10,7,24,4.945,4.038,1,6.057,13.265,0.5455,0.4545,0.0,27,9,137,2,1,0,0,1,0,0,0,0,2.761,-12.794,-14.202,0.9568,0.9972,82.28
shard1_out_84,3,4,3,12,4,9,5,18,4.469,4.28,1,5.47,8.247,0.4,0.6,0.0,57,8,117,2,1,0,0,1,0,0,0,0,2.936,-13.674,-15.086,0.9558,0.9972,81.33
shard1_out_85,2,4,2,10,3,8,5,18,4.344,4.066,1,5.192,14.914,0.125,0.375,0.5,27,4,116,1,0,0,0,1,0,0,0,0,2.83,-13.165,-13.958,0.9672,0.9984,81.0
shard1_out_86,3,4,2,11,4,9,5,18,4.249,4.251,1,5.075,12.886,0.4444,0.1111,0.4444,25,6,138,1,0,0,0,1,0,0,0,0,2.401,-12.227,-13.778,0.965,0.9981,81.5
shard1_out_87,3,6,3,14,4,11,7,24,4.731,4.38,1,5.814,16.651,0.5,0.1667,0.3333,38,9,153,2,1,0,0,1,0,0,0,0,2.161,-12.504,-14.243,0.9704,0.998,82.54
shard1_out_88,2,4,1,9,3,8,5,18,4.607,4.065,1,4.541,12.88,0.1429,0.1429,0.7143,22,5,108,2,0,0,0,1,0,1,0,0,1.677,-12.376,-12.852,0.9773,0.999,79.71
shard1_out_89,2,6,3,13,3,10,7,24,4.926,4.3,1,5.974,10.559,0.5455,0.2727,0.1818,36,11,137,2,1,0,0,1,0,0,0,0,2.764,-12.649,-14.893,0.9679,0.998,83.15
shard1_out_9,2,6,3,13,3,10,7,24,5.125,4.123,1,5.358,10.441,0.9091,0.0909,0.0,47,9,133,2,0,0,0,1,0,1,0,0,1.975,-12.693,-14.186,0.9701,0.998,83.04
shard1_out_90,1,6,2,11,2,9,7,24,5.103,4.024,1,4.971,10.835,0.2222,0.3333,0.4444,37,6,104,2,0,0,1,1,0,0,0,0,1.593,-13.118,-14.814,0.9626,0.9979,80.81
shard1_out_91,2,5,2,11,3,9,6,21,4.334,4.058,1,5.529,8.375,0.0,0.6667,0.3333,12,5,132,0,0,0,0,0,0,0,0,0,2.388,-11.651,-12.482,0.9675,0.9982,80.83
shard1_out_92,1,5,1,9,2,8,6,21,5.108,4.512,1,4.366,7.987,0.4286,0.1429,0.4286,27,5,84,2,0,0,0,1,0,1,0,0,0.934,-12.567,-13.758,0.9587,0.9981,79.8
shard1_out_93,1,5,2,10,2,8,6,21,4.415,4.076,1,4.64,10.555,0.75,0.125,0.125,28,5,108,2,0,0,0,1,0,1,0,0,2.508,-13.773,-14.397,0.9689,0.9983,80.68
shard1_out_94,3,5,1,11,4,10,6,21,4.774,4.135,1,4.84,6.117,0.5556,0.3333,0.1111,15,5,111,2,0,0,0,1,0,1,0,0,1.477,-12.386,-13.156,0.9658,0.9981,80.67
shard1_out_95,1,5,1,9,2,8,6,21,5.3,4.18,1,4.497,8.452,0.5714,0.0,0.4286,15,5,96,2,0,0,0,1,0,1,0,0,1.35,-12.411,-13.031,0.9712,0.9987,79.6
shard1_out_96,2,5,1,10,3,9,6,21,5.01,4.155,1,4.634,5.04,0.5,0.375,0.125,18,7,114,2,0,0,1,1,0,0,0,0,2.261,-12.541,-12.838,0.9648,0.9983,80.91
shard1_out_97,3,5,1,11,4,10,6,21,5.486,4.186,1,5.338,7.917,0.0,0.6667,0.3333,12,4,130,0,0,0,0,0,0,0,0,0,1.331,-12.675,-13.041,0.9647,0.998,81.15
shard1_out_98,2,4,2,10,3,8,5,18,4.643,4.072,1,5.261,10.472,0.125,0.375,0.5,12,5,143,1,0,0,1,0,0,0,0,0,2.399,-12.638,-13.077,0.9577,0.9979,80.75
shard1_out_99,2,6,3,13,3,10,7,24,4.856,4.007,1,6.088,12.289,0.4545,0.3636,0.1818,20,8,147,2,1,0,0,0,0,1,0,0,2.139,-12.205,-13.993,0.962,0.9976,82.43
shard2_out_0,2,4,1,9,3,8,5,18,4.611,4.187,1,4.52,5.658,0.1429,0.4286,0.4286,5,3,91,0,0,0,0,0,0,0,0,0,1.883,-12.351,-13.179,0.9602,0.9982,80.26
shard2_out_1,3,4,3,12,4,9,5,18,4.586,4.177,1,5.358,4.616,0.1,0.3,0.6,15,5,118,0,0,0,0,0,0,0,0,0,2.027,-13.037,-15.176,0.9542,0.997,80.46
shard2_out_10,3,5,3,13,4,10,6,21,3.85,3.924,1,5.993,4.868,0.0,0.8182,0.1818,11,6,120,0,0,0,0,0,0,0,0,0,1.359,-12.434,-14.236,0.9484,0.9963,81.47
shard2_out_100,2,5,2,11,3,9,6,21,4.663,4.174,1,5.155,8.99,0.2222,0.4444,0.3333,14,6,134,2,1,0,1,0,0,0,0,0,2.455,-12.458,-13.275,0.9641,0.998,80.61
shard2_out_101,1,5,1,9,2,8,6,21,4.473,4.165,1,4.423,6.252,0.4286,0.2857,0.2857,18,5,111,1,0,0,1,0,0,0,0,0,2.302,-13.053,-12.856,0.9784,0.999,78.88
shard2_out_102,3,5,3,13,4,10,6,21,4.347,3.893,1,6.513,5.857,0.0909,0.7273,0.1818,27,5,136,1,1,0,0,0,0,0,0,0,3.151,-12.115,-14.168,0.9648,0.9978,81.62
shard2_out_103,2,5,2,11,3,9,6,21,4.591,4.167,1,5.381,16.761,0.3333,0.5556,0.1111,33,7,127,2,1,0,0,1,0,0,0,0,2.501,-13.618,-13.974,0.9602,0.9979,80.92
shard2_out_104,1,5,3,11,2,8,6,21,4.369,3.96,1,5.891,12.285,0.1111,0.3333,0.5556,40,11,156,4,1,0,1,1,0,1,0,0,3.072,-12.285,-13.634,0.9661,0.9983,80.6
shard2_out_105,1,6,3,12,2,9,7,24,5.24,4.274,1,6.372,13.446,0.1,0.7,0.2,36,8,153,2,1,1,0,0,0,0,0,0,1.87,-11.408,-14.323,0.9755,0.9985,80.69
shard2_out_106,1,4,1,8,2,7,5,18,4.761,4.135,1,4.416,7.561,0.1667,0.6667,0.1667,6,4,91,0,0,0,0,0,0,0,0,0,0.536,-11.309,-12.837,0.978,0.9991,78.52
shard2_out_107,2,4,2,10,3,8,5,18,4.106,4.208,1,5.019,4.129,0.125,0.75,0.125,28,6,121,1,0,0,0,1,0,0,0,0,2.54,-11.889,-14.928,0.9645,0.9981,79.97
shard2_out_108,1,5,1,9,2,8,6,21,4.586,3.992,1,4.407,6.23,0.7143,0.1429,0.1429,11,4,97,0,0,0,0,0,0,0,0,0,1.547,-12.51,-13.107,0.9697,0.9987,79.76
shard2_out_109,2,4,2,10,3,8,5,18,4.587,3.969,1,4.992,10.481,0.125,0.25,0.625,29,7,127,2,0,0,0,1,0,1,0,0,2.47,-12.018,-13.659,0.9607,0.9981,80.07
shard2_out_11,1,6,2,11,2,9,7,24,4.595,4.073,1,4.67,10.002,0.5556,0.2222,0.2222,35,6,106,2,0,0,0,1,0,1,0,0,2.413,-13.934,-14.793,0.9639,0.9979,79.77
shard2_out_110,3,5,2,12,4,10,6,21,5.27,4.036,1,5.537,7.828,0.2,0.6,0.2,13,7,148,0,0,0,0,0,0,0,0,0,2.019,-12.742,-13.423,0.9723,0.9983,80.58
shard2_out_111,3,4,1,10,4,9,5,18,4.365,4.176,1,5.006,6.014,0.0,0.75,0.25,15,7,121,2,0,0,0,0,0,1,1,0,1.258,-12.162,-13.723,0.9653,0.9983,80.47
shard2_out_112,1,5,1,9,2,8,6,21,4.881,3.976,1,4.526,8.017,0.5714,0.1429,0.2857,16,3,95,0,0,0,0,0,0,0,0,0,1.425,-12.84,-12.841,0.9772,0.999,78.7
shard2_out_113,3,6,3,14,4,11,7,24,5.083,5.002,0,5.58,11.821,0.4167,0.1667,0.4167,39,8,127,1,0,0,0,0,0,0,0,1,2.864,-13.615,-15.229,0.9406,0.9953,82.07
shard2_out_114,2,4,2,10,3,8,5,18,4.503,4.07,1,4.836,8.685,0.125,0.375,0.5,20,4,108,1,0,0,0,1,0,0,0,0,2.173,-12.811,-14.277,0.9707,0.9985,80.04
shard2_out_115,1,4,1,8,2,7,5,18,4.2,4.162,1,4.233,6.093,0.3333,0.3333,0.3333,8,5,96,2,0,0,0,1,0,1,0,0,1.899,-12.708,-12.961,0.9635,0.9986,78.31
shard2_out_116,3,6,3,14,4,11,7,24,4.611,4.374,1,6.081,15.005,0.5,0.3333,0.1667,58,11,169,1,0,0,0,1,0,0,0,0,3.169,-12.89,-14.632,0.9669,0.9977,81.79
shard2_out_117,1,6,3,12,2,9,7,24,5.271,4.185,1,5.257,8.63,0.7,0.2,0.1,17,4,112,1,0,0,0,1,0,0,0,0,1.785,-13.12,-14.098,0.973,0.9984,80.53
shard2_out_118,3,5,2,12,4,10,6,21,4.649,3.926,1,5.23,7.83,0.4,0.3,0.3,30,7,139,1,1,0,0,0,0,0,0,0,2.814,-13.379,-14.285,0.9642,0.9977,80.83
shard2_out_119,1,6,2,11,2,9,7,24,4.929,4.37,1,5.156,8.975,0.5556,0.4444,0.0,36,7,126,1,0,0,0,1,0,0,0,0,2.406,-12.986,-13.912,0.9776,0.9988,80.03
shard2_out_12,3,4,1,10,4,9,5,18,4.786,3.924,1,4.598,5.321,0.375,0.375,0.25,11,4,91,0,0,0,0,0,0,0,0,0,1.543,-11.932,-14.561,0.9741,0.9986,79.72
shard2_out_120,3,6,2,13,4,11,7,24,5.336,4.069,1,5.616,7.765,0.4545,0.5455,0.0,12,6,141,1,1,0,0,0,0,0,0,0,2.461,-12.674,-14.027,0.9524,0.9966,81.84
shard2_out_121,1,6,1,10,2,9,7,24,4.762,4.077,1,4.57,7.33,0.625,0.125,0.25,28,6,110,2,0,0,0,1,0,1,0,0,1.511,-12.938,-13.542,0.9801,0.999,80.11
shard2_out_122,3,4,3,12,4,9,5,18,4.06,3.988,1,5.614,9.191,0.1,0.7,0.2,18,6,119,1,0,0,1,0,0,0,0,0,1.829,-12.805,-14.569,0.9475,0.9965,80.41
shard2_out_123,3,4,3,12,4,9,5,18,4.125,4.103,1,5.902,17.291,0.2,0.3,0.5,49,10,137,2,1,0,0,1,0,0,0,0,2.75,-12.587,-14.694,0.9703,0.9983,80.37
shard2_out_124,2,5,2,11,3,9,6,21,4.984,4.044,1,5.274,14.68,0.4444,0.3333,0.2222,33,6,127,1,0,0,0,1,0,0,0,0,1.789,-12.883,-13.717,0.979,0.9989,79.95
shard2_out_125,1,6,1,10,2,9,7,24,4.397,3.937,1,4.848,4.873,0.375,0.375,0.25,15,4,110,0,0,0,0,0,0,0,0,0,0.817,-11.832,-13.532,0.9698,0.9985,80.34
shard2_out_126,3,6,1,12,4,11,7,24,5.188,4.177,1,5.646,5.871,0.1,0.7,0.2,11,5,132,1,0,0,0,0,1,0,0,0,0.838,-11.74,-13.098,0.9735,0.9984,80.67
shard2_out_127,1,6,1,10,2,9,7,24,5.764,4.121,1,4.839,7.764,0.5,0.375,0.125,5,4,99,1,0,0,1,0,0,0,0,0,1.499,-12.445,-13.358,0.9722,0.9986,80.1
shard2_out_128,2,4,1,9,3,8,5,18,5.378,4.117,1,4.66,8.389,0.0,0.7143,0.2857,9,3,105,0,0,0,0,0,0,0,0,0,0.995,-11.713,-12.902,0.9834,0.9992,78.75
shard2_out_129,2,5,1,10,3,9,6,21,4.418,3.869,1,4.972,5.076,0.0,0.75,0.25,8,3,101,0,0,0,0,0,0,0,0,0,0.919,-11.969,-12.701,0.9637,0.9981,80.51
shard2_out_13,2,5,3,12,3,9,6,21,5.423,4.208,1,6.347,11.493,0.0,0.7,0.3,39,8,156,2,1,1,0,0,0,0,0,0,2.347,-11.927,-13.914,0.9773,0.9987,80.51
shard2_out_130,3,6,3,14,4,11,7,24,4.538,4.105,1,6.105,6.33,0.1667,0.5833,0.25,46,11,166,3,1,0,1,0,0,1,0,0,3.271,-12.54,-14.235,0.969,0.9978,82.27
shard2_out_131,3,6,2,13,4,11,7,24,4.075,4.515,1,5.981,5.793,0.2727,0.5455,0.1818,27,10,157,3,1,1,0,1,0,0,0,0,2.862,-12.18,-14.345,0.9725,0.9981,81.57
shard2_out_132,2,6,2,12,3,10,7,24,5.247,4.19,1,5.551,8.226,0.3,0.6,0.1,7,5,145,0,0,0,0,0,0,0,0,0,1.794,-11.607,-13.48,0.9656,0.9979,80.64
shard2_out_133,3,4,1,10,4,9,5,18,4.872,4.066,1,4.815,4.788,0.25,0.625,0.125,21,8,123,2,0,0,0,1,0,1,0,0,1.324,-11.53,-13.72,0.9705,0.9985,79.81
shard2_out_134,3,6,3,14,4,11,7,24,5.244,4.289,1,5.566,6.943,0.6667,0.1667,0.1667,37,7,146,2,0,0,0,1,0,0,1,0,1.78,-12.676,-14.452,0.963,0.9974,81.77
shard2_out_135,1,6,3,12,2,9,7,24,6.052,3.925,1,6.39,18.169,0.3,0.3,0.4,66,10,120,2,1,0,0,0,0,0,0,1,2.623,-12.261,-14.554,0.9607,0.9976,80.46
shard2_out_136,3,5,1,11,4,10,6,21,3.975,4.207,1,4.791,7.212,0.4444,0.5556,0.0,14,7,106,2,0,0,0,1,0,0,0,1,1.316,-11.858,-13.564,0.9641,0.998,80.35
shard2_out_137,3,5,1,11,4,10,6,21,5.03,4.264,1,4.717,8.173,0.3333,0.3333,0.3333,21,6,94,1,0,0,0,1,0,0,0,0,1.619,-13.18,-14.534,0.9635,0.9979,80.78
shard2_out_138,1,5,3,11,2,8,6,21,4.492,4.211,1,5.758,13.981,0.2222,0.4444,0.3333,56,10,137,4,1,0,1,1,0,1,0,0,2.981,-13.281,-13.61,0.9509,0.9973,80.15
shard2_out_139,1,5,3,11,2,8,6,21,4.381,4.147,1,5.447,13.257,0.4444,0.2222,0.3333,43,8,139,3,1,0,0,1,0,1,0,0,3.154,-13.16,-14.523,0.9636,0.998,80.3
shard2_out_14,1,4,3,10,2,7,5,18,4.507,4.295,1,5.838,13.084,0.125,0.375,0.5,19,7,121,3,1,0,0,1,0,1,0,0,3.215,-13.008,-14.205,0.9637,0.9983,80.02
shard2_out_140,1,4,1,8,2,7,5,18,4.985,4.416,1,4.219,7.254,0.5,0.1667,0.3333,3,1,78,0,0,0,0,0,0,0,0,0,0.693,-11.304,-13.256,0.9821,0.9993,78.2
shard2_out_141,1,4,3,10,2,7,5,18,4.487,4.097,1,5.808,14.678,0.0,0.625,0.375,32,8,134,2,1,0,0,1,0,0,0,0,3.733,-12.621,-13.866,0.9552,0.9979,80.01
shard2_out_142,3,6,3,14,4,11,7,24,4.971,4.059,1,5.815,9.24,0.5833,0.3333,0.0833,22,7,133,1,0,0,0,1,0,0,0,0,2.165,-12.816,-15.05,0.9746,0.9981,81.77
shard2_out_143,3,4,3,12,4,9,5,18,4.456,4.07,1,5.559,10.347,0.1,0.7,0.2,31,9,119,2,1,1,0,0,0,0,0,0,2.723,-12.161,-15.785,0.9734,0.9984,80.63
shard2_out_144,3,6,1,12,4,11,7,24,5.111,4.161,1,4.908,6.877,0.3,0.3,0.4,18,4,122,0,0,0,0,0,0,0,0,0,1.624,-12.859,-13.727,0.9639,0.9977,80.51
shard2_out_145,1,6,1,10,2,9,7,24,5.868,4.099,1,5.057,11.784,0.625,0.125,0.25,28,7,97,2,0,0,0,1,0,0,0,1,1.508,-11.981,-13.677,0.9743,0.9987,80.04
shard2_out_146,3,4,1,10,4,9,5,18,5.085,4.118,1,5.292,14.339,0.375,0.5,0.125,30,8,145,2,0,0,0,1,1,0,0,0,0.918,-12.163,-12.991,0.9747,0.9988,80.07
shard2_out_147,1,6,2,11,2,9,7,24,4.88,4.251,1,4.947,8.117,0.6667,0.2222,0.1111,29,5,102,1,0,0,0,1,0,0,0,0,2.1,-13.268,-14.244,0.9692,0.9983,80.0
shard2_out_148,2,6,2,12,3,10,7,24,4.931,3.993,1,5.5,9.17,0.3,0.6,0.1,9,4,142,0,0,0,0,0,0,0,0,0,1.545,-11.959,-13.045,0.9703,0.9983,80.46
shard2_out_149,3,6,2,13,4,11,7,24,5.094,4.231,1,5.846,11.633,0.2727,0.5455,0.1818,32,7,166,2,0,0,0,1,0,1,0,0,1.563,-11.694,-13.473,0.9729,0.9983,81.6
shard2_out_15,2,6,3,13,3,10,7,24,4.023,3.84,1,5.838,7.976,0.3636,0.4545,0.1818,30,9,148,1,0,0,0,1,0,0,0,0,1.907,-12.263,-15.057,0.9692,0.9979,81.52
shard2_out_150,2,5,1,10,3,9,6,21,5.537,4.166,1,4.952,6.723,0.0,0.625,0.375,5,3,110,1,0,0,0,0,0,1,0,0,0.994,-11.537,-13.011,0.9759,0.9988,80.33
shard2_out_151,2,5,2,11,3,9,6,21,5.002,4.028,1,5.246,4.701,0.3333,0.1111,0.5556,11,3,114,0,0,0,0,0,0,0,0,0,2.159,-12.229,-14.028,0.9626,0.9979,80.18
shard2_out_152,2,4,3,11,3,8,5,18,4.133,4.045,1,5.495,6.662,0.0,0.6667,0.3333,14,4,118,0,0,0,0,0,0,0,0,0,1.582,-12.315,-14.66,0.9658,0.998,80.43
shard2_out_153,2,6,1,11,3,10,7,24,5.027,4.102,1,4.559,5.803,0.5556,0.2222,0.2222,31,7,117,2,0,0,0,1,0,1,0,0,1.376,-11.939,-13.603,0.9713,0.9984,80.71
shard2_out_154,3,4,1,10,4,9,5,18,4.665,4.112,1,4.567,5.266,0.375,0.5,0.125,7,4,84,1,0,0,0,1,0,0,0,0,1.472,-12.298,-14.338,0.9677,0.9983,79.98
shard2_out_155,3,6,3,14,4,11,7,24,5.78,4.083,1,5.684,6.86,0.4167,0.25,0.3333,28,7,134,1,0,0,0,1,0,0,0,0,1.886,-13.01,-13.8,0.9565,0.9969,81.91
shard2_out_156,1,4,1,8,2,7,5,18,4.422,4.127,1,4.192,7.339,0.3333,0.3333,0.3333,13,4,94,1,0,0,0,1,0,0,0,0,2.426,-12.872,-13.01,0.9581,0.9983,78.51
shard2_out_157,1,4,1,8,2,7,5,18,4.526,4.001,1,4.228,7.458,0.5,0.0,0.5,19,4,84,1,0,0,0,1,0,0,0,0,1.639,-12.813,-13.111,0.9695,0.9988,78.2
shard2_out_158,2,6,3,13,3,10,7,24,4.679,4.1,1,5.875,13.478,0.3636,0.5455,0.0909,59,12,165,4,1,1,0,1,0,1,0,0,2.743,-12.85,-14.408,0.9753,0.9984,81.76
shard2_out_159,2,6,3,13,3,10,7,24,5.404,4.119,1,5.114,7.206,0.7273,0.0,0.2727,27,8,126,2,0,0,0,1,0,1,0,0,2.324,-13.262,-14.301,0.9737,0.9983,81.53
shard2_out_16,1,5,3,11,2,8,6,21,4.695,4.244,1,5.934,12.61,0.4444,0.3333,0.2222,31,7,134,1,1,0,0,0,0,0,0,0,3.793,-13.26,-14.454,0.9611,0.998,79.98
shard2_out_160,1,5,1,9,2,8,6,21,5.044,4.103,1,4.647,10.42,0.5714,0.2857,0.1429,31,6,110,2,0,0,0,1,0,1,0,0,1.875,-12.865,-13.413,0.9871,0.9994,79.32
shard2_out_161,3,4,1,10,4,9,5,18,4.725,4.128,1,4.799,8.345,0.125,0.5,0.375,8,4,109,1,0,0,0,1,0,0,0,0,1.277,-12.093,-13.656,0.9665,0.9984,80.04
shard2_out_162,2,4,3,11,3,8,5,18,3.597,4.009,1,5.561,7.454,0.2222,0.5556,0.2222,10,4,115,0,0,0,0,0,0,0,0,0,1.544,-12.273,-13.755,0.9522,0.9972,80.12
shard2_out_163,1,4,1,8,2,7,5,18,5.106,4.109,1,4.402,8.429,0.5,0.5,0.0,8,3,86,1,0,0,0,1,0,0,0,0,1.214,-11.665,-12.842,0.9765,0.9991,78.55
shard2_out_164,2,4,1,9,3,8,5,18,4.863,4.19,1,4.832,11.151,0.1429,0.4286,0.4286,24,4,99,1,0,0,0,1,0,0,0,0,1.738,-12.757,-12.733,0.9689,0.9987,78.72
shard2_out_165,2,4,1,9,3,8,5,18,4.844,4.231,1,4.458,5.515,0.4286,0.4286,0.1429,5,3,101,0,0,0,0,0,0,0,0,0,0.809,-10.616,-13.565,0.9756,0.999,78.89
shard2_out_166,1,5,1,9,2,8,6,21,5.409,3.872,1,4.81,11.475,0.5714,0.2857,0.1429,37,7,103,1,0,0,0,0,0,0,0,1,1.37,-11.383,-12.894,0.9808,0.9991,79.15
shard2_out_167,2,5,2,11,3,9,6,21,4.635,4.193,1,5.091,10.422,0.1111,0.6667,0.2222,45,9,142,3,1,0,0,1,0,1,0,0,2.548,-13.244,-14.058,0.9751,0.9987,80.1
shard2_out_168,2,6,3,13,3,10,7,24,5.397,4.083,1,6.278,11.71,0.2727,0.4545,0.2727,39,10,142,3,1,0,0,1,0,1,0,0,1.547,-12.236,-14.75,0.9635,0.9977,81.72
shard2_out_169,1,5,2,10,2,8,6,21,5.079,4.236,1,4.693,8.903,0.625,0.25,0.125,17,6,90,1,0,0,0,0,0,1,0,0,1.831,-12.517,-15.133,0.9677,0.9983,80.19
shard2_out_17,3,6,1,12,4,11,7,24,5.339,4.095,1,5.418,8.173,0.3,0.6,0.1,31,7,133,1,0,0,0,1,0,0,0,0,0.648,-11.623,-12.601,0.975,0.9986,80.61
shard2_out_170,2,4,3,11,3,8,5,18,4.052,4.008,1,5.351,7.77,0.2222,0.4444,0.3333,12,6,113,1,0,0,1,0,0,0,0,0,1.843,-12.778,-14.629,0.9599,0.9977,80.19
shard2_out_171,3,4,1,10,4,9,5,18,5.517,4.149,1,5.03,7.303,0.125,0.75,0.125,18,5,116,1,0,0,0,1,0,0,0,0,1.403,-12.736,-13.185,0.9736,0.9986,79.92
shard2_out_172,1,6,1,10,2,9,7,24,5.079,4.145,1,4.544,8.424,0.875,0.125,0.0,20,5,96,2,0,0,0,1,0,1,0,0,1.52,-12.911,-13.292,0.9776,0.9989,80.0
shard2_out_173,1,4,3,10,2,7,5,18,4.596,4.061,1,4.71,7.587,0.5,0.125,0.375,21,5,96,1,0,0,0,1,0,0,0,0,2.579,-13.904,-14.322,0.9598,0.9979,79.8
shard2_out_174,3,4,2,11,4,9,5,18,4.507,3.99,1,5.273,10.166,0.1111,0.3333,0.5556,5,3,120,0,0,0,0,0,0,0,0,0,2.2,-12.558,-14.073,0.9672,0.9982,80.49
shard2_out_175,3,5,1,11,4,10,6,21,4.861,4.337,1,4.81,7.052,0.4444,0.3333,0.2222,29,8,119,2,0,0,0,1,0,0,1,0,1.59,-12.405,-14.625,0.9648,0.9981,80.56
shard2_out_176,3,6,3,14,4,11,7,24,5.664,4.193,1,5.983,10.591,0.5,0.4167,0.0833,25,6,145,1,0,0,1,0,0,0,0,0,2.373,-13.259,-14.484,0.9553,0.9967,81.63
shard2_out_177,1,5,3,11,2,8,6,21,4.893,4.354,1,5.388,9.684,0.5556,0.1111,0.3333,21,6,138,1,0,0,0,1,0,0,0,0,1.966,-11.893,-13.275,0.9747,0.9987,80.08
shard2_out_178,1,6,1,10,2,9,7,24,4.39,4.424,1,4.72,6.293,0.5,0.5,0.0,4,3,113,0,0,0,0,0,0,0,0,0,0.562,-10.952,-13.069,0.9684,0.9984,80.1
shard2_out_179,2,6,2,12,3,10,7,24,5.319,4.24,1,5.433,8.669,0.5,0.3,0.2,43,8,130,2,0,0,0,1,0,1,0,0,1.965,-12.556,-13.881,0.9606,0.9975,80.52
shard2_out_18,3,4,1,10,4,9,5,18,4.336,4.101,1,4.691,5.882,0.0,0.625,0.375,17,6,112,1,0,0,0,1,0,0,0,0,1.861,-12.985,-14.071,0.9692,0.9985,80.04
shard2_out_180,3,5,2,12,4,10,6,21,4.503,4.031,1,5.49,15.621,0.8,0.2,0.0,11,3,127,0,0,0,0,0,0,0,0,0,2.821,-13.304,-13.618,0.9704,0.9983,80.52
shard2_out_181,1,5,1,9,2,8,6,21,4.784,4.15,1,4.719,6.218,0.0,0.5714,0.4286,20,5,105,0,0,0,0,0,0,0,0,0,2.353,-13.159,-12.429,0.9705,0.9988,78.91
shard2_out_182,2,6,2,12,3,10,7,24,4.936,3.935,1,5.343,14.224,0.6,0.2,0.2,19,6,138,1,0,0,0,1,0,0,0,0,2.12,-12.656,-13.618,0.9574,0.9974,80.46
shard2_out_183,2,5,3,12,3,9,6,21,4.975,4.054,1,5.716,14.887,0.4,0.3,0.3,50,13,144,3,1,0,0,1,0,1,0,0,3.424,-13.12,-15.234,0.972,0.9983,80.39
shard2_out_184,3,5,2,12,4,10,6,21,3.904,4.33,1,5.586,6.41,0.2,0.6,0.2,25,7,147,1,0,1,0,0,0,0,0,0,3.499,-12.197,-13.895,0.9733,0.9983,80.26
shard2_out_185,1,5,2,10,2,8,6,21,4.805,4.224,1,4.724,9.071,0.5,0.375,0.125,27,4,101,1,0,0,0,1,0,0,0,0,2.381,-13.602,-14.282,0.9691,0.9984,79.78
shard2_out_186,3,6,3,14,4,11,7,24,4.547,4.18,1,6.156,11.301,0.0833,0.5,0.4167,32,11,160,4,0,0,1,1,0,1,1,0,2.624,-12.367,-14.165,0.9571,0.9971,81.78
shard2_out_187,3,4,1,10,4,9,5,18,4.463,4.119,1,4.85,11.6,0.5,0.25,0.25,28,7,117,3,0,0,0,1,0,1,1,0,1.691,-12.933,-14.211,0.9726,0.9987,80.06
shard2_out_188,1,6,1,10,2,9,7,24,4.854,4.106,1,4.506,7.996,0.25,0.25,0.5,23,8,101,3,0,0,0,1,0,1,1,0,0.761,-12.262,-15.03,0.9587,0.9979,79.94
shard2_out_189,2,4,3,11,3,8,5,18,4.745,4.047,1,5.988,13.812,0.0,0.6667,0.3333,38,10,157,4,1,1,0,1,0,1,0,0,3.319,-12.257,-13.785,0.9589,0.9978,80.02
shard2_out_19,1,4,3,10,2,7,5,18,4.641,4.183,1,5.953,12.253,0.25,0.625,0.125,22,8,124,1,1,0,0,0,0,0,0,0,3.391,-13.068,-14.722,0.9485,0.9974,79.75
shard2_out_190,1,4,1,8,2,7,5,18,4.761,4.155,1,4.396,11.057,0.3333,0.1667,0.5,27,4,75,1,0,0,0,1,0,0,0,0,2.419,-13.564,-13.733,0.9631,0.9985,78.42
shard2_out_191,1,5,3,11,2,8,6,21,4.481,3.996,1,6.266,11.016,0.0,0.6667,0.3333,18,6,126,2,1,0,0,1,0,0,0,0,2.076,-12.078,-13.652,0.9481,0.9971,80.09
shard2_out_192,2,6,2,12,3,10,7,24,5.075,4.315,1,4.795,5.544,0.7,0.1,0.2,19,5,108,1,0,0,0,1,0,0,0,0,2.33,-13.284,-14.403,0.9706,0.9982,80.55
shard2_out_193,2,4,2,10,3,8,5,18,5.326,4.052,1,5.26,7.099,0.0,0.75,0.25,8,4,113,1,1,0,0,0,0,0,0,0,2.092,-12.236,-13.494,0.9703,0.9984,80.05
shard2_out_194,1,4,3,10,2,7,5,18,4.925,3.864,1,5.225,13.032,0.5,0.125,0.375,33,8,120,2,0,0,0,1,0,0,0,1,2.756,-12.4,-14.425,0.9669,0.9984,80.24
shard2_out_195,2,6,1,11,3,10,7,24,4.507,4.196,1,4.763,8.693,0.5556,0.3333,0.1111,46,8,126,3,0,0,0,1,0,1,1,0,1.699,-12.784,-13.966,0.9643,0.998,80.02
shard2_out_196,2,4,3,11,3,8,5,18,4.064,3.99,1,5.251,6.897,0.2222,0.5556,0.2222,7,3,125,0,0,0,0,0,0,0,0,0,1.373,-12.684,-14.149,0.9588,0.9977,80.34
shard2_out_197,2,4,3,11,3,8,5,18,4.563,4.015,1,5.826,16.523,0.3333,0.2222,0.4444,35,7,122,1,0,0,0,1,0,0,0,0,3.25,-13.329,-14.984,0.9351,0.9964,80.35
shard2_out_198,2,4,1,9,3,8,5,18,4.391,3.878,1,4.663,5.724,0.1429,0.7143,0.1429,5,3,98,0,0,0,0,0,0,0,0,0,1.629,-12.133,-13.072,0.953,0.9979,79.11
shard2_out_199,2,5,3,12,3,9,6,21,4.38,4.197,1,5.92,11.132,0.1,0.7,0.2,34,8,140,2,1,0,1,0,0,0,0,0,3.112,-13.132,-13.932,0.9477,0.9969,80.47
shard2_out_2,2,6,1,11,3,10,7,24,4.905,4.311,1,4.954,8.086,0.3333,0.3333,0.3333,29,8,130,1,0,0,1,0,0,0,0,0,1.086,-12.734,-13.81,0.9545,0.9976,80.12
shard2_out_20,2,4,2,10,3,8,5,18,5.203,4.189,1,5.017,6.759,0.375,0.5,0.125,7,3,95,1,0,0,0,0,0,1,0,0,1.436,-12.064,-13.578,0.971,0.9985,79.89
shard2_out_200,3,4,1,10,4,9,5,18,4.725,4.125,1,4.518,5.774,0.125,0.75,0.125,6,3,86,0,0,0,0,0,0,0,0,0,1.425,-12.562,-14.557,0.9657,0.9981,80.18
shard2_out_201,1,4,1,8,2,7,5,18,4.509,4.13,1,4.254,9.017,0.1667,0.5,0.3333,29,4,80,1,0,0,0,1,0,0,0,0,2.691,-13.777,-13.861,0.9655,0.9986,78.52
shard2_out_202,3,4,2,11,4,9,5,18,5.312,4.034,1,5.244,7.413,0.2222,0.5556,0.2222,23,7,122,2,1,0,0,1,0,0,0,0,1.879,-12.783,-13.74,0.9608,0.9977,79.8
shard2_out_203,2,5,1,10,3,9,6,21,4.72,4.154,1,4.578,7.165,0.5,0.25,0.25,14,4,106,1,0,0,0,0,0,1,0,0,2.167,-13.119,-13.404,0.9663,0.9983,79.88
shard2_out_204,2,4,3,11,3,8,5,18,4.439,4.029,1,5.829,7.539,0.2222,0.4444,0.3333,20,7,133,1,1,0,0,0,0,0,0,0,3.136,-12.866,-14.184,0.9652,0.998,79.95
shard2_out_205,3,6,1,12,4,11,7,24,4.853,4.111,1,5.158,12.612,0.6,0.1,0.3,18,6,127,1,0,0,0,1,0,0,0,0,1.27,-12.245,-13.307,0.953,0.997,80.44
shard2_out_206,3,5,2,12,4,10,6,21,4.97,4.201,1,5.722,17.584,0.4,0.3,0.3,33,8,159,3,1,0,0,1,1,0,0,0,1.549,-13.079,-13.507,0.9602,0.9976,80.36
shard2_out_207,3,6,3,14,4,11,7,24,4.531,4.108,1,6.305,13.975,0.0833,0.5833,0.3333,78,16,192,5,1,1,0,1,0,1,1,0,2.575,-12.814,-14.217,0.9563,0.9971,81.66
shard2_out_208,2,4,3,11,3,8,5,18,3.619,3.759,1,5.73,6.807,0.2222,0.6667,0.1111,35,8,127,1,0,0,0,0,0,0,0,1,3.005,-11.736,-15.039,0.9643,0.9979,79.84
shard2_out_209,1,4,1,8,2,7,5,18,5.664,4.148,1,4.594,13.166,0.3333,0.1667,0.5,16,4,71,1,0,0,0,1,0,0,0,0,1.695,-12.502,-13.572,0.9668,0.9987,78.33
shard2_out_21,1,6,1,10,2,9,7,24,5.063,4.065,1,4.912,10.331,0.125,0.625,0.25,24,7,107,1,0,0,0,1,0,0,0,0,0.378,-12.806,-15.115,0.9584,0.9979,79.94
shard2_out_210,3,4,1,10,4,9,5,18,4.554,4.148,1,4.479,5.248,0.375,0.375,0.25,5,5,86,1,0,0,0,0,0,1,0,0,1.149,-11.779,-14.605,0.9629,0.9981,80.04
shard2_out_211,2,4,3,11,3,8,5,18,4.718,4.069,1,5.593,6.591,0.2222,0.4444,0.3333,9,4,113,0,0,0,0,0,0,0,0,0,1.767,-12.223,-13.958,0.9596,0.9975,80.11
shard2_out_212,3,5,1,11,4,10,6,21,4.809,4.209,1,5.099,13.168,0.5556,0.3333,0.1111,43,7,137,1,0,0,0,1,0,0,0,0,1.105,-13.098,-13.765,0.973,0.9985,80.03
shard2_out_213,1,5,1,9,2,8,6,21,6.115,4.075,1,4.978,12.759,0.5714,0.1429,0.2857,6,2,100,0,0,0,0,0,0,0,0,0,1.77,-11.197,-14.068,0.9631,0.9983,78.73
shard2_out_214,3,6,3,14,4,11,7,24,5.351,4.109,1,5.652,4.51,0.4167,0.3333,0.25,9,6,138,1,0,0,1,0,0,0,0,0,2.65,-12.966,-14.27,0.9593,0.997,81.8
shard2_out_215,2,4,1,9,3,8,5,18,4.715,4.2,1,4.304,6.443,0.1429,0.2857,0.5714,11,5,96,1,0,0,0,0,0,1,0,0,1.105,-11.788,-13.796,0.977,0.999,78.83
shard2_out_216,2,5,3,12,3,9,6,21,4.616,4.247,1,5.704,13.727,0.4,0.5,0.1,30,12,149,2,1,0,0,1,0,0,0,0,3.405,-13.141,-14.502,0.9741,0.9985,80.66
shard2_out_217,1,5,3,11,2,8,6,21,5.237,4.546,1,6.142,11.765,0.1111,0.4444,0.4444,28,5,144,1,1,0,0,0,0,0,0,0,2.263,-11.56,-14.077,0.9739,0.9986,79.91
shard2_out_218,2,6,1,11,3,10,7,24,4.514,4.498,1,4.714,5.146,0.3333,0.4444,0.2222,52,8,97,2,0,0,0,1,0,0,0,1,2.135,-12.809,-15.701,0.9672,0.998,79.98
shard2_out_219,1,6,3,12,2,9,7,24,5.338,4.581,1,5.457,10.539,0.4,0.2,0.4,39,6,136,2,1,0,0,1,0,0,0,0,2.634,-12.824,-14.169,0.9761,0.9986,80.85
shard2_out_22,1,6,2,11,2,9,7,24,6.117,3.916,1,5.729,14.875,0.3333,0.3333,0.3333,56,9,109,2,0,0,0,1,0,0,0,1,2.584,-12.656,-13.63,0.9736,0.9985,80.04
shard2_out_220,1,5,3,11,2,8,6,21,5.372,4.281,1,6.386,13.886,0.2222,0.6667,0.1111,21,7,130,1,1,0,0,0,0,0,0,0,2.436,-11.392,-13.952,0.9619,0.998,80.01
shard2_out_221,3,5,3,13,4,10,6,21,4.579,4.1,1,5.983,10.758,0.3636,0.2727,0.3636,22,7,141,2,1,0,1,0,0,0,0,0,2.646,-12.822,-14.313,0.9562,0.9972,81.53
shard2_out_222,1,4,3,10,2,7,5,18,4.704,4.106,1,5.965,17.292,0.25,0.375,0.375,33,10,106,2,1,0,0,1,0,0,0,0,3.585,-12.445,-14.657,0.9622,0.9982,80.26
shard2_out_223,3,4,2,11,4,9,5,18,4.548,4.085,1,5.022,8.952,0.4444,0.2222,0.3333,20,5,111,1,0,0,0,1,0,0,0,0,2.249,-13.521,-14.379,0.9521,0.9972,80.1
shard2_out_224,1,6,3,12,2,9,7,24,5.291,4.19,1,6.593,13.748,0.1,0.6,0.3,17,7,156,1,1,0,0,0,0,0,0,0,2.2,-11.39,-13.619,0.9731,0.9986,80.91
shard2_out_225,2,6,3,13,3,10,7,24,5.112,4.022,1,6.06,10.656,0.3636,0.4545,0.1818,44,8,133,2,1,0,0,1,0,0,0,0,2.954,-12.613,-14.92,0.9767,0.9985,81.63
shard2_out_226,2,6,1,11,3,10,7,24,4.989,4.222,1,4.699,5.042,0.6667,0.3333,0.0,28,6,114,1,0,0,0,1,0,0,0,0,1.434,-12.587,-13.597,0.9815,0.9989,80.25
shard2_out_227,3,6,3,14,4,11,7,24,5.255,3.939,1,6.005,12.437,0.3333,0.5,0.1667,35,9,164,2,0,0,1,1,0,0,0,0,1.665,-13.063,-13.827,0.945,0.9961,81.87
shard2_out_228,1,4,3,10,2,7,5,18,4.84,4.137,1,6.092,13.078,0.375,0.25,0.375,19,7,106,1,1,0,0,0,0,0,0,0,2.92,-12.514,-14.88,0.9639,0.9983,79.9
shard2_out_229,2,6,1,11,3,10,7,24,4.967,3.799,1,4.776,7.0,0.6667,0.2222,0.1111,23,8,134,2,0,0,0,1,0,1,0,0,1.186,-11.776,-12.885,0.9785,0.9989,79.91
shard2_out_23,3,5,3,13,4,10,6,21,4.793,4.267,1,5.714,9.366,0.4545,0.3636,0.1818,13,5,134,2,1,0,0,0,0,1,0,0,2.288,-12.509,-15.018,0.9502,0.9966,81.39
shard2_out_230,1,4,3,10,2,7,5,18,4.728,4.051,1,4.826,10.305,0.75,0.125,0.125,21,4,88,1,0,0,0,1,0,0,0,0,2.484,-13.884,-14.585,0.9758,0.9988,79.88
shard2_out_231,3,4,1,10,4,9,5,18,4.714,4.232,1,4.814,11.717,0.5,0.375,0.125,33,6,119,1,0,0,0,1,0,0,0,0,2.032,-12.654,-13.466,0.966,0.9983,79.91
shard2_out_232,2,5,2,11,3,9,6,21,5.63,4.375,1,5.53,9.166,0.3333,0.5556,0.1111,8,3,137,0,0,0,0,0,0,0,0,0,2.036,-12.001,-13.062,0.9806,0.9989,80.26
shard2_out_233,1,4,3,10,2,7,5,18,4.918,4.417,1,5.683,11.687,0.125,0.5,0.375,27,9,120,1,1,0,0,0,0,0,0,0,2.913,-12.147,-15.125,0.978,0.9989,80.49
shard2_out_234,3,4,2,11,4,9,5,18,4.974,4.353,1,5.127,8.799,0.3333,0.5556,0.1111,5,3,119,1,0,0,0,0,0,1,0,0,1.499,-11.718,-14.797,0.9741,0.9986,80.76
shard2_out_235,1,5,3,11,2,8,6,21,4.208,4.144,1,5.922,12.025,0.3333,0.4444,0.2222,27,10,141,4,1,0,1,1,0,1,0,0,2.789,-11.923,-14.096,0.9668,0.9983,80.21
shard2_out_236,3,6,1,12,4,11,7,24,5.345,4.074,1,5.364,7.051,0.2,0.7,0.1,21,7,142,2,0,0,0,1,0,1,0,0,0.724,-11.745,-13.314,0.976,0.9986,80.5
shard2_out_237,3,4,3,12,4,9,5,18,4.349,4.35,1,5.804,18.051,0.4,0.3,0.3,33,8,138,3,1,0,0,1,0,1,0,0,2.277,-12.562,-14.084,0.9636,0.9978,80.84
shard2_out_238,2,6,2,12,3,10,7,24,4.695,3.821,1,5.708,6.792,0.3,0.7,0.0,34,7,141,0,0,0,0,0,0,0,0,0,1.323,-12.215,-12.897,0.96,0.9975,80.72
shard2_out_239,1,6,1,10,2,9,7,24,5.211,4.203,1,4.985,7.833,0.375,0.5,0.125,6,5,126,0,0,0,0,0,0,0,0,0,0.864,-10.865,-12.656,0.9863,0.9993,80.13
shard2_out_24,3,5,3,13,4,10,6,21,4.49,4.119,1,5.835,14.854,0.2727,0.5455,0.1818,42,12,156,4,1,1,1,1,0,0,0,0,2.753,-12.825,-14.319,0.9653,0.9977,81.39
shard2_out_240,1,4,1,8,2,7,5,18,4.96,4.209,1,4.468,12.289,0.5,0.3333,0.1667,18,5,73,1,0,0,0,1,0,0,0,0,1.693,-12.735,-14.096,0.9799,0.9991,78.41
shard2_out_241,3,5,3,13,4,10,6,21,4.684,4.369,1,6.128,16.564,0.4545,0.3636,0.1818,44,14,163,4,1,0,0,1,0,1,1,0,2.694,-13.087,-15.135,0.9738,0.9984,81.67
shard2_out_242,1,5,3,11,2,8,6,21,5.473,4.143,1,6.156,17.792,0.4444,0.3333,0.2222,65,11,113,3,1,0,0,1,0,0,0,1,2.576,-12.375,-14.452,0.9616,0.9979,80.0
shard2_out_243,3,5,1,11,4,10,6,21,5.025,4.122,1,4.807,6.17,0.2222,0.5556,0.2222,12,5,111,1,0,0,0,0,0,1,0,0,1.305,-12.551,-13.626,0.9723,0.9984,80.18
shard2_out_244,1,6,1,10,2,9,7,24,5.362,4.014,1,4.7,7.637,0.375,0.0,0.625,27,6,111,2,0,0,0,1,0,1,0,0,1.879,-12.896,-13.265,0.9569,0.9979,80.13
shard2_out_245,2,5,2,11,3,9,6,21,4.494,4.244,1,5.09,14.323,0.4444,0.4444,0.1111,25,5,125,1,0,0,0,1,0,0,0,0,2.582,-13.131,-14.585,0.971,0.9984,80.12
shard2_out_246,1,5,2,10,2,8,6,21,5.496,4.146,1,5.319,14.264,0.5,0.375,0.125,35,9,101,3,1,0,0,1,0,0,0,1,2.164,-12.342,-13.937,0.9695,0.9985,80.29
shard2_out_247,3,6,1,12,4,11,7,24,4.561,4.062,1,5.416,5.685,0.3,0.5,0.2,19,8,132,1,0,0,0,1,0,0,0,0,1.287,-12.172,-14.44,0.9692,0.9981,80.65
shard2_out_248,2,4,1,9,3,8,5,18,5.224,4.047,1,4.512,8.828,0.1429,0.5714,0.2857,4,2,97,0,0,0,0,0,0,0,0,0,1.074,-10.986,-13.128,0.9851,0.9992,78.95
shard2_out_249,2,4,2,10,3,8,5,18,4.783,4.066,1,5.214,10.989,0.125,0.625,0.25,11,6,135,1,0,0,0,0,0,1,0,0,2.312,-11.899,-13.357,0.9659,0.9984,79.78
shard2_out_25,2,5,2,11,3,9,6,21,5.252,4.176,1,5.147,8.054,0.5556,0.2222,0.2222,17,5,130,1,0,0,0,1,0,0,0,0,2.196,-12.108,-13.969,0.9736,0.9986,79.89
shard2_out_250,2,6,2,12,3,10,7,24,4.683,4.025,1,5.724,7.899,0.1,0.7,0.2,24,5,145,0,0,0,0,0,0,0,0,0,2.003,-12.159,-12.694,0.9723,0.9983,80.72
shard2_out_251,2,4,1,9,3,8,5,18,4.597,4.081,1,4.584,9.488,0.1429,0.4286,0.4286,12,6,124,2,0,0,0,1,0,1,0,0,1.41,-12.089,-12.58,0.9689,0.9986,78.72
shard2_out_252,3,6,3,14,4,11,7,24,5.437,4.217,1,6.199,8.682,0.1667,0.4167,0.4167,49,10,175,2,1,0,0,1,0,0,0,0,1.845,-12.88,-13.541,0.9693,0.998,81.63
shard2_out_253,1,5,1,9,2,8,6,21,5.687,4.217,1,4.882,11.985,0.5714,0.2857,0.1429,55,8,88,2,0,0,0,1,0,0,0,1,1.501,-11.575,-13.149,0.9755,0.9989,78.79
shard2_out_254,1,6,2,11,2,9,7,24,4.272,4.149,1,5.127,8.317,0.2222,0.3333,0.4444,22,6,147,1,0,0,1,0,0,0,0,0,2.654,-12.56,-12.874,0.9706,0.9985,79.98
shard2_out_255,2,4,1,9,3,8,5,18,5.024,4.267,1,4.415,4.754,0.2857,0.2857,0.4286,17,5,91,2,0,0,0,1,0,1,0,0,1.679,-12.433,-13.275,0.9708,0.9987,78.62
shard2_out_256,2,5,2,11,3,9,6,21,4.524,4.148,1,4.966,9.015,0.4444,0.4444,0.1111,17,5,136,1,0,0,0,1,0,0,0,0,2.604,-12.891,-13.791,0.9704,0.9984,80.1
shard2_out_257,2,5,2,11,3,9,6,21,4.431,4.178,1,4.937,9.673,0.4444,0.4444,0.1111,28,7,123,3,1,0,0,1,0,1,0,0,2.424,-13.065,-14.667,0.9801,0.9989,79.97
shard2_out_258,2,6,2,12,3,10,7,24,4.675,4.032,1,5.765,9.002,0.3,0.6,0.1,24,5,150,0,0,0,0,0,0,0,0,0,1.741,-11.941,-12.602,0.9619,0.9977,80.5
shard2_out_259,1,6,3,12,2,9,7,24,4.786,3.975,1,6.429,9.426,0.2,0.5,0.3,14,7,146,1,1,0,0,0,0,0,0,0,2.285,-12.389,-13.76,0.9566,0.9975,80.51
shard2_out_26,3,6,3,14,4,11,7,24,5.511,4.16,1,5.338,10.52,0.8333,0.1667,0.0,29,7,138,2,0,0,0,1,0,1,0,0,1.949,-12.677,-14.743,0.9692,0.9978,81.56
shard2_out_260,2,4,1,9,3,8,5,18,4.83,4.171,1,4.341,5.062,0.2857,0.4286,0.2857,8,5,86,2,0,0,0,1,0,1,0,0,1.104,-11.84,-14.065,0.9744,0.9988,78.83
shard2_out_261,3,5,2,12,4,10,6,21,4.978,4.168,1,5.724,17.213,0.4,0.3,0.3,27,10,154,2,0,0,0,1,1,0,0,0,1.984,-12.878,-14.096,0.9772,0.9987,80.72
shard2_out_262,2,6,2,12,3,10,7,24,5.29,4.33,1,5.202,8.471,0.4,0.3,0.3,24,8,124,2,0,0,0,1,0,1,0,0,2.278,-12.862,-14.64,0.9727,0.9983,80.84
shard2_out_263,1,4,1,8,2,7,5,18,4.797,3.987,1,4.388,7.935,0.1667,0.6667,0.1667,3,3,86,0,0,0,0,0,0,0,0,0,0.859,-11.895,-13.24,0.9811,0.9992,78.22
shard2_out_264,3,6,2,13,4,11,7,24,5.144,4.16,1,5.838,6.458,0.0909,0.6364,0.2727,22,9,145,3,1,0,0,1,0,1,0,0,1.505,-12.349,-13.577,0.9647,0.9976,81.57
shard2_out_265,1,4,2,9,2,7,5,18,4.908,4.237,1,5.165,10.964,0.4286,0.5714,0.0,6,4,114,1,0,0,0,0,0,1,0,0,1.539,-11.551,-13.513,0.972,0.9988,78.91
shard2_out_266,1,4,3,10,2,7,5,18,4.686,4.139,1,5.854,12.247,0.0,0.375,0.625,10,7,121,1,1,0,0,0,0,0,0,0,3.412,-12.93,-13.922,0.958,0.998,80.31
shard2_out_267,1,6,1,10,2,9,7,24,5.417,4.057,1,4.593,7.9,0.25,0.25,0.5,38,6,110,2,0,0,1,1,0,0,0,0,2.075,-13.228,-13.082,0.9503,0.9976,80.16
shard2_out_268,3,5,2,12,4,10,6,21,5.399,4.136,1,5.667,7.9,0.2,0.7,0.1,34,8,146,2,1,0,0,1,0,0,0,0,2.166,-12.15,-13.532,0.9748,0.9985,80.78
shard2_out_269,1,6,2,11,2,9,7,24,5.849,4.04,1,5.482,14.687,0.4444,0.2222,0.3333,68,7,114,2,0,0,0,1,0,0,0,1,2.13,-13.07,-13.492,0.9649,0.9981,80.55
shard2_out_27,1,5,1,9,2,8,6,21,4.375,4.148,1,4.384,6.519,0.5714,0.2857,0.1429,22,8,114,2,0,0,0,1,0,1,0,0,2.094,-13.177,-13.053,0.9829,0.9992,78.56
shard2_out_270,3,4,3,12,4,9,5,18,4.327,4.029,1,5.645,5.174,0.1,0.6,0.3,29,7,143,2,0,0,1,0,0,0,1,0,0.925,-12.682,-14.097,0.9465,0.9966,80.82
shard2_out_271,3,4,3,12,4,9,5,18,3.875,3.813,1,5.859,11.612,0.2,0.8,0.0,9,6,126,1,1,0,0,0,0,0,0,0,2.174,-12.179,-14.753,0.9403,0.9962,80.47
shard2_out_272,2,5,2,11,3,9,6,21,4.827,4.117,1,5.4,14.818,0.3333,0.4444,0.2222,34,7,159,2,1,0,0,1,0,0,0,0,2.522,-13.01,-13.176,0.9635,0.9981,80.12
shard2_out_273,1,5,1,9,2,8,6,21,4.632,3.946,1,4.586,7.786,0.4286,0.4286,0.1429,29,6,112,2,0,0,0,1,0,1,0,0,2.448,-13.317,-13.158,0.9778,0.9991,78.74
shard2_out_274,1,6,1,10,2,9,7,24,5.041,4.281,1,4.624,6.927,0.5,0.375,0.125,22,8,117,2,0,0,0,1,0,1,0,0,1.471,-12.706,-13.309,0.9779,0.9989,79.82
shard2_out_275,1,4,2,9,2,7,5,18,4.998,4.314,1,5.017,14.529,0.4286,0.4286,0.1429,27,7,96,2,1,0,0,1,0,0,0,0,2.209,-12.726,-14.595,0.9619,0.9982,78.9
shard2_out_276,2,5,3,12,3,9,6,21,4.22,3.988,1,6.271,8.357,0.0,0.8,0.2,23,6,127,1,1,0,0,0,0,0,0,0,2.671,-12.046,-13.544,0.9586,0.9975,80.65
shard2_out_277,2,4,1,9,3,8,5,18,4.399,4.111,1,4.567,11.368,0.4286,0.2857,0.2857,18,3,85,1,0,0,0,1,0,0,0,0,2.089,-12.763,-13.648,0.9738,0.9988,78.92
shard2_out_278,1,5,3,11,2,8,6,21,4.86,4.311,1,5.632,10.986,0.6667,0.2222,0.1111,6,3,140,0,0,0,0,0,0,0,0,0,1.854,-11.919,-13.494,0.9725,0.9986,79.93
shard2_out_279,2,6,3,13,3,10,7,24,5.212,4.102,1,6.113,11.74,0.3636,0.2727,0.3636,30,10,133,2,1,0,0,1,0,0,0,0,2.681,-12.926,-14.428,0.9674,0.998,81.63
shard2_out_28,1,4,1,8,2,7,5,18,4.464,4.327,1,4.04,8.753,0.5,0.1667,0.3333,16,3,74,1,0,0,0,1,0,0,0,0,2.566,-13.781,-14.206,0.9708,0.9987,78.25
shard2_out_280,1,6,1,10,2,9,7,24,4.873,4.12,1,4.643,8.301,0.75,0.125,0.125,32,6,102,2,0,0,0,1,0,1,0,0,1.772,-13.245,-13.457,0.9769,0.9988,79.81
shard2_out_281,2,5,1,10,3,9,6,21,4.773,3.941,1,4.723,6.069,0.375,0.25,0.375,9,4,103,0,0,0,0,0,0,0,0,0,0.859,-12.277,-12.839,0.955,0.9977,80.0
shard2_out_282,2,6,2,12,3,10,7,24,4.651,4.066,1,5.053,8.531,0.4,0.2,0.4,16,6,129,1,0,0,0,1,0,0,0,0,2.954,-13.514,-14.711,0.9717,0.9982,80.52
shard2_out_283,2,4,3,11,3,8,5,18,5.335,4.15,1,5.967,9.64,0.1111,0.6667,0.2222,14,6,107,1,1,0,0,0,0,0,0,0,2.983,-12.871,-14.091,0.947,0.9969,80.0
shard2_out_284,1,4,1,8,2,7,5,18,4.452,4.017,1,4.385,6.289,0.1667,0.5,0.3333,16,4,91,1,0,0,0,1,0,0,0,0,1.756,-13.006,-12.945,0.9653,0.9987,79.23
shard2_out_285,2,4,2,10,3,8,5,18,5.034,4.091,1,5.142,9.786,0.375,0.5,0.125,7,5,126,1,1,0,0,0,0,0,0,0,1.962,-11.706,-13.715,0.9754,0.9988,79.91
shard2_out_286,1,5,1,9,2,8,6,21,4.963,4.217,1,4.396,8.686,0.4286,0.1429,0.4286,22,7,108,2,0,0,0,1,0,1,0,0,1.67,-12.905,-13.063,0.9597,0.9982,79.06
shard2_out_287,1,4,3,10,2,7,5,18,4.691,4.329,1,4.874,12.905,0.625,0.25,0.125,30,6,94,1,0,0,0,1,0,0,0,0,2.798,-13.371,-14.653,0.9677,0.9983,80.19
shard2_out_288,1,5,2,10,2,8,6,21,5.112,4.178,1,5.118,13.727,0.625,0.25,0.125,31,9,95,2,0,0,0,1,0,0,0,1,1.577,-11.806,-14.799,0.9729,0.9986,79.91
shard2_out_289,2,4,2,10,3,8,5,18,5.342,4.299,1,5.097,6.869,0.0,0.625,0.375,5,3,111,0,0,0,0,0,0,0,0,0,2.112,-12.41,-13.781,0.9762,0.9988,79.97
shard2_out_29,1,5,3,11,2,8,6,21,4.406,4.087,1,5.835,13.186,0.3333,0.4444,0.2222,38,9,143,3,1,0,0,1,0,1,0,0,3.097,-12.537,-14.278,0.9753,0.9987,79.97
shard2_out_290,1,4,3,10,2,7,5,18,4.9,4.271,1,5.957,13.336,0.375,0.5,0.125,33,9,132,2,1,1,0,0,0,0,0,0,2.896,-11.847,-14.268,0.9777,0.9989,80.49
shard2_out_291,3,6,3,14,4,11,7,24,4.608,4.255,1,6.178,18.403,0.4167,0.3333,0.25,49,9,154,2,1,0,0,1,0,0,0,0,2.646,-12.869,-14.194,0.9695,0.998,82.88
shard2_out_292,1,6,3,12,2,9,7,24,5.066,4.204,1,5.706,13.263,0.8,0.2,0.0,30,8,124,3,1,0,0,1,0,1,0,0,2.962,-13.437,-14.709,0.9642,0.9978,81.48
shard2_out_293,1,4,2,9,2,7,5,18,4.631,4.067,1,5.077,13.393,0.2857,0.4286,0.2857,31,7,123,2,0,0,0,1,0,1,0,0,2.637,-12.558,-13.414,0.9726,0.9989,78.7
shard2_out_294,3,5,2,12,4,10,6,21,4.678,4.172,1,5.333,7.955,0.2,0.6,0.2,14,6,137,2,0,0,0,1,0,1,0,0,1.278,-12.013,-14.422,0.9614,0.9976,80.51
shard2_out_295,2,6,2,12,3,10,7,24,5.427,4.186,1,5.281,7.015,0.4,0.5,0.1,11,5,138,1,0,0,0,1,0,0,0,0,1.835,-12.482,-13.678,0.9668,0.998,80.86
shard2_out_296,1,4,2,9,2,7,5,18,4.406,4.252,1,4.987,8.681,0.0,0.4286,0.5714,9,5,107,0,0,0,0,0,0,0,0,0,2.517,-12.453,-13.311,0.9666,0.9985,78.76
shard2_out_297,3,4,1,10,4,9,5,18,5.314,4.112,1,4.943,9.423,0.0,0.75,0.25,31,5,104,2,0,0,0,1,0,1,0,0,1.015,-12.055,-13.93,0.9873,0.9993,80.42
shard2_out_298,1,5,2,10,2,8,6,21,4.666,4.324,1,4.863,10.659,0.5,0.5,0.0,30,8,121,3,1,0,0,1,0,1,0,0,2.728,-13.395,-14.043,0.9655,0.9982,80.2
shard2_out_299,3,6,1,12,4,11,7,24,5.484,4.224,1,5.274,5.933,0.2,0.7,0.1,15,4,138,0,0,0,0,0,0,0,0,0,0.476,-12.117,-13.6,0.9697,0.9982,80.58
shard2_out_3,3,4,3,12,4,9,5,18,4.49,4.027,1,5.512,9.359,0.4,0.4,0.2,14,6,110,0,0,0,0,0,0,0,0,0,2.311,-12.91,-15.507,0.9443,0.9966,80.63
shard2_out_30,1,4,1,8,2,7,5,18,3.961,3.997,1,4.277,6.383,0.3333,0.5,0.1667,16,5,105,2,0,0,0,1,0,1,0,0,2.169,-12.948,-12.919,0.9742,0.999,78.31
shard2_out_300,1,6,3,12,2,9,7,24,4.469,4.158,1,5.229,10.512,0.4,0.3,0.3,35,8,110,1,0,0,0,1,0,0,0,0,3.402,-13.771,-15.693,0.9646,0.9977,81.23
shard2_out_301,1,4,3,10,2,7,5,18,4.813,4.114,1,5.895,16.95,0.25,0.375,0.375,44,12,105,3,1,0,0,1,0,0,0,1,3.521,-12.31,-14.698,0.9808,0.9991,80.63
shard2_out_302,2,6,2,12,3,10,7,24,5.425,4.185,1,5.706,8.944,0.1,0.6,0.3,18,7,162,1,1,0,0,0,0,0,0,0,1.04,-11.717,-13.391,0.9674,0.9981,80.79
shard2_out_303,1,5,2,10,2,8,6,21,4.688,4.103,1,4.984,11.847,0.5,0.375,0.125,27,8,135,2,0,0,0,1,0,1,0,0,2.569,-12.653,-13.51,0.9732,0.9987,80.48
shard2_out_304,3,6,1,12,4,11,7,24,5.797,4.452,1,5.244,7.875,0.1,0.6,0.3,24,8,142,2,0,0,1,1,0,0,0,0,1.034,-12.433,-13.54,0.9791,0.9988,80.54
shard2_out_305,3,6,3,14,4,11,7,24,4.452,3.858,1,5.971,9.984,0.3333,0.3333,0.3333,12,6,143,1,0,0,0,1,0,0,0,0,1.316,-12.405,-14.117,0.9617,0.9973,82.42
shard2_out_306,3,6,3,14,4,11,7,24,5.236,4.111,1,5.702,11.675,0.4167,0.1667,0.4167,22,7,145,3,1,0,0,1,0,1,0,0,1.928,-12.987,-14.605,0.96,0.9972,82.2
shard2_out_307,1,6,1,10,2,9,7,24,4.694,4.085,1,4.715,7.123,0.5,0.25,0.25,21,8,129,2,0,0,0,1,0,1,0,0,1.682,-12.811,-12.574,0.9763,0.9988,80.1
shard2_out_308,3,4,3,12,4,9,5,18,4.553,4.082,1,5.632,4.99,0.2,0.5,0.3,34,6,111,1,0,0,0,1,0,0,0,0,2.656,-12.549,-15.724,0.9525,0.997,80.44
shard2_out_309,1,4,3,10,2,7,5,18,3.911,3.982,1,5.859,8.795,0.125,0.875,0.0,30,8,115,1,1,0,0,0,0,0,0,0,2.99,-11.953,-14.602,0.9626,0.9981,79.9
shard2_out_31,2,6,2,12,3,10,7,24,5.141,4.032,1,5.094,7.493,0.7,0.0,0.3,27,6,124,2,0,0,0,1,0,1,0,0,1.931,-12.9,-13.963,0.9562,0.9973,80.34
shard2_out_310,2,5,2,11,3,9,6,21,4.823,4.139,1,5.077,14.44,0.5556,0.2222,0.2222,33,6,128,2,1,0,0,1,0,0,0,0,2.484,-13.592,-13.906,0.9694,0.9983,80.28
shard2_out_311,3,5,2,12,4,10,6,21,4.644,4.394,1,5.335,14.242,0.5,0.3,0.2,33,5,153,1,0,0,0,1,0,0,0,0,2.02,-12.769,-13.6,0.9776,0.9987,81.22
shard2_out_312,3,6,1,12,4,11,7,24,5.599,4.048,1,5.872,17.543,0.5,0.2,0.3,33,8,135,2,0,0,0,1,0,0,0,1,0.858,-11.433,-12.82,0.9481,0.9969,80.6
shard2_out_313,2,4,1,9,3,8,5,18,4.339,4.265,1,4.593,9.447,0.2857,0.4286,0.2857,23,6,111,1,0,0,0,0,0,1,0,0,2.175,-13.038,-13.423,0.9735,0.9989,78.87
shard2_out_314,2,5,3,12,3,9,6,21,4.451,4.154,1,6.042,10.948,0.1,0.5,0.4,41,11,131,3,1,0,0,1,0,1,0,0,2.206,-12.59,-13.742,0.9543,0.9973,80.6
shard2_out_315,3,4,3,12,4,9,5,18,4.731,4.087,1,5.904,9.741,0.1,0.7,0.2,26,8,125,2,1,0,0,1,0,0,0,0,2.431,-12.113,-14.793,0.9634,0.9978,80.51
shard2_out_316,3,5,1,11,4,10,6,21,5.17,4.251,1,4.583,5.203,0.3333,0.2222,0.4444,31,7,106,1,0,0,0,1,0,0,0,0,1.391,-12.577,-15.055,0.9723,0.9983,81.14
shard2_out_317,3,5,3,13,4,10,6,21,5.038,4.136,1,5.49,13.976,0.7273,0.1818,0.0909,32,6,148,1,0,0,0,1,0,0,0,0,1.893,-13.215,-14.315,0.9787,0.9986,81.76
shard2_out_318,1,6,1,10,2,9,7,24,4.449,4.205,1,4.578,6.852,0.375,0.25,0.375,23,5,96,1,0,0,0,1,0,0,0,0,1.064,-12.483,-13.598,0.9656,0.9983,80.14
shard2_out_319,2,5,1,10,3,9,6,21,4.358,4.065,1,4.649,6.052,0.375,0.5,0.125,22,6,122,2,0,0,0,1,0,1,0,0,1.449,-12.001,-12.809,0.9656,0.9983,80.02
shard2_out_32,3,4,2,11,4,9,5,18,5.04,4.242,1,5.304,8.13,0.2222,0.6667,0.1111,20,7,139,2,0,0,0,1,0,1,0,0,2.014,-11.879,-13.969,0.979,0.9989,80.0
shard2_out_320,1,4,3,10,2,7,5,18,5.592,3.794,1,5.929,15.063,0.375,0.5,0.125,46,13,126,4,1,1,0,1,0,0,0,1,3.492,-11.928,-14.592,0.9745,0.9988,80.3
shard2_out_321,2,6,2,12,3,10,7,24,6.361,4.74,1,5.807,18.704,0.5,0.2,0.3,29,6,116,2,1,0,0,1,0,0,0,0,1.591,-12.247,-14.359,0.9358,0.9958,81.04
shard2_out_322,3,5,2,12,4,10,6,21,5.222,4.22,1,5.521,12.392,0.4,0.4,0.2,29,7,141,2,0,0,0,1,0,0,1,0,1.404,-12.244,-14.338,0.9697,0.9982,80.45
shard2_out_323,3,4,1,10,4,9,5,18,4.372,4.101,1,4.584,5.139,0.125,0.375,0.5,25,5,92,1,0,0,0,1,0,0,0,0,1.339,-12.553,-14.371,0.9681,0.9984,79.85
shard2_out_324,3,5,3,13,4,10,6,21,4.837,3.962,1,6.78,22.002,0.4545,0.3636,0.1818,45,10,160,3,1,0,0,1,0,1,0,0,2.582,-12.314,-14.089,0.9445,0.9966,81.82
shard2_out_325,1,4,1,8,2,7,5,18,5.296,4.215,1,4.44,8.066,0.0,0.6667,0.3333,4,2,89,0,0,0,0,0,0,0,0,0,1.131,-11.777,-12.883,0.9796,0.9992,78.24
shard2_out_326,2,6,2,12,3,10,7,24,4.476,4.048,1,5.485,8.671,0.3,0.4,0.3,10,5,149,1,1,0,0,0,0,0,0,0,2.095,-11.873,-12.715,0.9699,0.9982,80.37
shard2_out_327,1,4,3,10,2,7,5,18,4.704,4.09,1,5.045,10.207,0.25,0.25,0.5,20,4,102,1,0,0,0,1,0,0,0,0,3.246,-14.284,-14.393,0.9443,0.9971,79.96
shard2_out_328,2,5,3,12,3,9,6,21,3.989,3.917,1,5.875,7.712,0.2,0.8,0.0,23,6,121,0,0,0,0,0,0,0,0,0,1.038,-11.877,-13.736,0.9573,0.9972,80.67
shard2_out_329,2,5,2,11,3,9,6,21,4.667,4.184,1,5.202,14.917,0.5556,0.3333,0.1111,33,6,144,1,0,0,0,1,0,0,0,0,2.07,-12.977,-13.8,0.9773,0.9988,80.5
shard2_out_33,1,5,2,10,2,8,6,21,4.947,3.962,1,5.032,14.387,0.5,0.375,0.125,22,6,104,1,0,0,0,1,0,0,0,0,2.533,-13.017,-13.826,0.9751,0.9988,80.43
shard2_out_330,1,6,2,11,2,9,7,24,5.618,4.287,1,5.077,9.653,0.6667,0.2222,0.1111,22,4,104,1,0,0,0,1,0,0,0,0,1.749,-12.277,-14.039,0.973,0.9985,79.84
shard2_out_331,3,4,1,10,4,9,5,18,5.552,4.32,1,4.649,7.496,0.25,0.5,0.25,24,5,108,1,0,0,0,1,0,0,0,0,1.361,-12.843,-13.337,0.971,0.9985,80.28
shard2_out_332,2,4,1,9,3,8,5,18,4.854,4.129,1,4.82,12.22,0.4286,0.2857,0.2857,21,4,105,1,0,0,0,1,0,0,0,0,1.939,-12.905,-13.112,0.9773,0.999,78.84
shard2_out_333,2,6,3,13,3,10,7,24,5.499,4.28,1,6.413,12.152,0.2727,0.6364,0.0909,39,9,156,1,1,0,0,0,0,0,0,0,1.577,-12.275,-14.607,0.9589,0.9974,81.48
shard2_out_334,3,4,1,10,4,9,5,18,4.631,4.055,1,4.819,7.187,0.25,0.25,0.5,23,6,121,2,0,0,0,1,0,1,0,0,1.385,-12.765,-13.58,0.9614,0.9981,80.14
shard2_out_335,2,6,3,13,3,10,7,24,4.999,4.239,1,5.068,7.115,0.6364,0.1818,0.1818,40,6,123,2,0,0,0,1,0,1,0,0,2.112,-13.404,-14.964,0.9716,0.9981,81.79
shard2_out_336,2,6,3,13,3,10,7,24,5.582,4.066,1,5.545,13.064,0.6364,0.0,0.3636,28,8,137,2,0,0,0,1,0,1,0,0,1.582,-12.075,-14.057,0.9741,0.9983,81.7
shard2_out_337,1,5,1,9,2,8,6,21,4.436,4.137,1,4.365,7.001,0.5714,0.2857,0.1429,27,6,101,1,0,0,0,1,0,0,0,0,2.164,-13.222,-13.691,0.9857,0.9993,78.79
shard2_out_338,3,5,1,11,4,10,6,21,4.422,4.086,1,4.812,8.565,0.3333,0.3333,0.3333,16,6,116,2,0,0,0,0,0,1,1,0,1.001,-12.055,-13.386,0.9656,0.998,79.84
shard2_out_339,1,4,1,8,2,7,5,18,5.175,4.118,1,4.403,8.839,0.5,0.3333,0.1667,8,5,91,2,0,0,0,1,0,1,0,0,0.952,-11.975,-13.414,0.9729,0.9989,78.27
shard2_out_34,3,6,1,12,4,11,7,24,4.548,4.109,1,5.184,11.885,0.4,0.3,0.3,23,5,128,1,0,0,0,1,0,0,0,0,1.922,-13.59,-13.84,0.9624,0.9978,81.37
shard2_out_340,1,5,3,11,2,8,6,21,4.734,4.097,1,6.026,13.043,0.3333,0.3333,0.3333,13,7,119,1,0,0,0,0,0,1,0,0,2.681,-12.351,-14.475,0.9661,0.9982,80.18
shard2_out_341,1,5,3,11,2,8,6,21,4.484,4.192,1,6.216,10.805,0.2222,0.5556,0.2222,18,7,135,1,1,0,0,0,0,0,0,0,2.704,-12.099,-13.639,0.9578,0.9977,80.03
shard2_out_342,2,6,1,11,3,10,7,24,5.105,4.076,1,5.053,6.677,0.3333,0.5556,0.1111,9,6,127,1,0,0,0,0,0,1,0,0,1.155,-11.273,-12.729,0.9733,0.9985,79.93
shard2_out_343,1,6,1,10,2,9,7,24,5.016,4.449,1,4.786,5.985,0.25,0.375,0.375,16,5,94,1,0,0,0,0,0,1,0,0,0.334,-12.743,-15.281,0.9591,0.9979,80.28
shard2_out_344,1,5,2,10,2,8,6,21,4.68,4.167,1,4.721,9.316,0.5,0.25,0.25,25,5,106,1,0,0,0,1,0,0,0,0,2.803,-13.636,-14.235,0.9579,0.9978,80.59
shard2_out_345,3,4,2,11,4,9,5,18,4.74,4.042,1,6.264,19.551,0.1111,0.4444,0.4444,30,6,163,1,0,0,0,1,0,0,0,0,2.046,-11.629,-12.266,0.9557,0.9977,80.21
shard2_out_346,1,5,2,10,2,8,6,21,5.414,4.048,1,5.555,10.06,0.0,0.625,0.375,6,5,132,1,1,0,0,0,0,0,0,0,1.788,-11.654,-13.49,0.9576,0.9979,79.89
shard2_out_347,1,4,3,10,2,7,5,18,4.648,4.089,1,4.881,9.943,0.5,0.125,0.375,23,4,91,1,0,0,0,1,0,0,0,0,2.096,-13.625,-14.213,0.9659,0.9983,80.08
shard2_out_348,3,4,3,12,4,9,5,18,5.003,4.033,1,6.445,14.688,0.2,0.6,0.2,62,13,148,4,1,0,0,1,0,1,1,0,2.793,-12.813,-14.965,0.9539,0.9973,80.84
shard2_out_349,1,4,3,10,2,7,5,18,5.163,4.061,1,6.098,18.398,0.375,0.5,0.125,27,8,112,2,1,0,0,1,0,0,0,0,3.021,-12.209,-15.19,0.9628,0.9982,80.59
shard2_out_35,3,4,2,11,4,9,5,18,4.218,4.289,1,5.014,13.902,0.5556,0.2222,0.2222,22,5,130,1,0,0,0,1,0,0,0,0,2.331,-12.738,-13.815,0.9632,0.9981,80.83
shard2_out_350,3,4,3,12,4,9,5,18,4.449,4.24,1,5.82,17.151,0.6,0.1,0.3,19,4,112,0,0,0,0,0,0,0,0,0,2.417,-13.24,-15.011,0.9633,0.9978,81.54
shard2_out_351,3,4,1,10,4,9,5,18,4.465,3.863,1,4.593,5.205,0.125,0.375,0.5,16,5,89,1,0,0,0,1,0,0,0,0,1.685,-12.813,-14.324,0.9676,0.9983,79.88
shard2_out_352,1,4,3,10,2,7,5,18,4.069,4.149,1,5.842,10.623,0.0,0.5,0.5,11,6,116,1,0,0,0,0,0,1,0,0,2.515,-12.361,-14.137,0.9575,0.9977,80.1
shard2_out_353,1,5,1,9,2,8,6,21,5.03,4.029,1,4.744,9.46,0.4286,0.4286,0.1429,29,6,113,1,0,0,0,1,0,0,0,0,2.11,-13.171,-12.688,0.9706,0.9988,78.81
shard2_out_354,3,6,3,14,4,11,7,24,4.584,4.059,1,5.915,8.299,0.4167,0.4167,0.1667,32,10,153,3,0,1,0,1,0,1,0,0,2.796,-12.584,-14.766,0.9413,0.9956,81.92
shard2_out_355,3,6,1,12,4,11,7,24,4.635,4.178,1,5.248,13.694,0.4,0.4,0.2,39,8,147,2,0,0,0,1,1,0,0,0,0.931,-12.542,-12.923,0.9754,0.9985,80.7
shard2_out_356,3,5,1,11,4,10,6,21,4.639,4.227,1,5.193,14.343,0.5556,0.3333,0.1111,27,8,147,2,0,0,0,1,1,0,0,0,1.074,-12.546,-12.794,0.9669,0.9982,80.07
shard2_out_357,3,6,1,12,4,11,7,24,5.618,4.14,1,5.286,8.029,0.1,0.7,0.2,23,6,132,1,0,0,0,1,0,0,0,0,0.638,-12.243,-13.371,0.9693,0.9982,80.54
shard2_out_358,1,4,1,8,2,7,5,18,4.791,4.098,1,4.374,7.934,0.5,0.1667,0.3333,20,4,81,1,0,0,0,1,0,0,0,0,1.577,-12.594,-13.092,0.9586,0.9983,78.98
shard2_out_359,1,4,1,8,2,7,5,18,4.543,4.086,1,4.394,6.829,0.3333,0.3333,0.3333,9,3,108,1,0,0,0,0,0,1,0,0,1.871,-12.605,-12.414,0.9672,0.9987,79.09
shard2_out_36,3,6,1,12,4,11,7,24,5.094,4.303,1,5.112,10.275,0.6,0.4,0.0,30,7,129,2,0,0,0,1,0,0,1,0,1.039,-12.609,-14.157,0.9767,0.9986,80.35
shard2_out_360,3,5,1,11,4,10,6,21,5.217,4.255,1,4.813,7.828,0.4444,0.3333,0.2222,11,4,110,1,0,0,0,0,0,1,0,0,0.961,-11.911,-13.645,0.9685,0.9983,79.95
shard2_out_361,1,4,2,9,2,7,5,18,4.504,4.175,1,4.718,12.502,0.4286,0.2857,0.2857,24,6,97,1,0,0,0,1,0,0,0,0,2.768,-12.396,-14.335,0.9727,0.9988,78.8
shard2_out_362,1,5,1,9,2,8,6,21,5.275,4.291,1,4.487,6.58,0.5714,0.4286,0.0,24,6,103,1,0,0,0,1,0,0,0,0,1.329,-11.992,-12.921,0.9703,0.9987,78.65
shard2_out_363,2,5,2,11,3,9,6,21,4.57,4.202,1,5.221,14.588,0.4444,0.4444,0.1111,28,5,135,1,0,0,0,1,0,0,0,0,2.405,-12.978,-14.202,0.9728,0.9985,80.24
shard2_out_364,3,4,1,10,4,9,5,18,5.215,4.028,1,4.848,7.114,0.0,0.75,0.25,22,5,98,2,0,0,0,1,0,1,0,0,1.314,-12.328,-13.409,0.9815,0.999,80.56
shard2_out_365,1,6,3,12,2,9,7,24,5.266,4.388,1,6.245,14.235,0.3,0.4,0.3,82,13,135,3,1,1,0,1,0,0,0,0,2.681,-12.644,-15.323,0.9483,0.9968,80.8
shard2_out_366,2,6,2,12,3,10,7,24,4.921,4.058,1,5.515,8.605,0.3,0.6,0.1,17,7,131,3,1,0,0,1,0,1,0,0,1.601,-11.543,-13.677,0.9833,0.999,80.49
shard2_out_367,3,4,1,10,4,9,5,18,4.409,4.268,1,4.679,12.05,0.375,0.125,0.5,23,6,114,1,0,0,0,1,0,0,0,0,1.722,-12.626,-13.373,0.9703,0.9986,79.92
shard2_out_368,1,4,3,10,2,7,5,18,4.531,4.138,1,5.814,15.14,0.25,0.375,0.375,46,10,128,3,1,1,0,0,0,0,0,1,3.204,-11.866,-14.632,0.9711,0.9986,80.08
shard2_out_369,3,6,3,14,4,11,7,24,5.145,4.293,1,5.468,9.806,0.5,0.4167,0.0833,24,8,132,2,0,0,0,1,0,0,1,0,1.738,-13.196,-15.392,0.9649,0.9975,81.72
shard2_out_37,1,6,2,11,2,9,7,24,5.651,3.9,1,5.437,14.19,0.5556,0.3333,0.1111,24,8,124,2,1,0,0,1,0,0,0,0,1.818,-12.346,-14.32,0.9559,0.9976,80.13
shard2_out_370,2,5,1,10,3,9,6,21,4.384,4.084,1,4.523,4.995,0.5,0.375,0.125,21,8,108,2,0,0,0,1,0,1,0,0,1.876,-12.902,-13.882,0.9786,0.9989,80.15
shard2_out_371,2,4,1,9,3,8,5,18,4.48,4.285,1,4.695,11.565,0.2857,0.5714,0.1429,22,5,103,1,0,0,0,1,0,0,0,0,2.289,-13.243,-13.967,0.9761,0.9989,78.74
shard2_out_372,2,4,3,11,3,8,5,18,4.074,4.096,1,5.907,9.204,0.1111,0.6667,0.2222,11,7,122,2,0,0,1,0,0,1,0,0,2.717,-12.648,-14.202,0.9404,0.9964,79.92
shard2_out_373,1,6,1,10,2,9,7,24,5.116,4.203,1,4.663,8.538,0.5,0.375,0.125,33,5,101,2,0,0,0,1,0,1,0,0,1.669,-13.343,-13.418,0.9758,0.9988,79.78
shard2_out_374,1,6,3,12,2,9,7,24,4.817,4.158,1,6.025,14.276,0.6,0.4,0.0,49,11,145,4,1,1,0,1,0,1,0,0,2.649,-12.076,-14.332,0.969,0.9982,80.41
shard2_out_38,1,5,2,10,2,8,6,21,4.915,4.023,1,5.197,13.097,0.375,0.375,0.25,26,6,138,1,0,0,0,1,0,0,0,0,2.64,-12.794,-13.162,0.9697,0.9986,79.68
shard2_out_39,2,6,3,13,3,10,7,24,5.01,4.202,1,5.131,9.914,0.6364,0.1818,0.1818,26,6,118,2,0,0,0,1,0,0,0,1,1.478,-12.406,-14.208,0.9589,0.9971,81.35
shard2_out_4,3,6,2,13,4,11,7,24,5.087,4.018,1,5.78,7.254,0.2727,0.6364,0.0909,34,9,142,3,1,0,0,1,0,0,0,1,1.856,-12.343,-13.505,0.9713,0.998,81.6
shard2_out_40,3,6,1,12,4,11,7,24,4.39,3.957,1,5.336,9.177,0.5,0.3,0.2,30,9,142,2,0,0,0,1,0,0,1,0,1.038,-11.89,-13.418,0.9529,0.9972,80.38
shard2_out_41,3,5,1,11,4,10,6,21,5.208,4.071,1,5.239,8.377,0.0,0.6667,0.3333,36,6,118,2,0,0,0,1,0,1,0,0,0.978,-11.79,-12.895,0.9854,0.9992,80.02
shard2_out_42,1,4,3,10,2,7,5,18,4.714,4.21,1,5.957,12.639,0.375,0.375,0.25,21,8,114,2,1,0,0,1,0,0,0,0,2.869,-12.269,-14.834,0.9744,0.9988,79.92
shard2_out_43,1,5,2,10,2,8,6,21,4.654,4.147,1,4.993,8.341,0.5,0.125,0.375,24,6,128,2,0,0,0,1,0,1,0,0,2.47,-13.059,-13.453,0.9681,0.9985,79.89
shard2_out_44,3,4,3,12,4,9,5,18,4.581,4.019,1,5.845,8.454,0.1,0.6,0.3,35,8,146,3,1,1,0,0,0,1,0,0,2.867,-11.889,-14.813,0.9603,0.9975,81.01
shard2_out_45,2,5,3,12,3,9,6,21,4.836,4.206,1,6.015,12.828,0.4,0.5,0.1,30,9,136,4,1,0,1,1,0,1,0,0,2.818,-12.963,-13.897,0.9635,0.9979,80.41
shard2_out_46,3,4,2,11,4,9,5,18,4.877,3.978,1,4.987,3.284,0.3333,0.3333,0.3333,14,5,104,1,0,0,0,1,0,0,0,0,2.241,-12.313,-14.599,0.9618,0.9977,79.9
shard2_out_47,1,5,1,9,2,8,6,21,4.692,3.883,1,4.365,11.779,0.2857,0.4286,0.2857,21,5,83,1,0,0,0,1,0,0,0,0,1.239,-12.475,-14.101,0.9703,0.9987,78.46
shard2_out_48,2,6,2,12,3,10,7,24,5.039,4.308,1,5.153,10.546,0.4,0.4,0.2,22,8,142,2,1,0,0,0,0,1,0,0,1.874,-12.45,-13.871,0.9628,0.9978,80.34
shard2_out_49,3,5,3,13,4,10,6,21,4.727,4.102,1,5.911,6.355,0.2727,0.3636,0.3636,25,6,130,1,0,0,0,1,0,0,0,0,2.077,-12.544,-14.84,0.9568,0.9972,81.39
shard2_out_5,3,4,1,10,4,9,5,18,4.591,4.209,1,4.893,5.784,0.25,0.375,0.375,9,5,105,0,0,0,0,0,0,0,0,0,2.035,-12.219,-13.798,0.9698,0.9985,80.25
shard2_out_50,2,5,1,10,3,9,6,21,4.746,4.038,1,4.55,9.915,0.625,0.0,0.375,20,6,118,2,0,0,0,1,0,1,0,0,1.626,-12.313,-12.997,0.9824,0.9991,79.98
shard2_out_51,2,6,2,12,3,10,7,24,5.2,4.38,1,5.094,8.939,0.5,0.4,0.1,7,3,142,0,0,0,0,0,0,0,0,0,2.21,-12.422,-13.409,0.965,0.998,80.41
shard2_out_52,2,6,3,13,3,10,7,24,4.365,4.084,1,6.281,8.96,0.1818,0.3636,0.4545,38,14,163,1,0,0,0,1,0,0,0,0,1.921,-12.766,-13.184,0.9403,0.9959,81.36
shard2_out_53,3,5,3,13,4,10,6,21,5.054,4.232,1,5.743,5.313,0.0909,0.4545,0.4545,27,6,133,1,0,0,1,0,0,0,0,0,1.641,-13.711,-14.286,0.9648,0.9976,81.4
shard2_out_54,1,4,1,8,2,7,5,18,4.805,4.24,1,4.208,6.119,0.5,0.5,0.0,4,2,85,0,0,0,0,0,0,0,0,0,1.28,-11.793,-13.859,0.9817,0.9992,78.26
shard2_out_55,3,6,2,13,4,11,7,24,4.645,4.205,1,5.493,13.13,0.7273,0.2727,0.0,54,10,166,2,0,0,0,1,0,0,0,1,2.038,-12.424,-13.471,0.9717,0.9982,81.79
shard2_out_56,3,6,2,13,4,11,7,24,5.039,4.121,1,5.261,4.804,0.4545,0.2727,0.2727,20,7,128,2,0,0,0,1,0,1,0,0,2.396,-12.988,-14.261,0.9664,0.9976,81.69
shard2_out_57,3,6,2,13,4,11,7,24,5.294,3.903,1,5.746,9.552,0.0909,0.6364,0.2727,38,9,144,2,0,0,0,1,0,0,0,1,1.266,-11.938,-12.969,0.962,0.9976,81.47
shard2_out_58,2,5,1,10,3,9,6,21,5.332,4.071,1,4.953,12.386,0.5,0.375,0.125,21,7,118,1,0,0,0,1,0,0,0,0,1.246,-12.541,-12.073,0.9571,0.9978,80.02
shard2_out_59,1,4,3,10,2,7,5,18,4.495,3.996,1,5.919,10.424,0.125,0.625,0.25,12,5,120,0,0,0,0,0,0,0,0,0,3.118,-12.774,-14.016,0.9593,0.9979,79.68
shard2_out_6,2,6,1,11,3,10,7,24,4.786,4.102,1,4.801,11.943,0.7778,0.0,0.2222,32,5,114,2,0,0,0,1,0,1,0,0,1.161,-13.015,-13.151,0.9741,0.9986,79.89
shard2_out_60,3,4,1,10,4,9,5,18,4.5,4.304,1,4.947,14.345,0.5,0.125,0.375,19,3,98,1,0,0,0,1,0,0,0,0,1.402,-12.869,-13.368,0.9701,0.9985,79.94
shard2_out_61,2,6,2,12,3,10,7,24,5.349,4.075,1,5.191,8.388,0.6,0.2,0.2,22,6,122,2,0,0,0,1,0,1,0,0,2.299,-12.631,-14.055,0.9636,0.9978,80.36
shard2_out_62,3,6,3,14,4,11,7,24,4.636,4.249,1,6.027,12.561,0.3333,0.5833,0.0833,59,14,165,3,1,0,0,1,0,0,1,0,2.318,-12.556,-15.027,0.9691,0.9979,81.76
shard2_out_63,1,6,1,10,2,9,7,24,4.716,4.114,1,4.588,7.713,0.75,0.25,0.0,26,5,106,1,0,0,0,1,0,0,0,0,1.597,-13.081,-13.752,0.9806,0.999,79.83
shard2_out_64,1,5,3,11,2,8,6,21,5.125,4.113,1,6.277,14.753,0.5556,0.3333,0.1111,28,5,123,2,1,0,0,0,0,1,0,0,2.542,-12.866,-14.482,0.9707,0.9985,79.92
shard2_out_65,3,5,2,12,4,10,6,21,4.936,4.233,1,5.502,13.812,0.6,0.2,0.2,34,8,115,2,0,0,0,1,0,0,0,1,1.84,-12.592,-13.868,0.9657,0.9979,80.59
shard2_out_66,3,4,3,12,4,9,5,18,4.504,4.032,1,6.01,12.219,0.4,0.5,0.1,17,5,126,1,1,0,0,0,0,0,0,0,1.879,-12.058,-15.265,0.9632,0.9979,80.63
shard2_out_67,2,5,3,12,3,9,6,21,4.407,4.096,1,5.82,11.671,0.3,0.4,0.3,33,11,151,3,1,0,0,1,0,1,0,0,2.562,-11.885,-14.123,0.9615,0.9978,80.51
shard2_out_68,3,4,3,12,4,9,5,18,4.707,4.364,1,5.824,10.636,0.3,0.6,0.1,20,9,124,1,1,0,0,0,0,0,0,0,2.138,-11.638,-15.601,0.951,0.997,80.47
shard2_out_69,2,4,3,11,3,8,5,18,4.196,4.139,1,5.793,6.682,0.1111,0.5556,0.3333,28,7,117,0,0,0,0,0,0,0,0,0,2.613,-12.178,-14.659,0.9548,0.9974,79.95
shard2_out_7,2,4,1,9,3,8,5,18,5.48,4.082,1,4.658,6.965,0.0,0.7143,0.2857,5,2,101,0,0,0,0,0,0,0,0,0,1.374,-11.837,-13.221,0.9802,0.9991,78.65
shard2_out_70,1,4,1,8,2,7,5,18,4.949,4.126,1,4.52,6.991,0.0,0.5,0.5,21,7,109,1,0,0,0,1,0,0,0,0,2.462,-13.159,-12.629,0.9722,0.9989,78.5
shard2_out_71,3,4,3,12,4,9,5,18,4.266,4.088,1,5.986,5.902,0.1,0.6,0.3,21,9,142,2,0,0,1,0,0,0,1,0,1.632,-12.811,-14.601,0.9314,0.9955,80.95
shard2_out_72,3,6,2,13,4,11,7,24,4.712,3.969,1,5.705,10.103,0.2727,0.6364,0.0909,9,2,139,0,0,0,0,0,0,0,0,0,1.173,-12.46,-14.181,0.9584,0.9972,81.55
shard2_out_73,2,4,2,10,3,8,5,18,4.453,4.168,1,5.235,14.212,0.375,0.375,0.25,18,5,129,0,0,0,0,0,0,0,0,0,2.593,-12.508,-13.406,0.9589,0.998,80.11
shard2_out_74,1,4,1,8,2,7,5,18,4.337,4.115,1,4.153,6.576,0.0,0.5,0.5,14,5,99,1,0,0,0,1,0,0,0,0,2.386,-12.941,-13.04,0.9591,0.9984,78.37
shard2_out_75,2,4,3,11,3,8,5,18,4.073,4.019,1,5.173,8.695,0.3333,0.2222,0.4444,7,5,117,0,0,0,0,0,0,0,0,0,2.587,-13.437,-13.843,0.9511,0.9972,80.25
shard2_out_76,3,4,1,10,4,9,5,18,5.268,3.774,1,4.889,8.29,0.0,0.75,0.25,29,5,101,1,0,0,0,1,0,0,0,0,1.05,-12.23,-13.305,0.9621,0.9981,79.96
shard2_out_77,3,4,2,11,4,9,5,18,4.726,4.185,1,4.908,8.474,0.3333,0.5556,0.1111,22,7,107,2,0,0,0,1,0,1,0,0,1.9,-12.28,-14.724,0.9719,0.9985,80.05
shard2_out_78,1,6,2,11,2,9,7,24,5.052,4.278,1,5.019,10.161,0.6667,0.1111,0.2222,31,6,133,2,0,0,0,1,0,1,0,0,2.034,-12.96,-13.828,0.9783,0.9988,80.17
shard2_out_79,1,4,2,9,2,7,5,18,4.47,4.087,1,5.059,8.661,0.2857,0.5714,0.1429,5,2,112,0,0,0,0,0,0,0,0,0,2.664,-12.343,-13.066,0.9763,0.999,79.17
shard2_out_8,1,5,2,10,2,8,6,21,4.583,4.145,1,4.759,9.857,0.625,0.25,0.125,26,6,102,2,0,0,0,1,0,1,0,0,2.669,-13.572,-14.625,0.9719,0.9985,79.73
shard2_out_80,1,4,2,9,2,7,5,18,5.148,4.225,1,5.158,14.309,0.4286,0.4286,0.1429,29,7,109,2,1,0,0,1,0,0,0,0,2.922,-13.084,-13.542,0.974,0.9989,78.79
shard2_out_81,2,4,3,11,3,8,5,18,4.954,4.034,1,5.979,9.468,0.1111,0.7778,0.1111,9,6,125,1,1,0,0,0,0,0,0,0,2.581,-12.136,-14.162,0.9575,0.9974,80.15
shard2_out_82,2,5,3,12,3,9,6,21,4.533,4.127,1,5.187,11.433,0.5,0.3,0.2,18,5,111,1,0,0,0,1,0,0,0,0,1.756,-13.097,-14.794,0.9747,0.9985,80.71
shard2_out_83,2,4,1,9,3,8,5,18,4.529,4.16,1,4.561,12.154,0.2857,0.4286,0.2857,26,4,88,1,0,0,0,1,0,0,0,0,1.698,-13.35,-13.299,0.9613,0.9983,79.23
shard2_out_84,2,6,3,13,3,10,7,24,5.076,4.133,1,5.696,10.839,0.4545,0.3636,0.1818,34,8,125,1,0,0,0,1,0,0,0,0,2.848,-12.994,-15.265,0.9599,0.9974,82.67
shard2_out_85,1,6,3,12,2,9,7,24,5.318,4.126,1,6.036,14.637,0.5,0.4,0.1,38,10,158,3,1,0,0,1,0,1,0,0,2.863,-12.627,-13.833,0.9754,0.9987,80.35
shard2_out_86,2,4,1,9,3,8,5,18,4.406,4.111,1,4.589,6.315,0.1429,0.7143,0.1429,13,3,98,0,0,0,0,0,0,0,0,0,2.061,-13.236,-12.964,0.9638,0.9984,78.8
shard2_out_87,1,5,3,11,2,8,6,21,4.545,4.23,1,5.974,12.983,0.3333,0.5556,0.1111,26,7,136,2,1,0,0,0,0,1,0,0,3.187,-13.091,-13.799,0.9635,0.998,79.89
shard2_out_88,2,5,1,10,3,9,6,21,5.357,4.088,1,4.773,7.359,0.125,0.625,0.25,11,4,108,2,0,0,0,1,0,1,0,0,0.802,-11.82,-12.897,0.9838,0.9992,80.02
shard2_out_89,1,6,2,11,2,9,7,24,5.783,3.958,1,5.512,13.843,0.4444,0.2222,0.3333,44,9,124,2,0,0,0,1,0,0,0,1,2.18,-12.211,-13.841,0.9684,0.9984,79.93
shard2_out_9,3,6,1,12,4,11,7,24,4.837,4.256,1,5.174,12.71,0.5,0.2,0.3,25,7,126,2,0,0,0,1,0,1,0,0,1.903,-13.097,-13.88,0.9637,0.9978,80.28
shard2_out_90,3,4,1,10,4,9,5,18,5.568,4.117,1,4.899,7.717,0.0,0.75,0.25,37,6,107,2,0,0,0,1,0,1,0,0,0.933,-11.624,-13.611,0.9855,0.9992,79.81
shard2_out_91,3,6,2,13,4,11,7,24,4.236,4.015,1,5.319,8.46,0.4545,0.3636,0.1818,27,10,155,1,1,0,0,0,0,0,0,0,2.031,-12.131,-14.432,0.971,0.998,81.52
shard2_out_92,1,5,1,9,2,8,6,21,4.787,4.245,1,4.435,9.307,0.4286,0.1429,0.4286,25,7,102,2,0,0,0,1,0,1,0,0,0.995,-11.745,-13.749,0.9683,0.9986,79.01
shard2_out_93,3,6,3,14,4,11,7,24,4.921,4.156,1,6.426,18.904,0.5,0.25,0.25,63,11,152,4,1,1,0,1,0,1,0,0,2.909,-12.81,-14.639,0.9638,0.9976,81.69
shard2_out_94,1,6,1,10,2,9,7,24,4.373,4.135,1,4.535,8.067,0.625,0.25,0.125,23,5,92,1,0,0,0,1,0,0,0,0,2.668,-14.127,-13.94,0.9668,0.9983,79.89
shard2_out_95,1,5,1,9,2,8,6,21,4.577,4.13,1,4.434,6.746,0.4286,0.1429,0.4286,15,7,118,3,0,0,1,1,0,1,0,0,1.476,-11.709,-12.28,0.9723,0.9988,78.8
shard2_out_96,3,4,2,11,4,9,5,18,4.824,4.097,1,5.432,12.577,0.2222,0.6667,0.1111,18,8,129,2,1,0,0,0,0,0,1,0,1.489,-11.765,-14.366,0.9619,0.9979,80.03
shard2_out_97,2,4,2,10,3,8,5,18,4.69,4.017,1,5.092,9.186,0.125,0.625,0.25,10,4,117,0,0,0,0,0,0,0,0,0,2.158,-12.492,-13.728,0.9641,0.9982,80.25
shard2_out_98,1,4,2,9,2,7,5,18,4.61,4.24,1,5.101,10.454,0.1429,0.7143,0.1429,3,3,104,1,1,0,0,0,0,0,0,0,1.669,-12.135,-13.991,0.978,0.999,79.8
shard2_out_99,1,5,3,11,2,8,6,21,5.046,4.065,1,5.951,16.785,0.4444,0.3333,0.2222,50,7,128,3,1,0,0,1,0,1,0,0,3.182,-13.63,-14.859,0.9685,0.9983,80.93
shard3_out_0,1,5,2,10,2,8,6,21,4.52,4.085,1,4.618,8.55,0.75,0.125,0.125,26,5,105,1,0,0,0,1,0,0,0,0,2.795,-13.543,-14.929,0.9716,0.9986,81.26
shard3_out_1,2,4,2,10,3,8,5,18,4.552,4.197,1,4.693,6.57,0.25,0.5,0.25,25,6,106,1,0,0,0,1,0,0,0,0,1.889,-12.77,-14.188,0.966,0.9983,80.93
shard3_out_10,3,4,2,11,4,9,5,18,5.282,4.074,1,5.431,9.292,0.0,0.7778,0.2222,43,7,140,1,0,0,0,1,0,0,0,0,2.004,-12.288,-13.666,0.975,0.9986,81.54
shard3_out_100,3,6,3,14,4,11,7,24,4.468,4.281,1,5.814,15.328,0.3333,0.4167,0.25,42,10,158,2,1,0,0,1,0,0,0,0,3.011,-13.302,-15.212,0.9699,0.9979,83.34
shard3_out_101,1,5,1,9,2,8,6,21,5.052,4.164,1,4.317,9.381,0.5714,0.1429,0.2857,16,5,85,1,0,0,0,1,0,0,0,0,2.599,-13.799,-14.228,0.9704,0.9985,80.18
shard3_out_102,1,4,1,8,2,7,5,18,4.976,4.274,1,4.332,7.571,0.5,0.5,0.0,4,3,81,1,0,0,0,1,0,0,0,0,0.923,-11.728,-12.992,0.9746,0.999,79.89
shard3_out_103,2,4,1,9,3,8,5,18,4.701,4.012,1,4.441,5.893,0.1429,0.7143,0.1429,6,2,96,0,0,0,0,0,0,0,0,0,0.836,-11.581,-13.033,0.9661,0.9985,80.23
shard3_out_104,2,4,2,10,3,8,5,18,4.439,3.902,1,4.986,9.395,0.25,0.375,0.375,8,5,110,1,1,0,0,0,0,0,0,0,1.575,-12.043,-14.148,0.9595,0.998,81.9
shard3_out_105,3,4,3,12,4,9,5,18,4.875,3.986,1,5.854,8.282,0.1,0.5,0.4,28,7,122,1,1,0,0,0,0,0,0,0,2.874,-12.824,-15.345,0.9636,0.9978,82.15
shard3_out_106,1,6,3,12,2,9,7,24,4.893,4.257,1,5.596,12.455,0.6,0.3,0.1,26,6,122,1,0,0,0,1,0,0,0,0,2.452,-13.618,-14.352,0.9653,0.9979,82.8
shard3_out_107,3,5,2,12,4,10,6,21,4.48,4.029,1,5.233,9.122,0.3,0.5,0.2,19,8,145,4,1,0,1,1,0,1,0,0,1.955,-12.138,-13.87,0.9652,0.998,82.07
shard3_out_108,1,4,3,10,2,7,5,18,4.425,4.155,1,5.6,12.562,0.25,0.5,0.25,31,8,127,2,1,0,0,1,0,0,0,0,3.836,-12.993,-14.382,0.9591,0.998,81.37
shard3_out_109,1,6,3,12,2,9,7,24,5.502,4.131,1,6.277,17.151,0.5,0.4,0.1,53,13,124,3,1,0,0,1,0,0,0,1,2.681,-11.874,-14.913,0.9776,0.9987,82.23
shard3_out_11,1,6,2,11,2,9,7,24,5.55,4.369,1,4.908,10.316,0.6667,0.1111,0.2222,16,4,104,1,0,0,0,1,0,0,0,0,1.38,-12.847,-14.179,0.9773,0.9988,81.63
shard3_out_110,3,5,1,11,4,10,6,21,4.6,4.134,1,4.975,11.645,0.6667,0.2222,0.1111,26,5,113,1,0,0,0,1,0,0,0,0,1.931,-12.864,-13.603,0.9684,0.9983,81.39
shard3_out_111,2,4,3,11,3,8,5,18,4.719,4.004,1,5.958,12.404,0.2222,0.5556,0.2222,10,6,128,2,1,0,0,0,0,1,0,0,3.057,-12.338,-14.183,0.9472,0.9973,81.47
shard3_out_112,1,4,2,9,2,7,5,18,4.556,4.229,1,5.054,9.419,0.4286,0.4286,0.1429,4,3,109,0,0,0,0,0,0,0,0,0,1.659,-11.589,-13.753,0.9716,0.9987,80.19
shard3_out_113,2,4,1,9,3,8,5,18,4.552,4.068,1,4.445,11.124,0.2857,0.5714,0.1429,3,2,105,0,0,0,0,0,0,0,0,0,0.426,-11.322,-13.182,0.9859,0.9993,80.27
shard3_out_114,1,5,2,10,2,8,6,21,4.863,4.097,1,4.642,9.87,0.75,0.125,0.125,29,5,93,2,0,0,0,1,0,1,0,0,1.938,-13.644,-14.244,0.981,0.999,81.62
shard3_out_115,1,4,3,10,2,7,5,18,4.918,4.106,1,4.913,9.948,0.5,0.25,0.25,32,6,111,1,0,0,0,1,0,0,0,0,3.08,-13.426,-14.615,0.96,0.9979,81.48
shard3_out_116,1,4,3,10,2,7,5,18,4.799,4.14,1,4.826,10.101,0.75,0.125,0.125,27,6,95,1,0,0,0,1,0,0,0,0,2.725,-13.471,-14.68,0.9664,0.9982,81.39
shard3_out_117,1,6,3,12,2,9,7,24,4.489,3.877,1,5.686,16.818,0.2,0.4,0.4,43,8,111,2,1,0,0,1,0,0,0,0,2.172,-12.757,-15.309,0.9615,0.9977,82.01
shard3_out_118,1,6,1,10,2,9,7,24,5.375,4.156,1,4.707,9.195,0.75,0.125,0.125,12,5,101,2,0,0,0,1,0,1,0,0,1.005,-12.129,-13.909,0.9732,0.9986,81.41
shard3_out_119,1,5,3,11,2,8,6,21,4.964,4.213,1,5.518,14.102,0.4444,0.3333,0.2222,28,6,109,2,0,0,0,1,0,0,0,1,1.985,-13.324,-14.464,0.9617,0.9979,81.52
shard3_out_12,1,6,1,10,2,9,7,24,5.113,4.12,1,4.832,9.7,0.375,0.375,0.25,49,7,115,2,0,0,0,1,0,1,0,0,1.69,-12.792,-13.588,0.9695,0.9986,82.34
shard3_out_120,1,4,3,10,2,7,5,18,4.639,4.001,1,5.677,14.117,0.125,0.375,0.5,23,8,143,3,1,0,0,1,0,1,0,0,3.493,-12.565,-13.909,0.9673,0.9985,81.72
shard3_out_121,2,6,3,13,3,10,7,24,5.291,4.064,1,6.455,17.36,0.2727,0.3636,0.3636,56,10,167,3,1,0,0,1,0,1,0,0,2.287,-12.913,-14.025,0.9666,0.998,83.36
shard3_out_122,3,4,2,11,4,9,5,18,4.612,4.219,1,5.158,9.16,0.3333,0.4444,0.2222,14,5,131,1,0,0,1,0,0,0,0,0,2.884,-12.704,-14.182,0.9618,0.9979,81.39
shard3_out_123,3,4,2,11,4,9,5,18,4.668,4.281,1,5.134,7.639,0.1111,0.6667,0.2222,10,6,112,2,1,0,0,1,0,0,0,0,2.187,-12.67,-14.53,0.9503,0.997,81.82
shard3_out_124,3,5,2,12,4,10,6,21,5.066,4.095,1,5.681,8.631,0.1,0.7,0.2,23,9,143,3,1,0,0,1,0,1,0,0,1.824,-12.105,-13.626,0.9657,0.9979,81.99
shard3_out_125,2,6,1,11,3,10,7,24,5.303,4.183,1,4.749,5.313,0.5556,0.2222,0.2222,31,6,112,2,0,0,0,1,0,1,0,0,1.413,-12.496,-13.446,0.9581,0.9976,81.56
shard3_out_126,3,6,1,12,4,11,7,24,4.683,4.053,1,5.335,5.399,0.0,0.5,0.5,24,8,137,2,0,0,1,1,0,0,0,0,1.69,-12.558,-13.136,0.9604,0.9977,81.94
shard3_out_127,1,5,1,9,2,8,6,21,4.526,4.227,1,4.316,5.983,0.5714,0.4286,0.0,18,5,105,1,0,0,0,1,0,0,0,0,1.941,-12.515,-12.959,0.9768,0.9989,80.36
shard3_out_128,3,5,2,12,4,10,6,21,4.854,4.058,1,5.63,16.355,0.5,0.1,0.4,27,8,155,2,0,0,0,1,0,0,0,1,1.624,-11.387,-12.912,0.9639,0.998,82.05
shard3_out_129,1,4,3,10,2,7,5,18,4.664,4.13,1,6.107,12.619,0.125,0.625,0.25,11,7,123,2,1,0,0,1,0,0,0,0,2.619,-12.181,-14.311,0.9737,0.9988,81.33
shard3_out_13,1,5,3,11,2,8,6,21,4.302,4.291,1,6.11,11.683,0.1111,0.5556,0.3333,23,8,144,2,1,0,1,0,0,0,0,0,2.803,-13.137,-13.558,0.9514,0.9972,82.31
shard3_out_130,3,5,3,13,4,10,6,21,4.545,4.065,1,5.82,11.104,0.5455,0.3636,0.0909,15,7,129,1,0,0,0,1,0,0,0,0,2.34,-12.756,-15.084,0.9613,0.9974,83.06
shard3_out_131,1,4,2,9,2,7,5,18,5.063,4.232,1,4.629,13.479,0.7143,0.1429,0.1429,18,5,69,1,0,0,0,1,0,0,0,0,2.434,-13.539,-14.588,0.9619,0.9981,80.17
shard3_out_132,3,6,3,14,4,11,7,24,5.56,4.304,1,5.997,15.078,0.8333,0.0,0.1667,17,10,158,3,1,0,0,1,0,1,0,0,2.089,-12.581,-14.111,0.9623,0.9973,83.31
shard3_out_133,2,5,3,12,3,9,6,21,4.755,4.139,1,5.921,9.401,0.1,0.5,0.4,42,9,151,0,0,0,0,0,0,0,0,0,2.547,-12.92,-13.943,0.9646,0.9979,82.14
shard3_out_134,3,6,2,13,4,11,7,24,4.54,4.169,1,5.399,8.377,0.5455,0.3636,0.0909,19,6,160,1,0,0,1,0,0,0,0,0,2.446,-12.561,-13.669,0.9606,0.9974,83.36
shard3_out_135,1,5,1,9,2,8,6,21,5.034,4.041,1,4.456,8.63,0.7143,0.1429,0.1429,7,3,104,1,0,0,0,0,0,1,0,0,1.139,-12.399,-12.748,0.9732,0.9988,80.52
shard3_out_136,1,4,3,10,2,7,5,18,4.349,3.782,1,5.459,11.824,0.625,0.375,0.0,10,6,128,2,0,0,0,1,0,1,0,0,2.451,-12.154,-13.782,0.964,0.9982,81.59
shard3_out_137,3,6,3,14,4,11,7,24,4.887,3.872,1,6.041,7.384,0.1667,0.5,0.3333,46,7,150,1,0,0,0,1,0,0,0,0,2.065,-13.023,-14.499,0.9442,0.9959,83.32
shard3_out_138,1,6,1,10,2,9,7,24,4.962,4.241,1,4.518,7.621,0.75,0.125,0.125,17,5,101,1,0,0,0,1,0,0,0,0,1.477,-12.64,-13.199,0.9805,0.999,81.47
shard3_out_139,2,4,2,10,3,8,5,18,4.592,4.119,1,5.024,11.073,0.25,0.5,0.25,23,9,135,3,0,0,0,1,0,1,1,0,2.692,-12.505,-13.606,0.9605,0.9982,81.35
shard3_out_14,1,4,2,9,2,7,5,18,4.42,4.128,1,5.094,9.202,0.0,0.5714,0.4286,7,4,108,1,0,0,0,0,0,1,0,0,2.686,-12.456,-12.949,0.9619,0.9984,80.61
shard3_out_140,1,6,2,11,2,9,7,24,5.289,4.395,1,5.167,10.065,0.4444,0.2222,0.3333,32,7,113,2,0,0,0,1,0,1,0,0,2.446,-13.199,-14.634,0.9682,0.9983,81.31
shard3_out_141,3,6,2,13,4,11,7,24,4.747,4.093,1,5.852,13.191,0.0909,0.4545,0.4545,29,11,173,5,1,0,1,1,0,1,1,0,1.74,-12.386,-13.429,0.9536,0.9971,83.01
shard3_out_142,2,6,1,11,3,10,7,24,5.067,4.075,1,5.024,7.665,0.3333,0.6667,0.0,7,3,131,0,0,0,0,0,0,0,0,0,1.126,-11.571,-13.302,0.9846,0.9991,81.57
shard3_out_143,1,5,1,9,2,8,6,21,4.914,4.054,1,4.578,8.258,0.2857,0.4286,0.2857,19,3,98,1,0,0,0,1,0,0,0,0,2.505,-13.559,-12.879,0.9771,0.999,80.52
shard3_out_144,1,5,2,10,2,8,6,21,4.724,4.163,1,4.893,11.417,0.5,0.5,0.0,21,7,140,1,0,0,0,1,0,0,0,0,3.339,-13.431,-13.79,0.9771,0.9989,81.47
shard3_out_145,2,5,2,11,3,9,6,21,5.426,4.262,1,5.089,6.564,0.2222,0.4444,0.3333,10,6,119,1,0,0,1,0,0,0,0,0,2.61,-12.465,-13.862,0.9583,0.9976,81.46
shard3_out_146,1,5,2,10,2,8,6,21,4.439,4.021,1,4.569,9.841,0.75,0.125,0.125,28,5,104,2,0,0,0,1,0,1,0,0,2.343,-13.8,-14.235,0.9711,0.9985,81.34
shard3_out_147,1,5,1,9,2,8,6,21,5.049,4.018,1,4.801,10.87,0.5714,0.2857,0.1429,36,6,112,1,0,0,0,1,0,0,0,0,2.203,-13.141,-13.56,0.9787,0.999,80.42
shard3_out_148,1,6,1,10,2,9,7,24,5.083,4.212,1,4.63,7.807,0.625,0.25,0.125,29,6,109,1,0,0,0,1,0,0,0,0,1.505,-13.148,-13.423,0.9874,0.9993,82.47
shard3_out_149,1,4,1,8,2,7,5,18,4.325,4.193,1,4.356,5.937,0.0,0.3333,0.6667,7,3,107,0,0,0,0,0,0,0,0,0,2.323,-12.828,-12.795,0.9706,0.9989,80.19
shard3_out_15,1,5,1,9,2,8,6,21,5.717,3.931,1,4.845,11.764,0.5714,0.2857,0.1429,43,9,92,2,0,0,0,1,0,0,0,1,1.828,-11.939,-13.016,0.9818,0.9992,80.27
shard3_out_150,3,5,3,13,4,10,6,21,5.165,4.123,1,5.939,10.142,0.0909,0.3636,0.5455,33,9,139,3,1,0,0,1,0,1,0,0,2.537,-12.505,-14.169,0.9575,0.9973,83.31
shard3_out_151,3,4,1,10,4,9,5,18,4.772,4.198,1,4.672,10.378,0.375,0.125,0.5,12,3,96,1,0,0,0,1,0,0,0,0,0.965,-12.521,-14.003,0.9511,0.9976,81.53
shard3_out_152,1,6,3,12,2,9,7,24,5.455,4.293,1,5.814,13.812,0.2,0.2,0.6,42,11,131,2,1,0,0,1,0,0,0,0,4.116,-13.552,-14.99,0.9495,0.997,82.03
shard3_out_153,2,6,1,11,3,10,7,24,4.94,4.114,1,5.005,7.815,0.3333,0.5556,0.1111,14,5,131,1,0,0,0,0,0,1,0,0,0.972,-10.953,-12.938,0.9794,0.9988,81.39
shard3_out_154,1,4,2,9,2,7,5,18,4.642,4.174,1,4.807,10.307,0.0,0.4286,0.5714,15,3,111,1,0,0,0,1,0,0,0,0,2.82,-12.761,-13.507,0.9581,0.9982,80.22
shard3_out_155,3,6,2,13,4,11,7,24,5.17,4.212,1,5.326,9.877,0.2727,0.3636,0.3636,42,8,145,2,0,0,0,1,0,0,1,0,1.872,-13.234,-14.792,0.9631,0.9976,82.98
shard3_out_156,2,5,2,11,3,9,6,21,5.509,4.231,1,5.494,8.364,0.0,0.5556,0.4444,9,3,138,0,0,0,0,0,0,0,0,0,1.651,-11.809,-13.449,0.9767,0.9987,81.5
shard3_out_157,2,4,2,10,3,8,5,18,4.84,4.084,1,4.988,8.979,0.5,0.375,0.125,13,4,104,1,0,0,0,1,0,0,0,0,2.144,-12.554,-14.143,0.9692,0.9985,81.61
shard3_out_158,3,5,3,13,4,10,6,21,5.452,4.144,1,6.319,12.882,0.0909,0.5455,0.3636,37,10,164,3,1,0,1,1,0,0,0,0,2.388,-12.13,-13.621,0.9678,0.998,83.09
shard3_out_159,2,4,2,10,3,8,5,18,4.407,4.237,1,5.073,9.331,0.0,0.5,0.5,7,4,117,1,0,0,0,0,0,1,0,0,2.539,-12.464,-13.649,0.9586,0.998,81.42
shard3_out_16,2,5,3,12,3,9,6,21,4.912,4.121,1,5.432,12.031,0.6,0.2,0.2,28,7,128,2,0,0,0,1,0,1,0,0,1.958,-12.982,-14.679,0.9623,0.9977,82.15
shard3_out_160,3,6,3,14,4,11,7,24,4.608,3.986,1,6.431,5.24,0.1667,0.5833,0.25,33,12,154,2,0,0,1,0,0,1,0,0,2.655,-12.558,-14.349,0.9521,0.9965,83.32
shard3_out_161,3,5,2,12,4,10,6,21,5.369,4.221,1,5.71,8.818,0.2,0.7,0.1,40,7,140,2,0,0,0,1,0,1,0,0,1.49,-12.047,-13.477,0.9782,0.9986,82.74
shard3_out_162,1,6,2,11,2,9,7,24,5.132,4.174,1,5.354,8.096,0.3333,0.4444,0.2222,10,5,132,1,0,0,0,1,0,0,0,0,1.674,-12.151,-13.507,0.9641,0.9981,81.82
shard3_out_163,1,5,2,10,2,8,6,21,5.078,4.116,1,5.135,13.902,0.5,0.125,0.375,31,7,94,2,0,0,0,1,0,0,0,1,1.614,-12.344,-14.5,0.9511,0.9976,81.45
shard3_out_164,1,6,2,11,2,9,7,24,5.11,4.139,1,5.36,11.689,0.5556,0.3333,0.1111,19,6,142,2,1,0,0,1,0,0,0,0,1.602,-11.765,-12.833,0.9698,0.9984,81.44
shard3_out_165,3,5,3,13,4,10,6,21,4.518,4.07,1,6.281,20.175,0.5455,0.3636,0.0909,33,10,146,2,1,0,0,1,0,0,0,0,3.301,-13.492,-14.937,0.9586,0.9974,83.38
shard3_out_166,2,4,3,11,3,8,5,18,4.634,4.118,1,5.673,12.642,0.2222,0.5556,0.2222,34,10,142,3,1,1,0,1,0,0,0,0,3.268,-12.515,-14.042,0.9642,0.9981,81.82
shard3_out_167,2,5,2,11,3,9,6,21,5.191,4.554,1,5.375,10.353,0.1111,0.6667,0.2222,16,5,127,0,0,0,0,0,0,0,0,0,1.493,-12.124,-14.241,0.9564,0.9976,81.52
shard3_out_168,1,5,1,9,2,8,6,21,4.701,4.135,1,4.339,6.025,0.4286,0.2857,0.2857,15,4,100,0,0,0,0,0,0,0,0,0,1.498,-12.468,-13.189,0.9764,0.9989,80.43
shard3_out_169,1,4,2,9,2,7,5,18,4.856,4.124,1,4.814,11.682,0.4286,0.1429,0.4286,26,5,87,2,0,0,0,1,0,1,0,0,2.399,-12.964,-14.195,0.9662,0.9985,80.26
shard3_out_17,3,5,3,13,4,10,6,21,4.164,4.017,1,5.803,12.013,0.2727,0.5455,0.1818,36,10,155,4,1,1,1,1,0,0,0,0,2.873,-12.708,-14.35,0.9524,0.9968,83.13
shard3_out_170,1,5,1,9,2,8,6,21,4.867,4.055,1,5.03,8.517,0.0,0.5714,0.4286,32,7,132,1,0,0,1,0,0,0,0,0,2.417,-13.773,-11.559,0.9712,0.9988,80.28
shard3_out_171,3,6,1,12,4,11,7,24,5.511,4.044,1,5.037,5.428,0.4,0.3,0.3,14,5,118,1,0,0,0,1,0,0,0,0,1.496,-13.007,-13.277,0.9649,0.9978,82.02
shard3_out_172,3,4,1,10,4,9,5,18,5.359,4.027,1,4.943,7.712,0.0,0.75,0.25,33,7,108,2,0,0,0,1,0,1,0,0,1.141,-12.096,-13.1,0.9835,0.9992,81.32
shard3_out_173,2,5,2,11,3,9,6,21,4.881,4.112,1,4.918,8.237,0.4444,0.2222,0.3333,10,4,128,0,0,0,0,0,0,0,0,0,2.195,-12.361,-13.933,0.9699,0.9983,81.37
shard3_out_174,3,4,2,11,4,9,5,18,4.229,3.976,1,5.15,8.626,0.0,0.5556,0.4444,6,3,116,0,0,0,0,0,0,0,0,0,2.373,-12.727,-13.989,0.9641,0.998,81.44
shard3_out_175,3,6,3,14,4,11,7,24,5.355,4.286,1,5.872,15.794,0.9167,0.0,0.0833,19,7,153,1,1,0,0,0,0,0,0,0,2.315,-12.635,-14.247,0.9559,0.9968,83.35
shard3_out_176,1,5,3,11,2,8,6,21,4.662,4.226,1,5.64,13.586,0.4444,0.4444,0.1111,59,12,132,4,1,1,0,1,0,1,0,0,2.96,-12.687,-14.64,0.9776,0.9988,81.37
shard3_out_177,1,6,2,11,2,9,7,24,4.753,3.885,1,5.401,8.163,0.5556,0.2222,0.2222,19,6,125,1,0,0,0,1,0,0,0,0,1.192,-12.081,-13.738,0.9573,0.9975,81.37
shard3_out_178,2,5,2,11,3,9,6,21,4.562,3.921,1,4.992,8.545,0.3333,0.4444,0.2222,27,8,130,3,1,0,0,1,0,1,0,0,2.034,-12.306,-14.031,0.9785,0.9988,81.52
shard3_out_179,2,5,2,11,3,9,6,21,3.793,4.346,1,5.368,5.505,0.3333,0.4444,0.2222,32,7,121,1,0,0,0,0,0,0,0,1,2.33,-11.651,-13.649,0.9567,0.9976,81.37
shard3_out_18,3,6,2,13,4,11,7,24,5.343,4.261,1,5.898,6.784,0.2727,0.6364,0.0909,28,9,157,3,1,0,0,1,0,1,0,0,1.623,-11.96,-13.49,0.9678,0.9978,83.12
shard3_out_180,3,5,1,11,4,10,6,21,4.79,4.01,1,5.232,12.213,0.7778,0.1111,0.1111,53,12,146,2,0,0,0,1,0,0,0,1,1.508,-11.966,-13.051,0.983,0.9991,81.27
shard3_out_181,1,5,1,9,2,8,6,21,4.461,4.146,1,4.409,8.356,0.5714,0.2857,0.1429,37,6,108,1,0,0,0,1,0,0,0,0,2.158,-13.686,-13.806,0.9774,0.9989,80.12
shard3_out_182,1,4,3,10,2,7,5,18,4.45,4.266,1,5.354,10.268,0.125,0.5,0.375,23,7,125,2,1,0,0,1,0,0,0,0,3.488,-13.374,-14.218,0.9631,0.9983,81.4
shard3_out_183,3,5,2,12,4,10,6,21,4.758,4.109,1,5.255,7.6,0.3,0.4,0.3,27,6,122,2,0,0,0,1,0,0,1,0,1.674,-12.872,-14.343,0.9617,0.9976,82.06
shard3_out_184,1,4,3,10,2,7,5,18,4.031,4.068,1,5.861,11.837,0.125,0.5,0.375,19,8,130,2,1,0,0,0,0,1,0,0,3.078,-12.593,-13.958,0.9628,0.9982,81.54
shard3_out_185,2,4,3,11,3,8,5,18,4.928,4.193,1,5.887,10.631,0.2222,0.3333,0.4444,27,9,114,3,1,0,0,1,0,1,0,0,2.912,-12.491,-14.671,0.9624,0.9981,81.28
shard3_out_186,1,4,2,9,2,7,5,18,4.54,4.288,1,4.966,10.8,0.4286,0.2857,0.2857,9,5,97,2,1,0,0,0,0,1,0,0,1.775,-11.772,-14.321,0.9758,0.9989,80.19
shard3_out_187,3,6,3,14,4,11,7,24,5.291,4.32,1,6.559,10.029,0.25,0.6667,0.0833,53,11,161,3,1,0,0,1,0,1,0,0,2.236,-12.173,-13.883,0.9593,0.9972,83.44
shard3_out_188,1,6,1,10,2,9,7,24,5.374,4.059,1,4.679,8.422,0.75,0.25,0.0,21,8,109,2,0,0,0,1,0,1,0,0,1.62,-12.655,-13.31,0.9681,0.9984,81.71
shard3_out_189,3,4,2,11,4,9,5,18,4.791,4.321,1,5.094,11.287,0.3333,0.4444,0.2222,3,3,107,0,0,0,0,0,0,0,0,0,1.482,-11.966,-14.834,0.9647,0.998,81.67
shard3_out_19,3,5,3,13,4,10,6,21,4.767,3.892,1,5.853,4.035,0.0909,0.4545,0.4545,12,6,129,1,0,0,1,0,0,0,0,0,2.769,-13.084,-14.036,0.9616,0.9974,83.01
shard3_out_190,2,6,3,13,3,10,7,24,4.821,4.288,1,5.586,18.13,0.3636,0.2727,0.3636,65,7,114,2,1,0,0,1,0,0,0,0,1.998,-13.538,-14.831,0.9622,0.9976,83.0
shard3_out_191,1,5,1,9,2,8,6,21,4.852,4.091,1,4.483,7.606,0.2857,0.2857,0.4286,18,6,110,2,0,0,0,1,0,1,0,0,0.765,-12.195,-12.983,0.982,0.9992,80.87
shard3_out_192,1,4,3,10,2,7,5,18,4.876,3.892,1,5.504,10.51,0.375,0.375,0.25,7,3,113,0,0,0,0,0,0,0,0,0,2.624,-12.877,-15.032,0.941,0.9967,81.49
shard3_out_193,2,4,2,10,3,8,5,18,4.557,4.079,1,5.087,14.104,0.25,0.25,0.5,16,5,142,1,0,0,0,1,0,0,0,0,2.254,-12.172,-13.014,0.9607,0.9982,81.35
shard3_out_194,2,5,2,11,3,9,6,21,4.886,4.159,1,5.102,14.522,0.5556,0.1111,0.3333,20,6,118,2,1,0,0,1,0,0,0,0,2.604,-13.358,-14.292,0.9769,0.9987,81.34
shard3_out_195,1,5,1,9,2,8,6,21,5.522,4.122,1,4.858,8.96,0.1429,0.5714,0.2857,3,3,106,0,0,0,0,0,0,0,0,0,0.569,-11.339,-12.892,0.9715,0.9987,80.12
shard3_out_196,1,6,2,11,2,9,7,24,5.324,4.278,1,5.256,11.079,0.2222,0.4444,0.3333,20,6,136,2,0,0,0,1,0,1,0,0,2.11,-12.618,-13.469,0.9619,0.9979,81.53
shard3_out_197,3,4,1,10,4,9,5,18,5.258,3.939,1,4.711,9.479,0.125,0.625,0.25,16,5,92,2,0,0,0,1,0,1,0,0,0.841,-12.02,-14.288,0.9708,0.9985,81.68
shard3_out_198,3,5,2,12,4,10,6,21,4.689,4.048,1,4.985,9.647,0.6,0.2,0.2,31,5,124,1,0,0,0,1,0,0,0,0,1.981,-13.5,-15.045,0.9768,0.9986,82.08
shard3_out_199,1,6,1,10,2,9,7,24,5.308,4.291,1,4.935,7.626,0.25,0.25,0.5,23,5,96,1,0,0,0,1,0,0,0,0,1.391,-13.01,-14.447,0.9616,0.9981,81.44
shard3_out_2,2,6,3,13,3,10,7,24,4.556,4.145,1,6.397,10.812,0.1818,0.3636,0.4545,42,12,154,2,1,0,0,1,0,0,0,0,2.517,-12.258,-13.921,0.9607,0.9974,83.12
shard3_out_20,3,5,2,12,4,10,6,21,4.875,3.995,1,5.334,7.551,0.4,0.4,0.2,23,6,127,2,1,0,0,1,0,0,0,0,2.037,-13.288,-13.322,0.9532,0.997,82.02
shard3_out_200,1,5,1,9,2,8,6,21,4.432,4.148,1,4.484,7.965,0.2857,0.4286,0.2857,25,6,109,2,0,0,0,1,0,1,0,0,2.406,-13.685,-13.147,0.9633,0.9984,80.24
shard3_out_201,3,6,3,14,4,11,7,24,5.743,4.083,1,6.327,19.459,0.6667,0.0833,0.25,11,7,147,0,0,0,0,0,0,0,0,0,1.219,-12.001,-13.77,0.9667,0.9976,83.31
shard3_out_202,2,4,1,9,3,8,5,18,4.688,4.086,1,4.457,4.765,0.1429,0.5714,0.2857,4,3,99,0,0,0,0,0,0,0,0,0,0.884,-11.215,-13.319,0.9792,0.9991,80.13
shard3_out_203,1,4,3,10,2,7,5,18,4.601,4.107,1,5.747,11.712,0.5,0.125,0.375,27,8,127,3,1,1,0,1,0,0,0,0,3.422,-12.51,-14.685,0.96,0.9982,81.92
shard3_out_204,3,4,1,10,4,9,5,18,5.467,4.102,1,4.822,5.923,0.25,0.625,0.125,24,5,119,2,0,0,1,1,0,0,0,0,1.246,-12.617,-12.921,0.9774,0.9989,82.21
shard3_out_205,3,5,2,12,4,10,6,21,4.439,4.339,1,5.054,11.204,0.5,0.4,0.1,39,8,140,2,0,0,0,1,0,1,0,0,2.212,-12.861,-14.929,0.974,0.9985,82.57
shard3_out_206,2,6,1,11,3,10,7,24,5.208,3.986,1,4.943,4.961,0.4444,0.3333,0.2222,3,3,115,0,0,0,0,0,0,0,0,0,1.0,-12.109,-13.186,0.9667,0.9981,81.54
shard3_out_207,2,5,2,11,3,9,6,21,4.977,4.14,1,5.478,16.627,0.4444,0.4444,0.1111,23,6,128,1,0,0,0,0,0,1,0,0,1.258,-11.576,-13.356,0.969,0.9983,81.46
shard3_out_208,2,5,1,10,3,9,6,21,4.509,4.153,1,4.478,5.702,0.5,0.375,0.125,24,7,111,2,0,0,0,1,0,1,0,0,2.064,-12.928,-13.871,0.9756,0.9988,81.43
shard3_out_209,1,4,3,10,2,7,5,18,4.884,4.126,1,5.902,13.166,0.375,0.375,0.25,37,9,132,3,1,1,0,0,0,1,0,0,3.011,-11.994,-14.201,0.9745,0.9988,81.43
shard3_out_21,3,6,3,14,4,11,7,24,5.519,4.369,1,5.252,8.929,0.75,0.1667,0.0833,28,9,125,2,0,0,0,1,0,0,1,0,2.163,-13.272,-14.999,0.9633,0.9973,83.46
shard3_out_210,3,4,3,12,4,9,5,18,4.711,4.15,1,6.025,12.446,0.0,0.5,0.5,52,12,160,4,1,0,0,1,0,1,1,0,2.799,-12.445,-14.505,0.9467,0.9969,82.1
shard3_out_211,1,5,1,9,2,8,6,21,5.728,4.063,1,4.914,11.939,0.5714,0.2857,0.1429,24,5,83,2,0,0,0,1,0,0,0,1,2.141,-12.591,-13.368,0.971,0.9987,80.31
shard3_out_212,1,5,3,11,2,8,6,21,5.757,3.559,1,6.151,15.023,0.4444,0.3333,0.2222,32,9,135,3,1,0,1,0,0,0,0,1,2.848,-12.102,-14.317,0.951,0.9974,81.43
shard3_out_213,3,5,1,11,4,10,6,21,4.718,4.279,1,5.03,12.937,0.6667,0.2222,0.1111,27,8,133,2,0,0,0,1,0,0,0,1,1.554,-12.776,-13.412,0.959,0.9978,81.53
shard3_out_214,2,6,1,11,3,10,7,24,4.98,4.024,1,4.62,5.456,0.3333,0.3333,0.3333,22,6,119,1,0,0,0,1,0,0,0,0,1.545,-12.792,-13.619,0.9645,0.998,81.27
shard3_out_215,2,6,3,13,3,10,7,24,5.153,4.44,1,6.268,18.555,0.6364,0.1818,0.1818,40,11,164,2,1,0,0,0,0,1,0,0,2.643,-12.671,-14.218,0.9728,0.9983,83.24
shard3_out_216,1,5,2,10,2,8,6,21,5.009,4.214,1,5.17,13.395,0.0,0.375,0.625,16,6,132,2,0,0,1,1,0,0,0,0,2.805,-12.627,-12.817,0.9575,0.9979,81.36
shard3_out_217,1,5,1,9,2,8,6,21,4.837,4.231,1,4.458,8.527,0.0,0.4286,0.5714,13,6,113,2,0,0,0,1,0,1,0,0,2.095,-12.573,-12.499,0.9633,0.9985,80.19
shard3_out_218,3,6,3,14,4,11,7,24,4.757,4.083,1,6.123,18.414,0.4167,0.25,0.3333,39,10,155,2,1,0,0,1,0,0,0,0,3.024,-13.171,-14.752,0.964,0.9975,83.43
shard3_out_219,3,6,3,14,4,11,7,24,4.629,3.983,1,6.557,14.116,0.1667,0.75,0.0833,65,12,163,3,1,0,1,1,0,0,0,0,2.002,-12.167,-13.906,0.9715,0.9981,83.36
shard3_out_22,3,4,2,11,4,9,5,18,5.572,4.257,1,5.516,7.429,0.1111,0.7778,0.1111,34,7,134,2,1,0,0,1,0,0,0,0,1.958,-12.779,-13.827,0.9766,0.9986,81.46
shard3_out_220,1,6,1,10,2,9,7,24,5.749,4.169,1,4.941,11.435,0.625,0.0,0.375,26,7,118,2,0,0,0,1,0,1,0,0,1.679,-12.629,-13.188,0.9625,0.9982,81.6
shard3_out_221,1,4,1,8,2,7,5,18,5.445,3.948,1,4.634,12.426,0.5,0.3333,0.1667,30,8,91,2,0,0,0,1,0,0,0,1,1.698,-11.268,-13.924,0.977,0.9991,79.83
shard3_out_222,2,5,1,10,3,9,6,21,4.978,4.137,1,4.888,6.066,0.0,0.5,0.5,20,5,114,1,0,0,1,0,0,0,0,0,1.754,-12.895,-12.803,0.9564,0.9978,81.55
shard3_out_223,1,6,1,10,2,9,7,24,5.392,4.346,1,5.004,7.51,0.25,0.625,0.125,4,2,109,0,0,0,0,0,0,0,0,0,0.264,-11.35,-13.881,0.9698,0.9984,81.27
shard3_out_224,3,4,2,11,4,9,5,18,4.397,4.07,1,4.827,5.374,0.3333,0.3333,0.3333,9,4,98,0,0,0,0,0,0,0,0,0,1.558,-12.382,-14.558,0.9646,0.998,82.13
shard3_out_225,1,6,3,12,2,9,7,24,4.601,4.228,1,5.952,13.865,0.6,0.4,0.0,41,10,134,2,1,0,0,1,0,0,0,0,2.472,-12.595,-14.255,0.9702,0.9983,81.93
shard3_out_226,1,5,1,9,2,8,6,21,5.158,4.251,1,4.628,7.295,0.2857,0.5714,0.1429,22,5,105,2,0,0,0,1,0,1,0,0,1.098,-12.214,-12.836,0.973,0.9988,80.22
shard3_out_227,1,5,2,10,2,8,6,21,4.922,4.17,1,5.212,10.882,0.25,0.25,0.5,25,7,129,3,0,0,1,1,0,1,0,0,2.29,-12.594,-12.761,0.9583,0.998,81.31
shard3_out_228,1,4,2,9,2,7,5,18,4.468,4.18,1,4.635,10.369,0.2857,0.4286,0.2857,19,5,112,1,0,0,0,1,0,0,0,0,3.173,-13.179,-14.056,0.971,0.9987,80.37
shard3_out_229,3,4,3,12,4,9,5,18,4.637,4.108,1,5.988,13.617,0.3,0.3,0.4,43,11,137,3,1,0,0,1,0,0,1,0,2.186,-12.586,-15.172,0.9581,0.9975,81.88
shard3_out_23,3,5,2,12,4,10,6,21,4.819,4.079,1,5.116,6.05,0.5,0.5,0.0,48,9,140,2,1,0,0,1,0,0,0,0,3.2,-13.368,-15.12,0.9682,0.9981,82.19
shard3_out_230,3,4,2,11,4,9,5,18,4.358,4.07,1,5.389,4.279,0.0,0.6667,0.3333,25,7,132,1,0,0,1,0,0,0,0,0,2.939,-12.425,-14.08,0.9625,0.9978,81.51
shard3_out_231,3,6,1,12,4,11,7,24,4.882,4.169,1,5.328,9.957,0.2,0.7,0.1,33,5,140,2,0,0,0,1,0,1,0,0,1.071,-12.028,-13.281,0.9779,0.9987,82.15
shard3_out_232,1,5,2,10,2,8,6,21,4.341,4.109,1,5.036,8.454,0.125,0.25,0.625,18,6,126,1,0,0,0,1,0,0,0,0,2.546,-12.838,-13.574,0.966,0.9983,81.3
shard3_out_233,3,6,1,12,4,11,7,24,5.137,4.223,1,4.848,4.473,0.4,0.2,0.4,48,5,109,1,0,0,0,1,0,0,0,0,1.651,-12.915,-14.761,0.9636,0.9978,82.02
shard3_out_234,3,6,2,13,4,11,7,24,4.934,4.04,1,5.265,8.427,0.5455,0.2727,0.1818,35,9,127,2,0,0,0,1,0,0,1,0,1.775,-12.607,-14.967,0.9683,0.9979,83.07
shard3_out_235,3,4,1,10,4,9,5,18,4.734,4.143,1,4.69,10.346,0.375,0.375,0.25,10,4,114,0,0,0,0,0,0,0,0,0,1.243,-12.644,-13.302,0.9748,0.9988,81.34
shard3_out_236,1,4,1,8,2,7,5,18,5.357,4.096,1,4.478,8.065,0.0,0.6667,0.3333,3,2,85,0,0,0,0,0,0,0,0,0,1.218,-11.688,-13.22,0.9842,0.9993,80.23
shard3_out_237,1,6,3,12,2,9,7,24,5.287,3.946,1,5.234,9.199,0.7,0.2,0.1,22,7,123,2,0,0,0,1,0,1,0,0,2.411,-13.104,-14.607,0.9731,0.9984,82.59
shard3_out_238,1,5,1,9,2,8,6,21,4.378,4.137,1,4.467,7.16,0.5714,0.4286,0.0,22,5,112,0,0,0,0,0,0,0,0,0,2.236,-13.498,-12.792,0.9756,0.9989,80.21
shard3_out_239,1,5,3,11,2,8,6,21,4.39,3.989,1,6.429,11.45,0.2222,0.6667,0.1111,32,8,140,1,1,0,0,0,0,0,0,0,2.385,-12.22,-13.425,0.9677,0.9983,81.48
shard3_out_24,1,6,3,12,2,9,7,24,5.041,4.135,1,5.133,7.649,0.8,0.0,0.2,63,10,113,1,0,0,0,1,0,0,0,0,2.582,-13.027,-14.938,0.9679,0.998,82.13
shard3_out_240,1,4,3,10,2,7,5,18,4.82,4.152,1,5.867,15.101,0.125,0.375,0.5,34,9,141,3,1,1,0,1,0,0,0,0,3.796,-12.662,-13.655,0.9636,0.9983,81.66
shard3_out_241,1,5,2,10,2,8,6,21,4.561,4.308,1,5.147,9.525,0.375,0.5,0.125,30,8,136,1,0,0,0,1,0,0,0,0,3.228,-13.519,-13.536,0.9594,0.998,81.37
shard3_out_242,2,6,1,11,3,10,7,24,5.088,4.174,1,4.891,7.192,0.3333,0.3333,0.3333,28,9,124,3,0,0,0,1,0,1,1,0,1.921,-13.373,-13.589,0.965,0.9981,81.39
shard3_out_243,3,6,2,13,4,11,7,24,5.33,4.127,1,5.794,18.09,0.8182,0.1818,0.0,16,5,147,1,0,0,0,1,0,0,0,0,1.397,-12.224,-13.675,0.9675,0.9979,83.08
shard3_out_244,3,4,3,12,4,9,5,18,3.992,3.921,1,5.686,6.518,0.1,0.8,0.1,17,4,112,0,0,0,0,0,0,0,0,0,1.88,-12.757,-14.948,0.9311,0.9953,82.16
shard3_out_245,3,4,3,12,4,9,5,18,3.952,4.032,1,5.605,10.445,0.0,0.6,0.4,29,7,128,1,0,0,1,0,0,0,0,0,1.54,-12.695,-14.42,0.9544,0.9971,82.22
shard3_out_246,1,4,3,10,2,7,5,18,5.067,4.146,1,6.259,14.487,0.25,0.625,0.125,24,7,120,2,1,0,0,0,0,1,0,0,2.109,-12.397,-14.251,0.9715,0.9986,81.3
shard3_out_247,3,6,1,12,4,11,7,24,4.348,4.049,1,4.984,4.793,0.4,0.3,0.3,14,5,128,1,0,0,1,0,0,0,0,0,1.55,-12.58,-13.717,0.9632,0.9977,81.78
shard3_out_248,2,4,1,9,3,8,5,18,5.179,3.964,1,4.572,8.025,0.0,0.7143,0.2857,9,4,104,1,0,0,0,0,0,1,0,0,1.159,-11.628,-13.442,0.9868,0.9994,80.16
shard3_out_249,1,6,3,12,2,9,7,24,5.93,4.103,1,6.188,14.367,0.4,0.3,0.3,79,14,156,4,1,1,0,1,0,0,0,1,3.17,-12.54,-13.665,0.9789,0.9988,81.96
shard3_out_25,3,6,2,13,4,11,7,24,5.302,4.082,1,5.806,4.821,0.0,0.6364,0.3636,21,9,153,2,1,0,0,1,0,0,0,0,1.434,-12.645,-13.591,0.9593,0.9972,83.24
shard3_out_250,2,5,1,10,3,9,6,21,5.451,4.053,1,4.906,7.069,0.125,0.625,0.25,6,2,117,0,0,0,0,0,0,0,0,0,1.067,-11.963,-12.655,0.9813,0.9991,81.27
shard3_out_251,1,5,2,10,2,8,6,21,4.518,4.134,1,5.134,9.504,0.375,0.5,0.125,16,5,124,3,0,0,1,1,0,1,0,0,2.495,-12.509,-12.956,0.9624,0.9982,81.45
shard3_out_252,3,6,3,14,4,11,7,24,5.446,4.13,1,6.059,11.295,0.5,0.4167,0.0833,31,8,141,2,1,0,0,1,0,0,0,0,2.513,-12.632,-14.764,0.9614,0.9974,83.19
shard3_out_253,2,6,2,12,3,10,7,24,4.84,4.106,1,4.889,7.453,0.7,0.2,0.1,21,5,101,2,0,0,0,1,0,1,0,0,2.112,-13.222,-14.535,0.9607,0.9975,82.2
shard3_out_254,3,4,3,12,4,9,5,18,4.435,4.137,1,5.669,10.961,0.1,0.7,0.2,20,9,128,3,1,1,0,0,0,1,0,0,2.325,-12.08,-15.127,0.9734,0.9983,82.45
shard3_out_255,2,5,2,11,3,9,6,21,4.803,4.272,1,5.179,14.509,0.5556,0.2222,0.2222,29,6,146,2,1,0,0,1,0,0,0,0,2.109,-13.09,-13.633,0.9777,0.9988,81.41
shard3_out_256,1,4,1,8,2,7,5,18,4.365,3.979,1,4.26,6.357,0.1667,0.1667,0.6667,7,3,92,0,0,0,0,0,0,0,0,0,2.269,-12.964,-13.015,0.9523,0.9981,80.09
shard3_out_257,3,6,2,13,4,11,7,24,4.585,4.281,1,5.162,10.328,0.4545,0.4545,0.0909,44,10,144,3,1,0,0,1,0,1,0,0,1.953,-13.467,-14.725,0.9562,0.9971,83.32
shard3_out_258,1,6,2,11,2,9,7,24,4.649,4.12,1,5.547,9.374,0.3333,0.3333,0.3333,34,6,138,2,1,0,0,1,0,0,0,0,1.503,-12.519,-13.644,0.9591,0.9978,81.63
shard3_out_259,1,6,3,12,2,9,7,24,5.533,4.228,1,5.325,8.225,0.9,0.1,0.0,23,6,132,1,0,0,0,0,0,1,0,0,2.641,-12.923,-13.954,0.9623,0.9977,81.86
shard3_out_26,2,4,1,9,3,8,5,18,4.817,4.248,1,4.575,6.436,0.2857,0.5714,0.1429,11,3,110,0,0,0,0,0,0,0,0,0,2.07,-12.782,-12.949,0.9695,0.9986,80.6
shard3_out_260,3,5,1,11,4,10,6,21,4.835,4.119,1,4.694,4.874,0.4444,0.3333,0.2222,10,4,98,0,0,0,0,0,0,0,0,0,1.258,-12.473,-14.263,0.9787,0.9988,82.35
shard3_out_261,1,5,2,10,2,8,6,21,4.609,4.187,1,4.72,9.483,0.5,0.25,0.25,22,5,109,1,0,0,0,1,0,0,0,0,2.894,-13.48,-14.111,0.9669,0.9983,81.71
shard3_out_262,3,6,3,14,4,11,7,24,5.486,4.347,1,5.413,8.459,0.75,0.25,0.0,39,8,135,2,0,0,0,1,0,0,1,0,1.863,-12.803,-15.204,0.9714,0.998,83.26
shard3_out_263,2,4,3,11,3,8,5,18,4.66,4.146,1,6.051,15.713,0.2222,0.3333,0.4444,24,8,155,2,1,0,1,0,0,0,0,0,3.124,-12.952,-13.691,0.964,0.9982,81.34
shard3_out_264,3,6,3,14,4,11,7,24,4.464,4.151,1,6.07,12.036,0.4167,0.5,0.0833,21,8,155,2,0,0,1,0,0,1,0,0,2.605,-12.663,-14.13,0.9544,0.9968,83.83
shard3_out_265,2,6,2,12,3,10,7,24,4.592,4.061,1,5.246,10.486,0.3,0.3,0.4,46,11,148,3,0,0,0,1,0,1,1,0,1.953,-12.832,-13.714,0.9696,0.9982,82.34
shard3_out_266,3,5,2,12,4,10,6,21,4.882,4.114,1,5.726,11.721,0.2,0.7,0.1,35,10,149,3,1,0,0,1,0,1,0,0,1.67,-12.027,-13.937,0.9676,0.998,81.79
shard3_out_267,1,5,3,11,2,8,6,21,4.684,4.06,1,5.488,11.295,0.2222,0.2222,0.5556,22,9,153,2,1,0,0,1,0,0,0,0,3.443,-13.042,-13.029,0.9784,0.9989,81.27
shard3_out_268,2,4,1,9,3,8,5,18,4.6,4.135,1,4.397,5.305,0.2857,0.4286,0.2857,13,4,92,1,0,0,0,1,0,0,0,0,1.904,-12.926,-13.788,0.9647,0.9983,80.21
shard3_out_269,1,4,1,8,2,7,5,18,4.228,4.112,1,4.281,6.265,0.0,0.3333,0.6667,6,4,97,0,0,0,0,0,0,0,0,0,1.866,-12.435,-12.298,0.9669,0.9988,79.91
shard3_out_27,1,4,3,10,2,7,5,18,5.106,4.164,1,5.588,11.283,0.25,0.5,0.25,9,5,105,1,0,0,0,1,0,0,0,0,2.14,-12.463,-14.644,0.9659,0.9982,81.4
shard3_out_270,1,6,3,12,2,9,7,24,4.581,4.299,1,5.827,13.46,0.3,0.5,0.2,52,12,140,2,1,0,0,1,0,0,0,0,2.993,-13.214,-14.221,0.9585,0.9977,81.93
shard3_out_271,2,5,2,11,3,9,6,21,4.63,4.247,1,5.151,13.437,0.4444,0.4444,0.1111,25,7,140,1,0,0,0,1,0,0,0,0,2.867,-12.906,-14.083,0.9636,0.998,81.72
shard3_out_272,1,5,3,11,2,8,6,21,5.503,4.061,1,5.329,12.777,0.7778,0.1111,0.1111,45,8,95,2,0,0,0,1,0,0,0,1,2.368,-12.753,-14.798,0.9766,0.9987,81.46
shard3_out_273,1,5,1,9,2,8,6,21,4.907,3.943,1,4.446,8.032,0.4286,0.1429,0.4286,18,5,92,2,0,0,0,1,0,1,0,0,1.376,-12.328,-13.733,0.9616,0.9982,80.36
shard3_out_274,3,4,1,10,4,9,5,18,4.376,4.108,1,4.734,12.653,0.375,0.375,0.25,25,4,105,1,0,0,0,1,0,0,0,0,1.698,-12.805,-13.384,0.9563,0.9979,81.36
shard3_out_275,1,5,2,10,2,8,6,21,4.965,4.335,1,5.342,13.9,0.5,0.375,0.125,37,9,120,3,1,0,0,1,0,0,0,1,1.855,-11.241,-14.156,0.9787,0.999,81.35
shard3_out_276,2,5,3,12,3,9,6,21,5.291,4.193,1,6.285,11.496,0.3,0.6,0.1,13,6,153,1,1,0,0,0,0,0,0,0,2.383,-11.847,-13.692,0.974,0.9985,82.02
shard3_out_277,3,5,1,11,4,10,6,21,4.621,4.072,1,5.037,8.29,0.3333,0.4444,0.2222,21,5,120,2,0,0,1,1,0,0,0,0,1.222,-11.892,-13.404,0.9473,0.997,81.33
shard3_out_278,2,6,3,13,3,10,7,24,5.516,4.167,1,5.851,12.818,0.5455,0.4545,0.0,52,13,160,1,0,0,0,1,0,0,0,0,3.107,-12.35,-13.741,0.9795,0.9987,83.11
shard3_out_279,1,4,1,8,2,7,5,18,4.593,4.23,1,4.108,9.334,0.3333,0.3333,0.3333,19,3,72,1,0,0,0,1,0,0,0,0,2.481,-13.81,-13.948,0.977,0.999,79.91
shard3_out_28,3,5,3,13,4,10,6,21,4.566,4.119,1,6.182,10.857,0.0909,0.2727,0.6364,58,12,153,2,0,0,0,1,0,0,1,0,2.087,-13.223,-15.008,0.9592,0.9975,83.12
shard3_out_280,3,6,2,13,4,11,7,24,5.448,4.087,1,5.271,12.25,0.4545,0.0909,0.4545,21,8,144,3,0,0,0,1,0,1,1,0,1.769,-12.325,-14.192,0.9656,0.9977,83.03
shard3_out_281,2,6,3,13,3,10,7,24,4.249,4.477,1,5.958,7.099,0.0909,0.7273,0.1818,28,8,112,1,1,0,0,0,0,0,0,0,2.234,-12.664,-16.047,0.9511,0.9966,82.94
shard3_out_282,1,4,3,10,2,7,5,18,4.839,4.129,1,6.137,12.962,0.25,0.625,0.125,12,5,114,1,1,0,0,0,0,0,0,0,2.402,-12.114,-14.354,0.9738,0.9987,81.49
shard3_out_283,3,6,2,13,4,11,7,24,4.044,4.038,1,5.604,8.071,0.3636,0.3636,0.2727,13,6,147,1,1,0,0,0,0,0,0,0,2.035,-11.903,-13.36,0.9693,0.998,83.15
shard3_out_284,1,6,2,11,2,9,7,24,5.117,3.87,1,5.294,11.862,0.4444,0.3333,0.2222,10,5,120,2,0,0,0,1,0,1,0,0,1.665,-12.404,-14.062,0.972,0.9984,81.69
shard3_out_285,2,4,1,9,3,8,5,18,4.655,4.109,1,4.63,5.334,0.2857,0.4286,0.2857,10,3,104,1,0,0,0,0,0,1,0,0,1.492,-11.446,-12.913,0.9702,0.9986,81.1
shard3_out_286,2,5,1,10,3,9,6,21,5.314,4.249,1,4.504,5.768,0.375,0.375,0.25,23,5,100,1,0,0,0,1,0,0,0,0,1.294,-12.287,-13.742,0.9704,0.9985,81.39
shard3_out_287,2,4,1,9,3,8,5,18,5.139,4.238,1,4.607,5.945,0.2857,0.5714,0.1429,15,5,108,0,0,0,0,0,0,0,0,0,2.258,-12.858,-13.546,0.9635,0.9984,80.73
shard3_out_288,1,4,3,10,2,7,5,18,4.508,4.193,1,5.528,13.288,0.5,0.375,0.125,23,7,116,1,0,0,0,1,0,0,0,0,3.579,-13.097,-14.885,0.9615,0.9982,81.55
shard3_out_289,1,5,2,10,2,8,6,21,4.617,4.205,1,5.089,11.672,0.5,0.375,0.125,36,10,146,4,1,0,0,1,0,1,0,1,2.832,-12.853,-13.881,0.9736,0.9987,81.28
shard3_out_29,1,4,3,10,2,7,5,18,4.153,4.118,1,5.722,11.436,0.25,0.375,0.375,12,6,118,2,1,0,0,0,0,1,0,0,3.094,-12.233,-14.127,0.9634,0.9983,81.55
shard3_out_290,3,6,1,12,4,11,7,24,5.249,4.148,1,4.913,5.295,0.5,0.3,0.2,46,11,151,2,0,0,0,1,0,1,0,0,2.279,-12.876,-13.326,0.9713,0.9984,82.31
shard3_out_291,1,6,2,11,2,9,7,24,4.958,4.227,1,4.798,9.322,0.4444,0.3333,0.2222,21,6,96,2,0,0,0,1,0,1,0,0,2.194,-13.287,-14.898,0.9657,0.9981,81.77
shard3_out_292,3,6,1,12,4,11,7,24,4.679,4.215,1,5.404,12.317,0.5,0.3,0.2,23,6,128,1,0,0,0,1,0,0,0,0,2.522,-13.224,-13.786,0.966,0.998,82.61
shard3_out_293,1,5,2,10,2,8,6,21,4.957,4.055,1,5.17,12.305,0.5,0.5,0.0,41,8,134,3,1,0,0,1,0,1,0,0,2.597,-13.062,-13.966,0.9741,0.9987,81.91
shard3_out_294,3,5,3,13,4,10,6,21,4.916,3.924,1,6.075,8.293,0.0909,0.4545,0.4545,20,6,124,2,1,0,0,0,0,1,0,0,1.969,-12.331,-14.829,0.9581,0.9972,83.15
shard3_out_295,3,5,2,12,4,10,6,21,4.881,4.297,1,5.53,16.089,0.6,0.3,0.1,34,7,153,2,1,0,0,1,0,0,0,0,1.919,-12.939,-13.356,0.9698,0.9983,82.33
shard3_out_296,3,5,3,13,4,10,6,21,5.172,4.136,1,5.208,8.02,0.7273,0.2727,0.0,26,7,135,2,0,0,0,1,0,0,1,0,1.938,-13.346,-14.857,0.9586,0.9972,82.96
shard3_out_297,1,4,3,10,2,7,5,18,5.055,3.982,1,6.05,13.77,0.125,0.625,0.25,27,8,141,2,1,0,0,0,0,1,0,0,2.939,-12.454,-13.419,0.9667,0.9985,81.23
shard3_out_298,3,5,3,13,4,10,6,21,4.648,4.144,1,5.763,11.545,0.4545,0.5455,0.0,60,12,169,4,1,0,0,1,0,1,1,0,2.721,-12.648,-14.95,0.9719,0.9982,83.09
shard3_out_299,1,5,3,11,2,8,6,21,4.776,4.008,1,5.64,11.482,0.3333,0.3333,0.3333,13,7,147,0,0,0,0,0,0,0,0,0,2.089,-11.796,-13.05,0.9694,0.9984,81.29
shard3_out_3,1,6,2,11,2,9,7,24,4.799,4.113,1,4.957,10.392,0.6667,0.2222,0.1111,19,6,115,2,0,0,0,1,0,1,0,0,2.198,-13.022,-14.043,0.9762,0.9986,81.63
shard3_out_30,2,4,2,10,3,8,5,18,4.761,4.231,1,4.907,9.073,0.375,0.5,0.125,9,6,111,2,1,0,0,0,0,1,0,0,1.967,-11.999,-14.343,0.9683,0.9984,81.48
shard3_out_300,2,5,3,12,3,9,6,21,5.188,4.337,1,5.969,11.886,0.5,0.5,0.0,20,9,137,3,1,0,0,1,0,1,0,0,2.37,-12.404,-14.07,0.9688,0.9982,82.16
shard3_out_301,2,6,1,11,3,10,7,24,4.676,4.172,1,4.763,6.242,0.4444,0.3333,0.2222,24,4,121,1,0,0,0,1,0,0,0,0,1.894,-13.228,-13.249,0.9587,0.9977,81.9
shard3_out_302,1,5,1,9,2,8,6,21,4.337,4.2,1,4.379,8.142,0.5714,0.2857,0.1429,32,7,104,2,0,0,0,1,0,1,0,0,2.0,-13.224,-14.058,0.9811,0.9991,80.53
shard3_out_303,3,6,3,14,4,11,7,24,4.2,4.19,1,6.131,4.926,0.25,0.6667,0.0833,15,4,140,0,0,0,0,0,0,0,0,0,1.906,-12.033,-14.698,0.9615,0.997,83.31
shard3_out_304,2,4,2,10,3,8,5,18,4.884,4.216,1,5.059,14.378,0.375,0.375,0.25,17,3,103,1,0,0,0,1,0,0,0,0,2.59,-13.207,-14.186,0.9558,0.9977,81.89
shard3_out_305,2,4,1,9,3,8,5,18,5.492,4.081,1,4.602,7.846,0.0,0.7143,0.2857,8,4,97,1,0,0,0,0,0,1,0,0,1.362,-11.442,-13.322,0.9826,0.9992,80.75
shard3_out_306,1,5,3,11,2,8,6,21,4.299,3.912,1,6.498,11.618,0.0,0.5556,0.4444,22,5,124,1,1,0,0,0,0,0,0,0,2.44,-12.427,-13.761,0.9558,0.9977,81.39
shard3_out_307,2,5,1,10,3,9,6,21,4.84,4.132,1,4.734,6.083,0.25,0.5,0.25,4,2,115,0,0,0,0,0,0,0,0,0,1.696,-11.463,-13.054,0.9699,0.9984,81.34
shard3_out_308,1,6,2,11,2,9,7,24,4.894,4.082,1,5.044,9.707,0.4444,0.1111,0.4444,33,8,130,2,0,0,0,1,0,1,0,0,2.435,-13.089,-14.339,0.9618,0.9979,81.38
shard3_out_309,3,5,1,11,4,10,6,21,5.491,4.172,1,5.016,6.379,0.1111,0.6667,0.2222,16,6,115,0,0,0,0,0,0,0,0,0,1.343,-12.597,-13.413,0.9705,0.9983,81.27
shard3_out_31,3,4,1,10,4,9,5,18,4.909,4.28,1,4.664,4.872,0.25,0.5,0.25,9,3,93,0,0,0,0,0,0,0,0,0,1.706,-12.069,-14.735,0.9763,0.9988,81.62
shard3_out_310,2,5,1,10,3,9,6,21,4.595,4.227,1,4.58,10.922,0.625,0.25,0.125,26,6,127,2,0,0,0,1,0,1,0,0,1.899,-13.234,-14.08,0.9752,0.9987,81.51
shard3_out_311,1,6,3,12,2,9,7,24,4.681,4.184,1,5.904,12.079,0.3,0.3,0.4,53,12,170,3,1,1,0,1,0,0,0,0,3.246,-12.402,-13.178,0.9654,0.9981,82.68
shard3_out_312,2,5,3,12,3,9,6,21,4.987,4.207,1,6.179,8.111,0.1,0.6,0.3,17,6,129,0,0,0,0,0,0,0,0,0,2.336,-12.369,-14.27,0.9704,0.9982,82.26
shard3_out_313,2,6,1,11,3,10,7,24,5.372,4.112,1,4.664,7.044,0.6667,0.1111,0.2222,17,4,111,1,0,0,0,0,0,1,0,0,1.629,-12.538,-13.775,0.9729,0.9985,81.44
shard3_out_314,1,6,3,12,2,9,7,24,4.231,4.052,1,5.381,11.646,0.5,0.0,0.5,52,10,142,2,0,0,0,1,0,1,0,0,3.458,-13.712,-14.417,0.9624,0.9979,82.29
shard3_out_315,1,6,1,10,2,9,7,24,5.371,4.187,1,4.583,7.727,0.75,0.25,0.0,13,6,111,1,0,0,0,0,0,1,0,0,1.57,-12.721,-13.268,0.9697,0.9985,81.48
shard3_out_316,2,4,3,11,3,8,5,18,4.399,3.949,1,5.947,14.322,0.1111,0.3333,0.5556,20,9,143,3,1,0,1,0,0,1,0,0,3.129,-12.402,-13.9,0.9608,0.998,81.96
shard3_out_317,2,6,2,12,3,10,7,24,5.328,4.083,1,5.201,14.916,0.9,0.0,0.1,5,4,114,1,0,0,0,0,0,1,0,0,0.944,-12.169,-13.86,0.978,0.9987,82.6
shard3_out_318,2,6,1,11,3,10,7,24,5.41,4.186,1,5.106,6.771,0.2222,0.5556,0.2222,4,2,135,0,0,0,0,0,0,0,0,0,0.967,-11.213,-12.616,0.968,0.9982,81.6
shard3_out_319,3,5,1,11,4,10,6,21,4.896,4.197,1,4.688,7.453,0.3333,0.3333,0.3333,14,6,106,1,0,0,0,1,0,0,0,0,2.033,-13.186,-13.94,0.9586,0.9977,81.24
shard3_out_32,1,6,3,12,2,9,7,24,4.291,4.116,1,6.157,9.445,0.2,0.5,0.3,51,11,142,3,1,0,0,1,0,1,0,0,1.881,-11.969,-15.276,0.9646,0.9979,82.51
shard3_out_320,1,6,1,10,2,9,7,24,4.075,4.482,1,4.445,6.024,0.5,0.25,0.25,33,7,106,2,0,0,0,1,0,0,0,1,0.983,-11.692,-14.071,0.972,0.9986,81.46
shard3_out_321,3,5,1,11,4,10,6,21,4.835,4.32,1,4.761,10.645,0.4444,0.4444,0.1111,36,6,119,2,0,0,0,1,0,1,0,0,1.493,-13.144,-14.363,0.9679,0.9982,81.35
shard3_out_322,3,6,2,13,4,11,7,24,4.636,4.103,1,5.706,17.014,0.4545,0.2727,0.2727,27,8,161,2,0,0,0,1,1,0,0,0,1.889,-12.475,-13.215,0.9743,0.9984,83.01
shard3_out_323,2,5,3,12,3,9,6,21,4.38,3.937,1,6.381,7.67,0.3,0.7,0.0,41,10,143,1,1,0,0,0,0,0,0,0,2.529,-12.158,-13.482,0.9705,0.9982,82.23
shard3_out_324,3,6,1,12,4,11,7,24,5.262,3.983,1,5.029,3.923,0.2,0.2,0.6,22,5,112,1,0,0,0,0,0,1,0,0,1.5,-12.323,-13.947,0.9504,0.9969,82.66
shard3_out_325,2,4,3,11,3,8,5,18,4.149,3.963,1,5.454,6.532,0.0,0.5556,0.4444,8,3,107,0,0,0,0,0,0,0,0,0,1.896,-12.647,-14.271,0.9464,0.9968,81.43
shard3_out_326,1,4,3,10,2,7,5,18,4.536,4.071,1,5.689,11.828,0.25,0.5,0.25,13,5,107,1,0,0,0,0,0,1,0,0,3.179,-13.337,-14.794,0.9578,0.9979,81.34
shard3_out_327,2,4,2,10,3,8,5,18,4.266,4.12,1,5.123,11.915,0.125,0.375,0.5,18,4,132,0,0,0,0,0,0,0,0,0,2.655,-12.323,-13.461,0.9686,0.9985,81.8
shard3_out_328,3,4,1,10,4,9,5,18,5.48,4.072,1,4.979,7.175,0.0,0.75,0.25,27,4,107,1,0,0,0,1,0,0,0,0,1.434,-12.815,-13.182,0.9825,0.9991,82.12
shard3_out_329,3,4,3,12,4,9,5,18,4.016,4.152,1,5.656,5.42,0.1,0.5,0.4,23,8,140,3,0,0,1,0,0,1,1,0,1.122,-12.604,-14.76,0.9637,0.9977,82.12
shard3_out_33,3,4,3,12,4,9,5,18,5.348,4.096,1,6.182,10.251,0.1,0.7,0.2,46,9,155,2,1,0,0,1,0,0,0,0,2.571,-12.648,-14.115,0.9713,0.9984,82.34
shard3_out_330,3,5,3,13,4,10,6,21,5.38,4.265,1,6.191,10.535,0.2727,0.6364,0.0909,33,11,150,3,1,0,0,1,0,1,0,0,2.472,-11.922,-14.215,0.9753,0.9984,82.98
shard3_out_331,3,6,2,13,4,11,7,24,4.547,4.089,1,5.793,11.047,0.0909,0.6364,0.2727,32,9,151,2,0,0,1,0,0,0,1,0,1.472,-12.024,-13.488,0.9565,0.9971,83.14
shard3_out_332,2,5,1,10,3,9,6,21,4.715,4.209,1,4.701,11.903,0.625,0.25,0.125,25,4,113,1,0,0,0,1,0,0,0,0,1.477,-12.926,-13.321,0.9781,0.9989,81.35
shard3_out_333,3,4,1,10,4,9,5,18,5.391,4.053,1,4.952,7.656,0.0,0.75,0.25,29,5,105,2,0,0,0,1,0,1,0,0,1.126,-12.343,-13.619,0.9767,0.9988,82.38
shard3_out_334,3,5,1,11,4,10,6,21,4.327,4.269,1,5.006,5.059,0.3333,0.6667,0.0,18,6,111,1,0,0,0,1,0,0,0,0,1.421,-11.878,-13.667,0.9784,0.9988,81.71
shard3_out_335,1,5,2,10,2,8,6,21,5.58,3.984,1,5.149,12.358,0.5,0.125,0.375,37,7,101,2,0,0,0,1,0,0,0,1,2.314,-12.484,-14.05,0.9741,0.9987,81.57
shard3_out_336,3,4,1,10,4,9,5,18,4.719,4.16,1,4.768,5.704,0.25,0.5,0.25,9,3,110,1,0,0,0,0,0,1,0,0,1.35,-11.81,-13.217,0.9587,0.9979,81.52
shard3_out_337,3,4,1,10,4,9,5,18,4.931,4.208,1,5.004,13.098,0.5,0.25,0.25,19,4,101,1,0,0,0,1,0,0,0,0,1.583,-12.621,-12.828,0.9716,0.9986,81.72
shard3_out_338,2,5,3,12,3,9,6,21,4.686,4.18,1,5.542,17.373,0.7,0.2,0.1,31,7,128,2,1,0,0,1,0,0,0,0,2.604,-13.266,-13.952,0.9679,0.9981,82.56
shard3_out_339,3,5,3,13,4,10,6,21,4.92,4.066,1,6.048,12.863,0.1818,0.3636,0.4545,30,9,142,2,1,0,1,0,0,0,0,0,2.806,-13.16,-14.644,0.9484,0.9966,83.52
shard3_out_34,1,5,2,10,2,8,6,21,4.694,4.136,1,4.748,11.551,0.5,0.25,0.25,30,5,99,2,0,0,0,1,0,1,0,0,2.124,-13.458,-14.302,0.9653,0.9981,81.74
shard3_out_340,1,6,2,11,2,9,7,24,5.665,3.942,1,5.913,13.378,0.2222,0.5556,0.2222,11,3,146,0,0,0,0,0,0,0,0,0,1.38,-11.642,-13.965,0.9515,0.9973,81.44
shard3_out_341,3,5,3,13,4,10,6,21,5.385,4.129,1,6.239,10.199,0.0909,0.6364,0.2727,52,11,146,3,1,0,0,1,0,1,0,0,1.881,-12.336,-14.452,0.9669,0.9979,83.35
shard3_out_342,2,4,1,9,3,8,5,18,4.444,4.17,1,4.292,11.041,0.5714,0.2857,0.1429,20,4,98,1,0,0,0,1,0,0,0,0,1.354,-12.131,-12.943,0.9792,0.999,80.61
shard3_out_343,3,6,3,14,4,11,7,24,5.313,4.329,1,5.953,15.709,0.9167,0.0,0.0833,25,8,155,1,0,0,0,0,0,1,0,0,2.321,-12.663,-14.001,0.9722,0.998,83.39
shard3_out_344,2,4,1,9,3,8,5,18,4.534,3.905,1,4.359,4.982,0.2857,0.4286,0.2857,8,3,83,0,0,0,0,0,0,0,0,0,1.616,-12.256,-13.702,0.9667,0.9984,80.54
shard3_out_345,1,5,3,11,2,8,6,21,4.547,4.147,1,6.11,12.802,0.3333,0.5556,0.1111,25,10,137,3,0,0,1,1,0,1,0,0,3.06,-12.35,-13.78,0.9597,0.9979,81.51
shard3_out_346,1,5,2,10,2,8,6,21,5.285,4.249,1,5.398,11.232,0.5,0.5,0.0,11,6,129,1,0,0,0,0,0,1,0,0,1.444,-11.692,-13.313,0.9803,0.9991,81.34
shard3_out_347,2,5,1,10,3,9,6,21,4.797,4.137,1,4.483,5.702,0.625,0.25,0.125,20,5,111,1,0,0,0,1,0,0,0,0,2.13,-13.186,-13.569,0.9756,0.9987,81.36
shard3_out_348,2,5,2,11,3,9,6,21,5.093,4.192,1,5.121,9.558,0.3333,0.5556,0.1111,15,4,123,0,0,0,0,0,0,0,0,0,1.904,-12.13,-13.64,0.9692,0.9984,81.56
shard3_out_349,3,4,3,12,4,9,5,18,4.525,4.004,1,6.038,12.875,0.2,0.3,0.5,17,8,142,2,0,0,0,1,0,1,0,0,2.661,-13.006,-14.929,0.9596,0.9977,82.12
shard3_out_35,3,5,3,13,4,10,6,21,4.338,4.014,1,5.911,6.281,0.0,0.4545,0.5455,11,6,125,0,0,0,0,0,0,0,0,0,2.101,-13.138,-14.341,0.9463,0.9963,84.01
shard3_out_350,2,4,1,9,3,8,5,18,4.855,4.241,1,4.386,10.521,0.5714,0.2857,0.1429,19,5,104,2,0,0,0,1,0,1,0,0,1.158,-11.987,-13.589,0.9823,0.9992,80.38
shard3_out_351,3,5,1,11,4,10,6,21,5.351,3.992,1,5.205,9.038,0.1111,0.6667,0.2222,27,4,118,1,0,0,0,1,0,0,0,0,1.117,-12.276,-13.619,0.9736,0.9985,81.45
shard3_out_352,2,6,2,12,3,10,7,24,5.575,4.135,1,5.748,8.784,0.1,0.6,0.3,14,8,167,1,1,0,0,0,0,0,0,0,1.202,-11.952,-12.908,0.9694,0.9982,82.08
shard3_out_353,3,4,3,12,4,9,5,18,4.723,4.401,1,5.623,10.792,0.3,0.2,0.5,27,9,113,2,1,0,0,1,0,0,0,0,2.512,-12.569,-15.482,0.9566,0.9973,82.27
shard3_out_354,1,6,3,12,2,9,7,24,4.623,4.106,1,5.397,11.962,0.6,0.3,0.1,19,6,115,1,0,0,0,1,0,0,0,0,3.915,-14.056,-15.245,0.9599,0.9975,81.96
shard3_out_355,1,5,2,10,2,8,6,21,4.996,4.127,1,5.071,12.476,0.5,0.375,0.125,28,6,126,2,0,0,0,1,0,1,0,0,2.411,-12.714,-13.883,0.9795,0.999,81.58
shard3_out_356,3,4,1,10,4,9,5,18,5.322,3.966,1,4.948,8.178,0.0,0.75,0.25,19,5,103,2,0,0,0,1,0,1,0,0,1.421,-12.336,-13.941,0.9782,0.9988,81.17
shard3_out_357,1,6,1,10,2,9,7,24,5.253,3.964,1,4.925,11.145,0.625,0.25,0.125,28,6,112,1,0,0,0,0,0,0,0,1,0.962,-11.238,-13.103,0.9765,0.9989,81.23
shard3_out_358,3,4,2,11,4,9,5,18,4.191,4.204,1,5.278,11.408,0.1111,0.4444,0.4444,16,5,132,1,0,0,0,0,0,0,1,0,2.264,-13.141,-14.298,0.9585,0.9978,81.43
shard3_out_359,3,5,1,11,4,10,6,21,5.362,4.147,1,5.223,6.87,0.2222,0.6667,0.1111,17,4,121,1,0,0,0,1,0,0,0,0,1.127,-12.19,-13.134,0.9741,0.9986,81.44
shard3_out_36,1,5,2,10,2,8,6,21,4.581,4.103,1,5.004,9.848,0.375,0.25,0.375,32,7,122,1,0,0,1,0,0,0,0,0,2.807,-13.327,-13.647,0.9682,0.9984,81.8
shard3_out_360,3,4,3,12,4,9,5,18,4.542,4.036,1,5.681,7.509,0.0,0.6,0.4,21,7,121,1,0,0,0,0,0,1,0,0,2.411,-12.919,-14.789,0.9616,0.9975,81.95
shard3_out_361,3,6,3,14,4,11,7,24,4.951,4.169,1,5.257,7.741,0.75,0.1667,0.0833,37,8,127,1,0,0,0,1,0,0,0,0,1.932,-13.146,-15.098,0.9667,0.9976,83.25
shard3_out_362,3,4,2,11,4,9,5,18,4.466,4.23,1,5.368,15.623,0.4444,0.2222,0.3333,28,9,132,3,1,0,0,1,0,1,0,0,1.678,-12.503,-13.848,0.9793,0.9989,81.39
shard3_out_363,2,4,3,11,3,8,5,18,4.776,3.988,1,5.451,9.0,0.3333,0.4444,0.2222,25,6,108,1,0,0,0,1,0,0,0,0,3.212,-13.157,-15.517,0.972,0.9984,81.55
shard3_out_364,1,5,3,11,2,8,6,21,4.264,3.942,1,5.923,8.822,0.3333,0.2222,0.4444,39,11,139,2,1,0,0,0,0,0,0,1,2.062,-11.787,-14.615,0.9572,0.9977,81.63
shard3_out_365,1,6,3,12,2,9,7,24,5.647,4.195,1,6.281,15.09,0.6,0.3,0.1,41,11,138,3,1,0,0,1,0,1,0,0,2.492,-11.613,-14.366,0.9673,0.9981,82.07
shard3_out_366,2,4,2,10,3,8,5,18,4.537,4.302,1,4.808,13.396,0.5,0.25,0.25,22,6,97,2,0,0,0,1,0,1,0,0,2.398,-13.022,-14.959,0.9603,0.9979,81.48
shard3_out_367,2,6,3,13,3,10,7,24,5.474,3.973,1,5.484,7.735,0.8182,0.1818,0.0,19,5,139,1,0,0,0,1,0,0,0,0,1.888,-12.411,-13.909,0.9611,0.9974,82.49
shard3_out_368,1,6,3,12,2,9,7,24,5.07,4.247,1,5.483,10.418,0.4,0.4,0.2,19,5,109,2,0,0,0,1,0,1,0,0,2.178,-12.961,-14.803,0.9704,0.9982,81.18
shard3_out_369,2,4,1,9,3,8,5,18,4.874,4.238,1,4.337,5.391,0.4286,0.1429,0.4286,2,2,90,0,0,0,0,0,0,0,0,0,1.15,-11.47,-13.739,0.9811,0.9992,79.41
shard3_out_37,3,4,3,12,4,9,5,18,5.07,4.275,1,6.142,12.767,0.1,0.6,0.3,34,8,132,1,1,0,0,0,0,0,0,0,2.313,-12.461,-14.584,0.9505,0.997,82.14
shard3_out_370,1,5,2,10,2,8,6,21,5.729,4.079,1,5.442,14.485,0.5,0.375,0.125,45,10,115,1,0,0,0,0,0,0,0,1,1.925,-11.556,-13.64,0.973,0.9986,80.58
shard3_out_371,1,4,2,9,2,7,5,18,4.809,4.181,1,4.982,12.212,0.2857,0.4286,0.2857,23,7,116,2,0,0,0,1,0,1,0,0,2.906,-13.101,-13.717,0.9582,0.9982,79.28
shard3_out_372,2,4,1,9,3,8,5,18,4.512,4.236,1,4.564,11.654,0.5714,0.1429,0.2857,16,4,110,1,0,0,0,1,0,0,0,0,1.655,-12.583,-12.939,0.9749,0.9989,79.24
shard3_out_373,2,6,3,13,3,10,7,24,5.05,4.094,1,5.802,9.434,0.6364,0.2727,0.0909,29,8,130,2,1,0,0,1,0,0,0,0,2.755,-13.368,-14.492,0.9665,0.9978,82.01
shard3_out_374,3,5,3,13,4,10,6,21,4.91,4.208,1,6.296,15.139,0.0,0.6364,0.3636,36,11,156,3,1,0,0,0,0,1,1,0,2.807,-12.431,-14.383,0.9715,0.9983,82.21
shard3_out_38,3,4,3,12,4,9,5,18,4.927,4.317,1,5.896,10.728,0.1,0.6,0.3,31,10,141,1,1,0,0,0,0,0,0,0,2.479,-12.626,-14.335,0.9501,0.9968,82.66
shard3_out_39,3,4,1,10,4,9,5,18,4.767,4.102,1,4.947,12.591,0.375,0.25,0.375,26,6,130,1,0,0,0,1,0,0,0,0,1.176,-12.362,-12.195,0.963,0.9983,81.38
shard3_out_4,3,4,1,10,4,9,5,18,5.618,4.07,1,4.933,5.556,0.0,0.75,0.25,21,4,103,1,0,0,0,1,0,0,0,0,1.605,-12.764,-13.47,0.9661,0.9982,81.68
shard3_out_40,2,5,3,12,3,9,6,21,3.901,3.94,1,5.521,7.769,0.0,0.5,0.5,13,9,132,1,0,0,1,0,0,0,0,0,1.547,-12.703,-13.645,0.9462,0.9966,82.09
shard3_out_41,2,6,1,11,3,10,7,24,5.454,4.242,1,4.815,7.563,0.4444,0.3333,0.2222,16,5,110,1,0,0,0,1,0,0,0,0,0.981,-12.62,-13.074,0.9723,0.9985,81.68
shard3_out_42,3,5,2,12,4,10,6,21,4.532,4.046,1,5.239,6.796,0.3,0.5,0.2,16,6,137,2,1,0,0,1,0,0,0,0,2.278,-12.579,-14.528,0.9679,0.9981,82.12
shard3_out_43,1,6,1,10,2,9,7,24,5.227,4.325,1,4.659,8.406,0.75,0.0,0.25,24,4,102,1,0,0,0,1,0,0,0,0,1.863,-13.357,-13.353,0.9673,0.9984,81.61
shard3_out_44,1,4,1,8,2,7,5,18,4.805,3.924,1,4.43,7.927,0.3333,0.5,0.1667,22,6,82,2,0,0,0,1,0,1,0,0,1.505,-12.394,-13.177,0.961,0.9985,80.0
shard3_out_45,1,4,2,9,2,7,5,18,4.78,4.31,1,4.892,9.123,0.2857,0.2857,0.4286,10,5,116,2,1,0,0,1,0,0,0,0,2.599,-12.644,-13.46,0.9642,0.9984,80.42
shard3_out_46,3,6,1,12,4,11,7,24,4.963,3.986,1,5.301,8.058,0.3,0.6,0.1,23,5,133,1,0,0,0,1,0,0,0,0,1.376,-11.971,-13.286,0.9771,0.9986,82.04
shard3_out_47,1,6,3,12,2,9,7,24,5.321,4.355,1,5.635,12.25,0.7,0.2,0.1,21,6,109,2,1,0,0,1,0,0,0,0,2.991,-13.185,-14.948,0.966,0.9979,82.14
shard3_out_48,3,6,2,13,4,11,7,24,4.618,4.075,1,5.472,15.01,0.3636,0.2727,0.3636,31,6,129,2,0,0,0,1,1,0,0,0,1.327,-13.327,-14.063,0.9601,0.9973,83.1
shard3_out_49,3,6,3,14,4,11,7,24,4.971,4.292,1,6.726,22.071,0.4167,0.3333,0.25,58,14,166,4,1,0,0,1,1,1,0,0,2.212,-12.507,-14.639,0.9589,0.9972,83.76
shard3_out_5,3,5,1,11,4,10,6,21,5.125,4.2,1,4.968,8.645,0.4444,0.2222,0.3333,20,6,115,1,0,0,0,0,0,0,1,0,1.142,-12.274,-14.657,0.9608,0.9979,81.6
shard3_out_50,2,6,3,13,3,10,7,24,5.733,4.127,1,6.126,10.734,0.3636,0.4545,0.1818,20,9,145,1,1,0,0,0,0,0,0,0,2.489,-12.467,-14.337,0.9627,0.9977,83.42
shard3_out_51,1,5,2,10,2,8,6,21,4.866,4.202,1,5.147,8.389,0.0,0.375,0.625,22,6,138,1,0,0,0,1,0,0,0,0,2.571,-12.608,-12.905,0.9588,0.998,81.41
shard3_out_52,1,5,3,11,2,8,6,21,4.857,4.262,1,6.192,11.558,0.0,0.5556,0.4444,30,10,134,2,1,0,0,1,0,0,0,0,3.111,-12.818,-14.005,0.9614,0.9979,81.55
shard3_out_53,3,5,3,13,4,10,6,21,4.838,4.018,1,5.203,7.669,0.5455,0.1818,0.2727,34,7,119,1,0,0,0,1,0,0,0,0,2.533,-13.365,-15.387,0.9458,0.9963,83.84
shard3_out_54,3,6,2,13,4,11,7,24,4.873,4.291,1,5.207,12.428,0.4545,0.3636,0.1818,26,8,145,2,1,0,0,1,0,0,0,0,1.871,-12.883,-14.123,0.9722,0.9982,83.02
shard3_out_55,2,6,1,11,3,10,7,24,5.574,4.39,1,4.734,6.579,0.3333,0.2222,0.4444,20,5,120,1,0,0,0,0,0,1,0,0,1.487,-12.326,-12.918,0.9537,0.9974,81.24
shard3_out_56,3,4,1,10,4,9,5,18,5.34,4.098,1,4.911,6.433,0.0,0.75,0.25,15,7,108,2,0,0,0,1,0,1,0,0,1.33,-11.679,-13.708,0.9739,0.9987,81.3
shard3_out_57,1,6,2,11,2,9,7,24,6.251,3.721,1,5.537,14.814,0.3333,0.2222,0.4444,42,9,106,2,0,0,0,1,0,0,0,1,2.204,-12.487,-13.679,0.9626,0.9978,81.63
shard3_out_58,1,5,2,10,2,8,6,21,4.517,4.062,1,4.717,10.004,0.75,0.25,0.0,27,5,100,2,0,0,0,1,0,1,0,0,2.851,-13.845,-14.708,0.9649,0.9982,81.3
shard3_out_59,3,4,1,10,4,9,5,18,5.607,4.273,1,5.052,8.536,0.0,0.75,0.25,33,5,115,1,0,0,0,1,0,0,0,0,1.35,-12.43,-13.456,0.9788,0.9989,81.3
shard3_out_6,3,6,2,13,4,11,7,24,5.253,4.464,1,5.226,9.634,0.5455,0.4545,0.0,24,8,137,2,0,0,0,1,0,1,0,0,1.604,-12.565,-14.573,0.9741,0.9983,83.03
shard3_out_60,3,5,3,13,4,10,6,21,4.493,3.908,1,5.924,6.979,0.4545,0.3636,0.1818,14,9,140,1,1,0,0,0,0,0,0,0,1.877,-12.765,-14.681,0.9537,0.9967,83.06
shard3_out_61,3,6,2,13,4,11,7,24,5.312,3.974,1,5.776,9.771,0.0909,0.6364,0.2727,39,11,172,4,1,0,0,1,1,1,0,0,0.923,-12.165,-13.602,0.9702,0.9981,83.2
shard3_out_62,3,5,1,11,4,10,6,21,4.28,3.873,1,5.364,5.304,0.0,0.7778,0.2222,19,5,103,0,0,0,0,0,0,0,0,0,1.038,-11.893,-13.342,0.9648,0.9979,81.48
shard3_out_63,1,4,1,8,2,7,5,18,4.369,4.099,1,4.247,6.582,0.3333,0.3333,0.3333,12,4,96,1,0,0,0,1,0,0,0,0,2.002,-12.971,-12.949,0.9703,0.9988,80.14
shard3_out_64,2,5,1,10,3,9,6,21,5.053,4.285,1,4.422,5.215,0.5,0.25,0.25,18,5,97,1,0,0,0,1,0,0,0,0,0.955,-12.207,-13.527,0.9822,0.9991,81.37
shard3_out_65,3,5,2,12,4,10,6,21,4.201,3.975,1,5.691,10.879,0.0,0.7,0.3,19,5,130,0,0,0,0,0,0,0,0,0,1.169,-12.063,-13.273,0.9589,0.9974,81.94
shard3_out_66,1,5,3,11,2,8,6,21,3.93,4.245,1,5.617,7.191,0.1111,0.4444,0.4444,18,5,114,0,0,0,0,0,0,0,0,0,1.945,-11.775,-13.456,0.9489,0.997,81.34
shard3_out_67,2,5,2,11,3,9,6,21,5.025,4.146,1,5.161,8.603,0.1111,0.5556,0.3333,12,6,134,1,1,0,0,0,0,0,0,0,1.738,-11.966,-13.867,0.9694,0.9983,81.41
shard3_out_68,1,5,2,10,2,8,6,21,4.67,4.13,1,4.787,10.205,0.625,0.125,0.25,27,4,101,1,0,0,0,1,0,0,0,0,2.347,-13.691,-14.401,0.9683,0.9984,81.33
shard3_out_69,1,4,3,10,2,7,5,18,4.221,3.942,1,4.965,9.96,0.375,0.375,0.25,30,6,133,1,0,0,0,1,0,0,0,0,3.432,-13.112,-13.845,0.9691,0.9985,81.82
shard3_out_7,2,6,2,12,3,10,7,24,4.766,4.233,1,5.387,8.457,0.4,0.4,0.2,19,7,141,2,0,0,1,0,0,1,0,0,1.664,-12.524,-12.974,0.9615,0.9977,82.05
shard3_out_70,1,5,2,10,2,8,6,21,4.606,4.03,1,5.094,11.865,0.125,0.5,0.375,36,8,130,2,1,0,0,1,0,0,0,0,3.024,-13.306,-13.303,0.9675,0.9986,81.97
shard3_out_71,2,4,3,11,3,8,5,18,4.913,4.165,1,5.845,10.508,0.0,0.7778,0.2222,28,6,108,2,1,0,0,1,0,0,0,0,2.443,-12.674,-14.761,0.9675,0.9982,81.52
shard3_out_72,3,6,2,13,4,11,7,24,5.46,4.491,1,6.101,19.317,0.6364,0.2727,0.0909,23,10,161,3,1,0,0,1,0,1,0,0,1.534,-12.138,-13.364,0.9565,0.9969,83.06
shard3_out_73,2,6,1,11,3,10,7,24,5.722,4.298,1,5.026,14.285,0.5556,0.2222,0.2222,8,3,115,0,0,0,0,0,0,0,0,0,0.652,-11.931,-12.853,0.9793,0.9989,81.38
shard3_out_74,1,5,1,9,2,8,6,21,4.308,4.102,1,4.498,7.216,0.5714,0.2857,0.1429,36,7,127,2,0,0,0,1,0,1,0,0,2.117,-13.11,-13.015,0.9754,0.9989,80.3
shard3_out_75,1,4,2,9,2,7,5,18,4.628,4.232,1,4.993,12.413,0.1429,0.2857,0.5714,24,7,114,1,0,0,0,1,0,0,0,0,3.111,-13.097,-13.698,0.9716,0.9988,80.19
shard3_out_76,2,6,3,13,3,10,7,24,4.959,3.924,1,6.257,9.994,0.3636,0.4545,0.1818,16,5,148,1,1,0,0,0,0,0,0,0,2.095,-12.396,-14.271,0.9608,0.9975,83.03
shard3_out_77,1,5,2,10,2,8,6,21,4.289,4.439,1,4.912,6.968,0.125,0.25,0.625,6,2,120,0,0,0,0,0,0,0,0,0,2.157,-12.152,-13.304,0.9645,0.9982,81.25
shard3_out_78,1,5,3,11,2,8,6,21,5.297,4.403,1,6.063,11.876,0.4444,0.5556,0.0,34,10,143,3,1,1,0,1,0,0,0,0,2.723,-12.218,-13.559,0.9663,0.9982,81.32
shard3_out_79,3,5,2,12,4,10,6,21,5.084,4.303,1,5.185,7.914,0.4,0.5,0.1,16,6,127,2,0,0,0,1,0,1,0,0,1.612,-12.211,-14.192,0.9756,0.9985,81.97
shard3_out_8,3,5,1,11,4,10,6,21,4.705,4.206,1,5.229,14.346,0.5556,0.3333,0.1111,40,8,143,2,0,0,0,1,1,0,0,0,1.263,-12.95,-13.32,0.9754,0.9987,81.57
shard3_out_80,2,5,2,11,3,9,6,21,4.638,4.139,1,4.929,13.004,0.7778,0.2222,0.0,23,6,106,1,0,0,0,1,0,0,0,0,2.093,-13.239,-14.54,0.9738,0.9985,81.41
shard3_out_81,1,6,2,11,2,9,7,24,4.965,4.228,1,5.203,11.272,0.5556,0.3333,0.1111,34,7,134,2,0,0,0,1,0,1,0,0,2.131,-13.132,-13.728,0.9712,0.9984,81.3
shard3_out_82,3,4,1,10,4,9,5,18,4.31,4.243,1,4.922,14.456,0.25,0.25,0.5,26,7,106,2,0,0,0,1,0,1,0,0,1.054,-12.37,-13.496,0.9593,0.998,81.47
shard3_out_83,1,4,1,8,2,7,5,18,5.208,4.244,1,4.538,7.415,0.0,0.6667,0.3333,2,1,82,0,0,0,0,0,0,0,0,0,1.031,-11.96,-13.159,0.9737,0.999,79.89
shard3_out_84,1,6,2,11,2,9,7,24,4.796,4.203,1,5.336,9.995,0.2222,0.2222,0.5556,19,6,139,1,0,0,0,1,0,0,0,0,2.131,-12.236,-12.758,0.9641,0.9982,81.49
shard3_out_85,2,6,2,12,3,10,7,24,5.164,4.164,1,5.019,11.609,0.7,0.2,0.1,35,7,125,2,0,0,0,1,0,1,0,0,2.111,-12.992,-14.307,0.9647,0.9978,82.07
shard3_out_86,2,4,1,9,3,8,5,18,4.705,4.229,1,4.727,10.567,0.2857,0.2857,0.4286,21,5,117,2,0,0,0,1,0,0,1,0,1.678,-12.943,-13.545,0.9704,0.9987,80.19
shard3_out_87,3,6,2,13,4,11,7,24,5.15,4.132,1,5.265,9.053,0.5455,0.3636,0.0909,22,8,148,2,1,0,0,1,0,0,0,0,2.613,-12.772,-13.836,0.9636,0.9975,82.95
shard3_out_88,2,6,1,11,3,10,7,24,5.439,4.171,1,4.964,7.63,0.2222,0.4444,0.3333,12,4,109,0,0,0,0,0,0,0,0,0,0.535,-12.388,-14.71,0.9644,0.998,81.49
shard3_out_89,2,6,3,13,3,10,7,24,5.169,3.986,1,6.308,9.871,0.2727,0.5455,0.1818,14,7,141,0,0,0,0,0,0,0,0,0,2.475,-12.03,-13.746,0.9696,0.998,83.25
shard3_out_9,1,4,1,8,2,7,5,18,4.608,4.132,1,4.416,7.939,0.0,0.3333,0.6667,16,4,98,0,0,0,0,0,0,0,0,0,2.572,-13.325,-12.51,0.9657,0.9987,80.12
shard3_out_90,2,6,2,12,3,10,7,24,5.249,4.232,1,5.26,11.394,0.6,0.3,0.1,22,8,112,3,1,0,0,1,0,1,0,0,2.628,-12.877,-14.721,0.957,0.9973,82.03
shard3_out_91,2,4,2,10,3,8,5,18,4.977,4.331,1,5.11,8.438,0.375,0.625,0.0,5,3,106,0,0,0,0,0,0,0,0,0,1.525,-11.703,-14.292,0.98,0.999,81.75
shard3_out_92,1,4,2,9,2,7,5,18,4.542,4.257,1,5.04,9.053,0.2857,0.5714,0.1429,13,4,114,0,0,0,0,0,0,0,0,0,2.823,-12.934,-13.707,0.9692,0.9987,80.2
shard3_out_93,3,6,3,14,4,11,7,24,5.146,4.182,1,5.793,15.947,0.75,0.1667,0.0833,26,5,138,0,0,0,0,0,0,0,0,0,1.97,-12.183,-14.304,0.9734,0.9982,83.29
shard3_out_94,1,4,2,9,2,7,5,18,4.639,4.39,1,4.737,9.183,0.1429,0.2857,0.5714,5,3,102,0,0,0,0,0,0,0,0,0,1.901,-11.727,-13.692,0.9719,0.9988,80.43
shard3_out_95,3,4,2,11,4,9,5,18,4.527,4.236,1,4.981,13.873,0.7778,0.1111,0.1111,17,4,108,1,0,0,0,1,0,0,0,0,1.473,-12.977,-13.89,0.9623,0.998,81.46
shard3_out_96,3,6,2,13,4,11,7,24,5.295,4.288,1,5.673,6.132,0.2727,0.4545,0.2727,32,8,140,1,0,0,0,1,0,0,0,0,1.333,-12.691,-13.762,0.956,0.997,82.98
shard3_out_97,2,5,1,10,3,9,6,21,4.208,4.312,1,4.922,3.775,0.25,0.5,0.25,27,6,112,1,0,0,0,0,0,0,0,1,1.608,-11.257,-13.445,0.9612,0.998,81.63
shard3_out_98,1,5,2,10,2,8,6,21,4.37,4.3,1,4.797,9.58,0.625,0.25,0.125,27,6,123,1,0,0,0,1,0,0,0,0,2.72,-13.213,-13.812,0.9874,0.9994,81.43
shard3_out_99,1,4,2,9,2,7,5,18,4.701,4.027,1,5.055,10.222,0.0,0.4286,0.5714,10,2,104,0,0,0,0,0,0,0,0,0,2.789,-13.308,-13.315,0.9582,0.9981,80.41
